Date,APTK
2016-01-04,13.412965774536133
2016-01-05,13.982104301452637
2016-01-06,13.812211990356445
2016-01-11,13.506406784057617
2016-01-12,13.71027660369873
2016-01-13,14.228446960449219
2016-01-14,14.143501281738281
2016-01-15,13.506406784057617
2016-01-18,13.48092269897461
2016-01-19,16.0293025970459
2016-01-20,14.364360809326172
2016-01-21,14.432317733764648
2016-01-22,14.559737205505371
2016-01-25,14.262426376342773
2016-01-26,14.211458206176758
2016-01-27,15.434679985046387
2016-01-28,16.22467613220215
2016-01-29,16.00381851196289
2016-02-01,15.978334426879883
2016-02-02,15.655538558959961
2016-02-03,16.00381851196289
2016-02-04,15.901883125305176
2016-02-05,15.715002059936523
2016-02-08,15.545109748840332
2016-02-09,15.392207145690918
2016-02-10,15.417691230773926
2016-02-11,15.188337326049805
2016-02-12,15.128873825073242
2016-02-15,15.035433769226074
2016-02-16,14.8655424118042
2016-02-17,14.746618270874023
2016-02-18,14.61070442199707
2016-02-19,14.372855186462402
2016-02-22,14.644682884216309
2016-02-24,14.491780281066895
2016-02-25,14.440812110900879
2016-02-26,14.415328025817871
2016-02-29,14.296403884887695
2016-03-01,14.126511573791504
2016-03-02,14.840058326721191
2016-03-03,14.72962760925293
2016-03-04,14.831563949584961
2016-03-07,15.10339069366455
2016-03-09,14.695650100708008
2016-03-10,14.797584533691406
2016-03-11,14.857047080993652
2016-03-14,14.857047080993652
2016-03-15,14.780595779418945
2016-03-16,14.831563949584961
2016-03-17,14.695650100708008
2016-03-18,14.61070442199707
2016-03-21,14.423823356628418
2016-03-22,14.500273704528809
2016-03-23,14.60221004486084
2016-03-24,14.559737205505371
2016-03-25,14.423823356628418
2016-03-28,14.381349563598633
2016-03-29,14.39833927154541
2016-03-30,14.483284950256348
2016-03-31,14.313392639160156
2016-04-01,14.270919799804688
2016-04-04,14.092534065246582
2016-04-05,13.982104301452637
2016-04-06,13.97360897064209
2016-04-07,13.97360897064209
2016-04-08,13.897157669067383
2016-04-11,15.570592880249023
2016-04-12,14.270919799804688
2016-04-13,14.101028442382812
2016-04-14,13.982104301452637
2016-04-15,14.016081809997559
2016-04-18,13.931136131286621
2016-04-19,13.582858085632324
2016-04-20,13.548879623413086
2016-04-21,13.472428321838379
2016-04-22,13.311031341552734
2016-04-25,13.22608470916748
2016-04-26,13.234580039978027
2016-04-27,12.792860984802246
2016-04-28,12.801355361938477
2016-04-29,12.843828201293945
2016-05-04,12.886301040649414
2016-05-05,12.7843656539917
2016-05-06,12.648452758789062
2016-05-10,12.359636306762695
2016-05-11,12.138776779174805
2016-05-12,12.121788024902344
2016-05-13,11.849961280822754
2016-05-16,11.7650146484375
2016-05-17,11.849961280822754
2016-05-18,11.807488441467285
2016-05-19,11.527166366577148
2016-05-20,11.374262809753418
2016-05-23,11.357274055480957
2016-05-24,11.425230979919434
2016-05-25,11.340285301208496
2016-05-26,11.263833045959473
2016-05-27,11.093941688537598
2016-05-30,11.034479141235352
2016-05-31,11.27232837677002
2016-06-01,11.110931396484375
2016-06-02,11.06845760345459
2016-06-03,11.238349914550781
2016-06-06,11.119424819946289
2016-06-07,10.907059669494629
2016-06-08,10.8475980758667
2016-06-09,10.8475980758667
2016-06-10,10.703189849853516
2016-06-14,10.32093334197998
2016-06-15,10.32093334197998
2016-06-16,10.10856819152832
2016-06-17,10.414374351501465
2016-06-20,10.202009201049805
2016-06-21,10.235986709594727
2016-06-22,10.32093334197998
2016-06-23,10.168030738830566
2016-06-24,10.066095352172852
2016-06-27,10.10856819152832
2016-06-28,10.10007381439209
2016-06-29,10.049105644226074
2016-06-30,9.88770866394043
2016-07-01,9.896203994750977
2016-07-04,9.930182456970215
2016-07-05,9.972655296325684
2016-07-06,10.023621559143066
2016-07-07,10.142546653747559
2016-07-08,10.202009201049805
2016-07-11,10.006632804870605
2016-07-12,9.998139381408691
2016-07-13,10.074589729309082
2016-07-14,9.904698371887207
2016-07-15,9.930182456970215
2016-07-18,9.802762985229492
2016-07-19,9.777278900146484
2016-07-20,9.870719909667969
2016-07-21,9.904698371887207
2016-07-22,10.09157943725586
2016-07-25,10.354911804199219
2016-07-26,10.38039493560791
2016-07-27,10.278459548950195
2016-07-28,10.422867774963379
2016-07-29,10.218997955322266
2016-08-01,10.083085060119629
2016-08-02,9.964159965515137
2016-08-03,9.938675880432129
2016-08-04,9.947171211242676
2016-08-05,9.964159965515137
2016-08-08,10.074589729309082
2016-08-09,10.023621559143066
2016-08-10,10.10007381439209
2016-08-11,10.10856819152832
2016-08-12,10.09157943725586
2016-08-15,10.754158020019531
2016-08-16,10.227493286132812
2016-08-17,10.11706256866455
2016-08-18,10.151041030883789
2016-08-19,10.049105644226074
2016-08-22,10.049105644226074
2016-08-23,10.193513870239258
2016-08-24,10.159536361694336
2016-08-25,10.057600975036621
2016-08-26,9.972655296325684
2016-08-29,9.938675880432129
2016-08-30,9.88770866394043
2016-08-31,10.057600975036621
2016-09-01,10.193513870239258
2016-09-02,10.142546653747559
2016-09-05,10.584786415100098
2016-09-06,10.476593971252441
2016-09-07,10.449545860290527
2016-09-08,10.088906288146973
2016-09-09,10.070874214172363
2016-09-12,10.115954399108887
2016-09-13,9.935633659362793
2016-09-14,9.935633659362793
2016-09-15,9.881538391113281
2016-09-16,10.02579402923584
2016-09-19,10.052842140197754
2016-09-20,10.188081741333008
2016-09-21,10.04382610321045
2016-09-22,9.872522354125977
2016-09-23,9.827442169189453
2016-09-26,9.953665733337402
2016-09-27,9.791378021240234
2016-09-28,9.710233688354492
2016-09-29,9.611058235168457
2016-09-30,9.43073844909668
2016-10-03,9.376642227172852
2016-10-04,9.268449783325195
2016-10-05,9.142226219177246
2016-10-06,9.565978050231934
2016-10-07,9.448769569396973
2016-10-10,9.674169540405273
2016-10-11,9.638106346130371
2016-10-12,9.574994087219238
2016-10-13,9.475817680358887
2016-10-14,9.250417709350586
2016-10-17,9.124194145202637
2016-10-18,9.142226219177246
2016-10-19,9.160258293151855
2016-10-20,9.142226219177246
2016-10-21,9.133210182189941
2016-10-24,9.15124225616455
2016-10-25,9.178290367126465
2016-10-26,9.556962013244629
2016-10-27,9.547945976257324
2016-10-28,9.565978050231934
2016-10-31,9.511881828308105
2016-11-01,9.565978050231934
2016-11-02,9.629090309143066
2016-11-03,9.574994087219238
2016-11-07,9.484833717346191
2016-11-08,9.475817680358887
2016-11-09,9.52089786529541
2016-11-10,9.593026161193848
2016-11-11,9.493849754333496
2016-11-14,9.448769569396973
2016-11-15,9.457785606384277
2016-11-16,9.475817680358887
2016-11-17,9.5028657913208
2016-11-18,9.773345947265625
2016-11-21,9.746297836303711
2016-11-22,9.565978050231934
2016-11-23,9.5028657913208
2016-11-24,9.403690338134766
2016-11-25,9.484833717346191
2016-11-28,9.43073844909668
2016-11-29,9.466801643371582
2016-11-30,9.466801643371582
2016-12-01,9.529913902282715
2016-12-02,9.556962013244629
2016-12-05,9.475817680358887
2016-12-06,9.41270637512207
2016-12-07,9.439753532409668
2016-12-08,9.41270637512207
2016-12-09,9.376642227172852
2016-12-12,9.367626190185547
2016-12-13,9.962681770324707
2016-12-14,9.773345947265625
2016-12-15,9.647122383117676
2016-12-16,9.556962013244629
2016-12-19,9.475817680358887
2016-12-20,9.448769569396973
2016-12-21,9.286481857299805
2016-12-22,9.268449783325195
2016-12-23,9.29549789428711
2016-12-26,9.286481857299805
2016-12-27,9.18730640411377
2016-12-28,9.16927433013916
2016-12-29,9.241401672363281
2016-12-30,9.29549789428711
2017-01-03,9.385658264160156
2017-01-04,9.385658264160156
2017-01-05,9.385658264160156
2017-01-06,9.376642227172852
2017-01-09,9.286481857299805
2017-01-10,9.304513931274414
2017-01-11,9.349594116210938
2017-01-12,9.304513931274414
2017-01-13,9.241401672363281
2017-01-16,9.250417709350586
2017-01-17,9.205337524414062
2017-01-18,9.214353561401367
2017-01-19,9.160258293151855
2017-01-20,9.133210182189941
2017-01-23,9.133210182189941
2017-01-24,9.241401672363281
2017-01-25,9.115178108215332
2017-01-26,9.15124225616455
2017-01-27,9.232385635375977
2017-01-30,9.15124225616455
2017-01-31,9.142226219177246
2017-02-01,9.142226219177246
2017-02-02,9.18730640411377
2017-02-03,9.15124225616455
2017-02-06,9.133210182189941
2017-02-07,9.223369598388672
2017-02-08,9.223369598388672
2017-02-09,9.18730640411377
2017-02-10,9.115178108215332
2017-02-13,9.115178108215332
2017-02-14,8.844697952270508
2017-02-15,8.655362129211426
2017-02-16,8.628314018249512
2017-02-17,9.061081886291504
2017-02-20,8.988953590393066
2017-02-21,8.92584228515625
2017-02-22,8.808633804321289
2017-02-24,8.79060173034668
2017-02-27,8.43897819519043
2017-02-28,8.141449928283691
2017-03-01,8.30373764038086
2017-03-02,8.17751407623291
2017-03-03,8.321769714355469
2017-03-06,8.240626335144043
2017-03-07,8.015226364135742
2017-03-09,7.311977863311768
2017-03-10,7.645569801330566
2017-03-13,7.5914740562438965
2017-03-14,7.889001846313477
2017-03-15,7.889001846313477
2017-03-16,7.889001846313477
2017-03-17,7.879985809326172
2017-03-20,8.1594820022583
2017-03-21,7.861954212188721
2017-03-22,7.898017883300781
2017-03-23,7.898017883300781
2017-03-24,7.861954212188721
2017-03-27,7.636553764343262
2017-03-28,7.627538204193115
2017-03-29,7.636553764343262
2017-03-30,7.600490093231201
2017-03-31,7.663601875305176
2017-04-03,7.5914740562438965
2017-04-04,7.555409908294678
2017-04-05,7.528361797332764
2017-04-06,7.519346237182617
2017-04-07,7.366074085235596
2017-04-10,7.095592975616455
2017-04-11,7.005433082580566
2017-04-12,6.762001037597656
2017-04-13,6.6447930335998535
2017-04-14,6.5366010665893555
2017-04-17,6.6447930335998535
2017-04-18,6.581680774688721
2017-04-19,6.491520881652832
2017-04-20,6.491520881652832
2017-04-21,6.554633140563965
2017-04-24,6.590696811676025
2017-04-25,6.590696811676025
2017-04-26,6.8341288566589355
2017-04-27,6.54561710357666
2017-04-28,6.527585029602051
2017-05-02,6.175961017608643
2017-05-03,6.130880832672119
2017-05-04,6.184977054595947
2017-05-05,6.30218505859375
2017-05-10,6.30218505859375
2017-05-11,6.2300567626953125
2017-05-12,6.266120910644531
2017-05-15,6.203009128570557
2017-05-16,6.013672828674316
2017-05-17,6.05875301361084
2017-05-18,5.9595770835876465
2017-05-19,6.085801124572754
2017-05-22,5.860401153564453
2017-05-23,5.680080890655518
2017-05-24,5.49976110458374
2017-05-25,5.265345096588135
2017-05-26,5.364521026611328
2017-05-29,5.427632808685303
2017-05-30,5.391569137573242
2017-05-31,5.2743611335754395
2017-06-01,5.445664882659912
2017-06-02,5.418616771697998
2017-06-05,5.662048816680908
2017-06-06,5.625985145568848
2017-06-07,5.9595770835876465
2017-06-08,5.79728889465332
2017-06-09,6.410377025604248
2017-06-13,7.239850044250488
2017-06-14,6.906257152557373
2017-06-15,6.987401008605957
2017-06-16,7.149689197540283
2017-06-19,7.1136250495910645
2017-06-20,7.293945789337158
2017-06-21,7.320993900299072
2017-06-22,7.384106159210205
2017-06-23,8.114401817321777
2017-06-26,8.114401817321777
2017-06-27,8.105385780334473
2017-06-28,8.204562187194824
2017-06-29,8.222594261169434
2017-06-30,8.213578224182129
2017-07-03,8.168498039245605
2017-07-04,8.204562187194824
2017-07-05,8.240626335144043
2017-07-06,8.258658409118652
2017-07-07,8.168498039245605
2017-07-10,8.294721603393555
2017-07-11,8.28570556640625
2017-07-12,7.889001846313477
2017-07-13,8.28570556640625
2017-07-14,8.43897819519043
2017-07-17,8.565201759338379
2017-07-18,8.357833862304688
2017-07-19,8.30373764038086
2017-07-20,8.204562187194824
2017-07-21,8.231610298156738
2017-07-24,8.141449928283691
2017-07-25,8.150465965270996
2017-07-26,8.114401817321777
2017-07-27,8.204562187194824
2017-07-28,8.051289558410645
2017-07-31,8.132433891296387
2017-08-01,8.249642372131348
2017-08-02,8.168498039245605
2017-08-03,8.19554615020752
2017-08-04,8.30373764038086
2017-08-07,8.267674446105957
2017-08-08,8.186530113220215
2017-08-09,8.240626335144043
2017-08-10,8.213578224182129
2017-08-11,8.087353706359863
2017-08-14,8.168498039245605
2017-08-15,8.17751407623291
2017-08-16,8.087353706359863
2017-08-17,8.1594820022583
2017-08-18,8.249642372131348
2017-08-21,8.204562187194824
2017-08-22,8.384881973266602
2017-08-23,8.637330055236816
2017-08-24,8.348817825317383
2017-08-25,8.30373764038086
2017-08-28,8.105385780334473
2017-08-29,8.114401817321777
2017-08-30,8.186530113220215
2017-08-31,8.240626335144043
2017-09-01,8.384881973266602
2017-09-04,8.321769714355469
2017-09-05,8.276689529418945
2017-09-06,8.348817825317383
2017-09-07,8.276689529418945
2017-09-08,8.213578224182129
2017-09-11,8.240626335144043
2017-09-12,8.249642372131348
2017-09-13,8.30373764038086
2017-09-14,8.1594820022583
2017-09-15,8.186530113220215
2017-09-18,8.222594261169434
2017-09-19,8.1594820022583
2017-09-20,8.051289558410645
2017-09-21,8.069321632385254
2017-09-22,8.114401817321777
2017-09-25,8.024242401123047
2017-09-26,8.114401817321777
2017-09-27,8.141449928283691
2017-09-28,8.19554615020752
2017-09-29,8.186530113220215
2017-10-02,8.132433891296387
2017-10-03,8.105385780334473
2017-10-04,8.150465965270996
2017-10-05,8.105385780334473
2017-10-06,8.123417854309082
2017-10-09,8.141449928283691
2017-10-10,8.114401817321777
2017-10-11,8.069321632385254
2017-10-12,8.114401817321777
2017-10-13,8.150465965270996
2017-10-16,8.042274475097656
2017-10-17,8.078337669372559
2017-10-18,8.051289558410645
2017-10-19,7.997193813323975
2017-10-20,8.024242401123047
2017-10-23,8.024242401123047
2017-10-24,7.879985809326172
2017-10-25,7.916049957275391
2017-10-26,7.879985809326172
2017-10-27,7.898017883300781
2017-10-30,7.879985809326172
2017-10-31,7.42918586730957
2017-11-01,7.573441982269287
2017-11-02,7.501314163208008
2017-11-03,7.546393871307373
2017-11-07,7.492298126220703
2017-11-08,7.474266052246094
2017-11-09,7.501314163208008
2017-11-10,7.501314163208008
2017-11-13,7.519346237182617
2017-11-14,7.483282089233398
2017-11-15,7.366074085235596
2017-11-16,7.483282089233398
2017-11-17,7.609506130218506
2017-11-20,7.564425945281982
2017-11-21,8.06030559539795
2017-11-22,7.925065994262695
2017-11-23,7.943098068237305
2017-11-24,7.943098068237305
2017-11-27,7.898017883300781
2017-11-28,8.015226364135742
2017-11-29,7.916049957275391
2017-11-30,7.825890064239502
2017-12-01,7.771793842315674
2017-12-04,7.870969772338867
2017-12-05,7.925065994262695
2017-12-06,7.907033920288086
2017-12-07,7.789825916290283
2017-12-08,7.7537617683410645
2017-12-11,7.807857990264893
2017-12-12,7.807857990264893
2017-12-13,7.825890064239502
2017-12-14,7.7808098793029785
2017-12-15,7.789825916290283
2017-12-18,7.744746208190918
2017-12-19,7.5103302001953125
2017-12-20,7.275914192199707
2017-12-21,7.330009937286377
2017-12-22,7.239850044250488
2017-12-25,7.339025974273682
2017-12-26,7.203784942626953
2017-12-27,7.122641086578369
2017-12-28,7.411153793334961
2017-12-29,7.834906101226807
2018-01-03,7.798841953277588
2018-01-04,7.744746208190918
2018-01-05,7.744746208190918
2018-01-09,7.663601875305176
2018-01-10,7.573441982269287
2018-01-11,7.636553764343262
2018-01-12,7.681633949279785
2018-01-15,7.6726179122924805
2018-01-16,7.663601875305176
2018-01-17,7.573441982269287
2018-01-18,7.681633949279785
2018-01-19,7.726714134216309
2018-01-22,7.7537617683410645
2018-01-24,7.6996660232543945
2018-01-25,7.6726179122924805
2018-01-26,7.6726179122924805
2018-01-29,7.645569801330566
2018-01-30,7.609506130218506
2018-01-31,7.501314163208008
2018-02-01,7.537377834320068
2018-02-02,7.483282089233398
2018-02-05,7.555409908294678
2018-02-06,7.44721794128418
2018-02-07,7.42918586730957
2018-02-08,7.44721794128418
2018-02-09,7.339025974273682
2018-02-12,7.4021382331848145
2018-02-13,7.366074085235596
2018-02-14,7.600490093231201
2018-02-15,7.420169830322266
2018-02-16,7.4021382331848145
2018-02-19,7.366074085235596
2018-02-20,7.4021382331848145
2018-02-21,7.438201904296875
2018-02-22,7.39312219619751
2018-02-26,7.465250015258789
2018-02-27,7.438201904296875
2018-02-28,7.357058048248291
2018-03-01,7.348042011260986
2018-03-02,7.293945789337158
2018-03-05,7.302961826324463
2018-03-06,7.284930229187012
2018-03-07,7.275914192199707
2018-03-09,7.302961826324463
2018-03-12,7.275914192199707
2018-03-13,7.230834007263184
2018-03-14,7.275914192199707
2018-03-15,7.239850044250488
2018-03-16,7.176736831665039
2018-03-19,7.203784942626953
2018-03-20,7.185752868652344
2018-03-21,7.149689197540283
2018-03-22,7.1136250495910645
2018-03-23,7.077560901641846
2018-03-26,6.960352897644043
2018-03-27,7.005433082580566
2018-03-28,6.734952926635742
2018-03-29,6.743968963623047
2018-03-30,6.743968963623047
2018-04-02,6.762001037597656
2018-04-03,6.500536918640137
2018-04-04,6.608728885650635
2018-04-05,6.626760959625244
2018-04-06,6.608728885650635
2018-04-09,6.1489129066467285
2018-04-10,6.248088836669922
2018-04-11,6.112849235534668
2018-04-12,6.175961017608643
2018-04-13,6.311201095581055
2018-04-16,6.175961017608643
2018-04-17,6.2300567626953125
2018-04-18,6.473488807678223
2018-04-19,6.383328914642334
2018-04-20,6.35628080368042
2018-04-23,6.500536918640137
2018-04-24,6.54561710357666
2018-04-25,6.518568992614746
2018-04-26,6.482504844665527
2018-04-27,6.35628080368042
2018-04-30,6.428409099578857
2018-05-02,6.383328914642334
2018-05-03,6.35628080368042
2018-05-04,6.374312877655029
2018-05-07,6.410377025604248
2018-05-08,6.338249206542969
2018-05-10,6.347264766693115
2018-05-11,6.320217132568359
2018-05-14,6.293169021606445
2018-05-15,6.275136947631836
2018-05-16,6.275136947631836
2018-05-17,6.248088836669922
2018-05-18,6.221041202545166
2018-05-21,6.257104873657227
2018-05-22,6.311201095581055
2018-05-23,6.464472770690918
2018-05-24,6.428409099578857
2018-05-25,6.311201095581055
2018-05-28,6.284152984619141
2018-05-29,6.275136947631836
2018-05-30,6.311201095581055
2018-05-31,6.275136947631836
2018-06-01,6.284152984619141
2018-06-04,6.266120910644531
2018-06-05,6.248088836669922
2018-06-06,6.284152984619141
2018-06-07,6.239072799682617
2018-06-08,6.103833198547363
2018-06-11,6.112849235534668
2018-06-13,5.932528972625732
2018-06-14,5.9866251945495605
2018-06-15,5.914496898651123
2018-06-18,5.6530327796936035
2018-06-19,5.391569137573242
2018-06-20,5.4907450675964355
2018-06-21,5.436648845672607
2018-06-22,5.580904960632324
2018-06-25,5.427632808685303
2018-06-26,5.454680919647217
2018-06-27,5.400585174560547
2018-06-28,5.283377170562744
2018-06-29,5.328456878662109
2018-07-02,5.238296985626221
2018-07-03,5.220264911651611
2018-07-04,5.229280948638916
2018-07-05,5.048961162567139
2018-07-06,5.057977199554443
2018-07-09,5.283377170562744
2018-07-10,5.229280948638916
2018-07-11,5.166169166564941
2018-07-12,5.148137092590332
2018-07-13,5.166169166564941
2018-07-16,5.175185203552246
2018-07-17,5.121088981628418
2018-07-18,5.094040870666504
2018-07-19,5.112072944641113
2018-07-20,4.9678168296813965
2018-07-23,4.931753158569336
2018-07-24,4.733400821685791
2018-07-25,4.616192817687988
2018-07-26,4.535048961639404
2018-07-27,4.444889068603516
2018-07-30,4.562097072601318
2018-07-31,4.643240928649902
2018-08-01,4.5260329246521
2018-08-02,4.634224891662598
2018-08-03,4.598161220550537
2018-08-06,4.625208854675293
2018-08-07,4.706353187561035
2018-08-08,4.544064998626709
2018-08-09,4.50800085067749
2018-08-10,4.589145183563232
2018-08-13,4.643240928649902
2018-08-14,4.625208854675293
2018-08-15,4.517016887664795
2018-08-16,4.562097072601318
2018-08-17,4.562097072601318
2018-08-20,4.571113109588623
2018-08-21,4.535048961639404
2018-08-22,4.535048961639404
2018-08-23,4.5260329246521
2018-08-24,4.50800085067749
2018-08-27,4.571113109588623
2018-08-28,4.616192817687988
2018-08-29,4.562097072601318
2018-08-30,4.4989848136901855
2018-08-31,4.859624862670898
2018-09-03,4.724384784698486
2018-09-04,4.760448932647705
2018-09-05,4.7514328956604
2018-09-06,5.050000190734863
2018-09-07,5.190000057220459
2018-09-10,5.079999923706055
2018-09-11,5.099999904632568
2018-09-12,5.170000076293945
2018-09-13,5.099999904632568
2018-09-14,5.099999904632568
2018-09-17,5.170000076293945
2018-09-18,5.139999866485596
2018-09-19,5.130000114440918
2018-09-20,5.139999866485596
2018-09-21,5.150000095367432
2018-09-24,5.230000019073486
2018-09-25,5.260000228881836
2018-09-26,5.230000019073486
2018-09-27,5.150000095367432
2018-09-28,5.139999866485596
2018-10-01,5.150000095367432
2018-10-02,5.179999828338623
2018-10-03,5.440000057220459
2018-10-04,5.340000152587891
2018-10-05,5.190000057220459
2018-10-08,5.139999866485596
2018-10-09,5.059999942779541
2018-10-10,5.070000171661377
2018-10-11,4.989999771118164
2018-10-12,5.019999980926514
2018-10-15,5.019999980926514
2018-10-16,4.980000019073486
2018-10-17,4.980000019073486
2018-10-18,5.0
2018-10-19,5.0
2018-10-22,4.989999771118164
2018-10-23,4.840000152587891
2018-10-24,4.840000152587891
2018-10-25,4.789999961853027
2018-10-26,4.579999923706055
2018-10-29,4.559999942779541
2018-10-30,4.53000020980835
2018-10-31,4.610000133514404
2018-11-01,4.639999866485596
2018-11-02,4.610000133514404
2018-11-06,4.605000019073486
2018-11-07,4.724999904632568
2018-11-08,4.65500020980835
2018-11-09,4.625
2018-11-12,4.590000152587891
2018-11-13,4.585000038146973
2018-11-14,4.554999828338623
2018-11-15,4.554999828338623
2018-11-16,4.565000057220459
2018-11-19,4.545000076293945
2018-11-20,4.5
2018-11-21,4.550000190734863
2018-11-22,4.539999961853027
2018-11-23,4.5
2018-11-26,4.434999942779541
2018-11-27,4.409999847412109
2018-11-28,4.394999980926514
2018-11-29,4.425000190734863
2018-11-30,4.474999904632568
2018-12-03,4.485000133514404
2018-12-04,4.434999942779541
2018-12-05,4.425000190734863
2018-12-06,4.349999904632568
2018-12-07,4.309999942779541
2018-12-10,4.184999942779541
2018-12-11,4.184999942779541
2018-12-12,4.130000114440918
2018-12-13,3.9600000381469727
2018-12-14,4.449999809265137
2018-12-17,4.269999980926514
2018-12-18,4.230000019073486
2018-12-19,4.445000171661377
2018-12-20,4.525000095367432
2018-12-21,4.670000076293945
2018-12-24,4.920000076293945
2018-12-25,4.869999885559082
2018-12-26,4.820000171661377
2018-12-27,4.849999904632568
2018-12-28,4.940000057220459
2019-01-03,5.074999809265137
2019-01-04,5.139999866485596
2019-01-08,5.110000133514404
2019-01-09,5.380000114440918
2019-01-10,5.75
2019-01-11,5.574999809265137
2019-01-14,5.545000076293945
2019-01-15,5.474999904632568
2019-01-16,5.230000019073486
2019-01-17,5.190000057220459
2019-01-18,5.034999847412109
2019-01-21,4.96999979019165
2019-01-22,5.059999942779541
2019-01-23,5.034999847412109
2019-01-24,4.894999980926514
2019-01-25,4.929999828338623
2019-01-28,4.914999961853027
2019-01-29,4.929999828338623
2019-01-30,4.949999809265137
2019-01-31,4.949999809265137
2019-02-01,4.929999828338623
2019-02-04,4.942999839782715
2019-02-05,4.920000076293945
2019-02-06,4.86899995803833
2019-02-07,4.869999885559082
2019-02-08,5.498000144958496
2019-02-11,5.468999862670898
2019-02-12,5.3429999351501465
2019-02-13,5.204999923706055
2019-02-14,5.107999801635742
2019-02-15,5.118000030517578
2019-02-18,5.295000076293945
2019-02-19,5.343999862670898
2019-02-20,5.311999797821045
2019-02-21,5.255000114440918
2019-02-22,5.197000026702881
2019-02-25,5.216000080108643
2019-02-26,5.192999839782715
2019-02-27,5.135000228881836
2019-02-28,5.139999866485596
2019-03-01,5.135000228881836
2019-03-04,5.156000137329102
2019-03-05,5.118000030517578
2019-03-06,5.10699987411499
2019-03-07,5.09499979019165
2019-03-11,5.046999931335449
2019-03-12,4.941999912261963
2019-03-13,4.922999858856201
2019-03-14,4.991000175476074
2019-03-15,5.0
2019-03-18,4.994999885559082
2019-03-19,4.994999885559082
2019-03-20,5.0229997634887695
2019-03-21,5.0279998779296875
2019-03-22,5.039999961853027
2019-03-25,5.039999961853027
2019-03-26,4.999000072479248
2019-03-27,4.997000217437744
2019-03-28,4.994999885559082
2019-03-29,4.986000061035156
2019-04-01,4.984000205993652
2019-04-02,4.994999885559082
2019-04-03,4.989999771118164
2019-04-04,5.014999866485596
2019-04-05,4.99399995803833
2019-04-08,4.800000190734863
2019-04-09,4.693999767303467
2019-04-10,4.696000099182129
2019-04-11,4.690999984741211
2019-04-12,4.698999881744385
2019-04-15,4.693999767303467
2019-04-16,4.544000148773193
2019-04-17,4.52400016784668
2019-04-18,4.53000020980835
2019-04-19,4.5229997634887695
2019-04-22,4.5269999504089355
2019-04-23,4.593999862670898
2019-04-24,4.5879998207092285
2019-04-25,4.564000129699707
2019-04-26,4.571000099182129
2019-04-29,4.519000053405762
2019-04-30,4.577000141143799
2019-05-02,4.589000225067139
2019-05-03,4.821000099182129
2019-05-06,4.965000152587891
2019-05-07,4.936999797821045
2019-05-08,5.034999847412109
2019-05-10,4.925000190734863
2019-05-13,4.798999786376953
2019-05-14,4.650000095367432
2019-05-15,4.6479997634887695
2019-05-16,4.684000015258789
2019-05-17,4.665999889373779
2019-05-20,4.758999824523926
2019-05-21,4.800000190734863
2019-05-22,4.890999794006348
2019-05-23,4.940000057220459
2019-05-24,4.951000213623047
2019-05-27,4.949999809265137
2019-05-28,4.925000190734863
2019-05-29,4.952000141143799
2019-05-30,4.951000213623047
2019-05-31,4.999000072479248
2019-06-03,4.986000061035156
2019-06-04,4.986000061035156
2019-06-05,5.01800012588501
2019-06-06,5.002999782562256
2019-06-07,5.068999767303467
2019-06-10,5.0
2019-06-11,5.019000053405762
2019-06-13,5.138999938964844
2019-06-14,5.084000110626221
2019-06-17,5.2220001220703125
2019-06-18,5.551000118255615
2019-06-19,8.076000213623047
2019-06-20,8.4399995803833
2019-06-21,8.850000381469727
2019-06-24,10.0
2019-06-25,11.899999618530273
2019-06-26,12.0
2019-06-27,12.25
2019-06-28,12.25
2019-07-01,11.380000114440918
2019-07-02,11.25
2019-07-03,10.958999633789062
2019-07-04,11.970000267028809
2019-07-05,11.432000160217285
2019-07-08,12.050000190734863
2019-07-09,12.156000137329102
2019-07-10,11.668999671936035
2019-07-11,11.62399959564209
2019-07-12,11.586999893188477
2019-07-15,11.043000221252441
2019-07-16,10.996999740600586
2019-07-17,10.98900032043457
2019-07-18,10.951000213623047
2019-07-19,10.979999542236328
2019-07-22,10.99899959564209
2019-07-23,10.920000076293945
2019-07-24,10.9350004196167
2019-07-25,11.85200023651123
2019-07-26,11.70300006866455
2019-07-29,11.843000411987305
2019-07-30,11.949999809265137
2019-07-31,12.0
2019-08-01,11.70199966430664
2019-08-02,11.418999671936035
2019-08-05,11.899999618530273
2019-08-06,11.711000442504883
2019-08-07,11.829999923706055
2019-08-08,11.899999618530273
2019-08-09,11.809000015258789
2019-08-12,11.70300006866455
2019-08-13,11.482000350952148
2019-08-14,11.395999908447266
2019-08-15,11.317000389099121
2019-08-16,11.218000411987305
2019-08-19,11.368000030517578
2019-08-20,11.411999702453613
2019-08-21,11.420000076293945
2019-08-22,11.359000205993652
2019-08-23,11.369000434875488
2019-08-26,11.498000144958496
2019-08-27,11.383000373840332
2019-08-28,11.444999694824219
2019-08-29,11.42300033569336
2019-08-30,11.45300006866455
2019-09-02,11.517999649047852
2019-09-03,11.4350004196167
2019-09-04,11.378999710083008
2019-09-05,11.319999694824219
2019-09-06,11.376999855041504
2019-09-09,11.460000038146973
2019-09-10,11.307000160217285
2019-09-11,11.300000190734863
2019-09-12,11.279999732971191
2019-09-13,11.286999702453613
2019-09-16,11.319999694824219
2019-09-17,11.265999794006348
2019-09-18,11.23900032043457
2019-09-19,11.755000114440918
2019-09-20,11.649999618530273
2019-09-23,12.199999809265137
2019-09-24,12.14900016784668
2019-09-25,11.902000427246094
2019-09-26,12.170000076293945
2019-09-27,12.206000328063965
2019-09-30,12.282999992370605
2019-10-01,12.20300006866455
2019-10-02,12.128999710083008
2019-10-03,11.916999816894531
2019-10-04,11.972000122070312
2019-10-07,11.770000457763672
2019-10-08,11.76200008392334
2019-10-09,12.0
2019-10-10,11.951000213623047
2019-10-11,11.781000137329102
2019-10-14,11.819000244140625
2019-10-15,11.824999809265137
2019-10-16,11.930000305175781
2019-10-17,11.86400032043457
2019-10-18,11.880999565124512
2019-10-21,11.871000289916992
2019-10-22,11.918000221252441
2019-10-23,11.847000122070312
2019-10-24,11.840999603271484
2019-10-25,11.864999771118164
2019-10-28,11.859999656677246
2019-10-29,11.925999641418457
2019-10-30,11.937999725341797
2019-10-31,12.038999557495117
2019-11-01,11.954000473022461
2019-11-05,11.913999557495117
2019-11-06,11.930000305175781
2019-11-07,11.86400032043457
2019-11-08,11.878000259399414
2019-11-11,11.899999618530273
2019-11-12,11.920000076293945
2019-11-13,11.824000358581543
2019-11-14,11.899999618530273
2019-11-15,11.880000114440918
2019-11-18,11.892000198364258
2019-11-19,11.920000076293945
2019-11-20,11.869999885559082
2019-11-21,11.923999786376953
2019-11-22,11.930000305175781
2019-11-25,11.9399995803833
2019-11-26,11.932000160217285
2019-11-27,11.85200023651123
2019-11-28,11.932000160217285
2019-11-29,12.470000267028809
2019-12-02,12.163999557495117
2019-12-03,12.270000457763672
2019-12-04,12.144000053405762
2019-12-05,12.140000343322754
2019-12-06,12.020000457763672
2019-12-09,11.954000473022461
2019-12-10,11.984000205993652
2019-12-11,11.90999984741211
2019-12-12,11.961999893188477
2019-12-13,11.930000305175781
2019-12-16,12.003999710083008
2019-12-17,11.930000305175781
2019-12-18,11.937999725341797
2019-12-19,11.911999702453613
2019-12-20,11.930000305175781
2019-12-23,11.949999809265137
2019-12-24,11.947999954223633
2019-12-25,12.109999656677246
2019-12-26,12.281999588012695
2019-12-27,12.170000076293945
2019-12-30,12.289999961853027
2020-01-03,12.086000442504883
2020-01-06,12.01200008392334
2020-01-08,12.045999526977539
2020-01-09,12.055999755859375
2020-01-10,12.001999855041504
2020-01-13,11.98799991607666
2020-01-14,12.02400016784668
2020-01-15,11.989999771118164
2020-01-16,11.9399995803833
2020-01-17,11.998000144958496
2020-01-20,12.001999855041504
2020-01-21,12.001999855041504
2020-01-22,12.09000015258789
2020-01-23,12.961999893188477
2020-01-24,12.770000457763672
2020-01-27,13.079999923706055
2020-01-28,13.0
2020-01-29,13.029999732971191
2020-01-30,13.093999862670898
2020-01-31,12.923999786376953
2020-02-03,12.817999839782715
2020-02-04,12.630000114440918
2020-02-05,12.680000305175781
2020-02-06,12.755999565124512
2020-02-07,12.755999565124512
2020-02-10,12.680000305175781
2020-02-11,12.619999885559082
2020-02-12,12.425999641418457
2020-02-13,12.300000190734863
2020-02-14,12.281999588012695
2020-02-17,12.460000038146973
2020-02-18,12.080537796020508
2020-02-19,12.121734619140625
2020-02-20,12.151161193847656
2020-02-21,12.113887786865234
2020-02-25,12.045226097106934
2020-02-26,11.764694213867188
2020-02-27,11.421384811401367
2020-02-28,11.91771125793457
2020-03-02,12.192358016967773
2020-03-03,12.261019706726074
2020-03-04,12.459157943725586
2020-03-05,12.898592948913574
2020-03-06,11.898094177246094
2020-03-10,10.597444534301758
2020-03-11,10.685724258422852
2020-03-12,9.687187194824219
2020-03-13,9.687187194824219
2020-03-16,9.687187194824219
2020-03-17,10.299257278442383
2020-03-18,11.9628324508667
2020-03-19,11.686223030090332
2020-03-20,12.359107971191406
2020-03-23,13.732341766357422
2020-03-24,13.290946006774902
2020-03-25,13.11046314239502
2020-03-26,13.536166191101074
2020-03-27,13.045724868774414
2020-03-30,13.804927825927734
2020-03-31,13.912824630737305
2020-04-01,13.634254455566406
2020-04-02,13.416499137878418
2020-04-03,13.33410358428955
2020-04-06,13.33998966217041
2020-04-07,13.151659965515137
2020-04-08,13.188934326171875
2020-04-09,12.91624927520752
2020-04-10,12.708301544189453
2020-04-13,12.957446098327637
2020-04-14,12.945674896240234
2020-04-15,12.928018569946289
2020-04-16,12.959407806396484
2020-04-17,12.900554656982422
2020-04-20,12.880936622619629
2020-04-21,12.65533447265625
2020-04-22,13.094768524169922
2020-04-23,13.359606742858887
2020-04-24,13.536166191101074
2020-04-27,13.83043098449707
2020-04-28,13.724494934082031
2020-04-29,13.68722152709961
2020-04-30,13.753922462463379
2020-05-04,13.64013957977295
2020-05-05,13.732341766357422
2020-05-06,13.61463737487793
2020-05-07,13.510663032531738
2020-05-08,13.33998966217041
2020-05-12,13.236016273498535
2020-05-13,13.045724868774414
2020-05-14,12.998642921447754
2020-05-15,13.094768524169922
2020-05-18,13.153621673583984
2020-05-19,13.438077926635742
2020-05-20,13.657794952392578
2020-05-21,13.52635669708252
2020-05-22,13.602866172790527
2020-05-25,13.628369331359863
2020-05-26,13.683298110961914
2020-05-27,13.634254455566406
2020-05-28,13.563631057739258
2020-05-29,13.373339653015137
2020-06-01,13.253671646118164
2020-06-02,13.795119285583496
2020-06-03,13.638177871704102
2020-06-04,13.520471572875977
2020-06-05,13.493006706237793
2020-06-08,13.500853538513184
2020-06-09,13.390995979309082
2020-06-10,13.512624740600586
2020-06-11,13.683298110961914
2020-06-15,13.449848175048828
2020-06-16,13.498892784118652
2020-06-17,13.528319358825684
2020-06-18,13.494969367980957
2020-06-19,13.583248138427734
2020-06-22,13.489084243774414
2020-06-23,13.530281066894531
2020-06-25,13.673489570617676
2020-06-26,13.789234161376953
2020-06-29,13.7225341796875
2020-06-30,14.026606559753418
2020-07-02,13.744112968444824
2020-07-03,13.810812950134277
2020-07-06,13.889283180236816
2020-07-07,13.826506614685059
2020-07-08,13.797080993652344
2020-07-09,13.746074676513672
2020-07-10,13.602866172790527
2020-07-13,13.449848175048828
2020-07-14,13.585209846496582
2020-07-15,13.222284317016602
2020-07-16,13.200704574584961
2020-07-17,13.173239707946777
2020-07-20,13.216399192810059
2020-07-21,13.373339653015137
2020-07-22,13.322334289550781
2020-07-23,13.300753593444824
2020-07-24,13.288984298706055
2020-07-27,13.259556770324707
2020-07-28,13.253671646118164
2020-07-29,13.255634307861328
2020-07-30,13.269366264343262
2020-07-31,13.359999656677246
2020-08-03,13.420000076293945
2020-08-04,13.42199993133545
2020-08-05,13.355999946594238
2020-08-06,13.399999618530273
2020-08-07,13.284000396728516
2020-08-10,13.432000160217285
2020-08-11,13.470000267028809
2020-08-12,13.484000205993652
2020-08-13,13.588000297546387
2020-08-14,13.435999870300293
2020-08-17,13.407999992370605
2020-08-18,13.40999984741211
2020-08-19,13.418000221252441
2020-08-20,13.416000366210938
2020-08-21,13.399999618530273
2020-08-24,13.407999992370605
2020-08-25,13.404000282287598
2020-08-26,13.413999557495117
2020-08-27,13.447999954223633
2020-08-28,13.454000473022461
2020-08-31,13.413999557495117
2020-09-01,13.47599983215332
2020-09-02,13.45199966430664
2020-09-03,13.428000450134277
2020-09-04,13.418000221252441
2020-09-07,13.413999557495117
2020-09-08,13.413999557495117
2020-09-09,13.458000183105469
2020-09-10,13.404000282287598
2020-09-11,13.4399995803833
2020-09-14,13.416000366210938
2020-09-15,13.4399995803833
2020-09-16,13.411999702453613
2020-09-17,13.423999786376953
2020-09-18,13.418000221252441
2020-09-21,14.045999526977539
2020-09-22,13.718000411987305
2020-09-23,13.494000434875488
2020-09-24,13.600000381469727
2020-09-25,13.642000198364258
2020-09-28,13.592000007629395
2020-09-29,13.862000465393066
2020-09-30,14.329999923706055
2020-10-01,13.979999542236328
2020-10-02,13.793999671936035
2020-10-05,14.057999610900879
2020-10-06,13.930000305175781
2020-10-07,13.71399974822998
2020-10-08,13.996000289916992
2020-10-09,14.079999923706055
2020-10-12,13.991999626159668
2020-10-13,14.013999938964844
2020-10-14,13.899999618530273
2020-10-15,13.899999618530273
2020-10-16,13.899999618530273
2020-10-19,13.979999542236328
2020-10-20,14.001999855041504
2020-10-21,13.958000183105469
2020-10-22,13.935999870300293
2020-10-23,13.923999786376953
2020-10-26,13.928000450134277
2020-10-27,13.920000076293945
2020-10-28,13.612000465393066
2020-10-29,13.498000144958496
2020-10-30,13.791999816894531
2020-11-02,13.789999961853027
2020-11-03,13.685999870300293
2020-11-05,13.65999984741211
2020-11-06,13.616000175476074
2020-11-09,13.729999542236328
2020-11-10,13.684000015258789
2020-11-11,13.656000137329102
2020-11-12,13.538000106811523
2020-11-13,13.600000381469727
2020-11-16,13.631999969482422
2020-11-17,13.675999641418457
2020-11-18,13.649999618530273
2020-11-19,13.64799976348877
2020-11-20,13.619999885559082
2020-11-23,13.633999824523926
2020-11-24,13.517999649047852
2020-11-25,13.458000183105469
2020-11-26,13.550000190734863
2020-11-27,13.482000350952148
2020-11-30,13.501999855041504
2020-12-01,13.513999938964844
2020-12-02,13.513999938964844
2020-12-03,13.541999816894531
2020-12-04,13.494000434875488
2020-12-07,13.45199966430664
2020-12-08,13.4399995803833
2020-12-09,13.42199993133545
2020-12-10,13.432000160217285
2020-12-11,13.432000160217285
2020-12-14,13.430000305175781
2020-12-15,13.420000076293945
2020-12-16,13.40999984741211
2020-12-17,13.442000389099121
2020-12-18,13.399999618530273
2020-12-21,13.550000190734863
2020-12-22,13.550000190734863
2020-12-23,13.527999877929688
2020-12-24,13.53600025177002
2020-12-25,13.630000114440918
2020-12-28,13.795999526977539
2020-12-29,13.744000434875488
2020-12-30,14.050000190734863
2021-01-04,13.932000160217285
2021-01-05,13.75
2021-01-06,13.75
2021-01-08,13.75
2021-01-11,13.760000228881836
2021-01-12,13.751999855041504
2021-01-13,13.630000114440918
2021-01-14,13.53600025177002
2021-01-15,13.510000228881836
2021-01-18,13.760000228881836
2021-01-19,13.465999603271484
2021-01-20,13.494000434875488
2021-01-21,13.470000267028809
2021-01-22,13.460000038146973
2021-01-25,13.428000450134277
2021-01-26,13.60200023651123
2021-01-27,13.571999549865723
2021-01-28,13.616000175476074
2021-01-29,13.449999809265137
2021-02-01,13.407999992370605
2021-02-02,13.46399974822998
2021-02-03,13.407999992370605
2021-02-04,13.508000373840332
2021-02-05,13.472000122070312
2021-02-08,13.550000190734863
2021-02-09,13.51200008392334
2021-02-10,13.460000038146973
2021-02-11,13.53600025177002
2021-02-12,13.449999809265137
2021-02-15,13.47599983215332
2021-02-16,13.45199966430664
2021-02-17,13.40999984741211
2021-02-18,13.520000457763672
2021-02-19,13.486000061035156
2021-02-22,13.517999649047852
2021-02-24,13.442000389099121
2021-02-25,13.437999725341797
2021-02-26,13.4399995803833
2021-03-01,13.704000473022461
2021-03-02,13.720000267028809
2021-03-03,13.673999786376953
2021-03-04,13.550000190734863
2021-03-05,13.531999588012695
2021-03-09,13.520000457763672
2021-03-10,13.505999565124512
2021-03-11,13.581999778747559
2021-03-12,13.720000267028809
2021-03-15,13.678000450134277
2021-03-16,13.619999885559082
2021-03-17,13.517999649047852
2021-03-18,13.486000061035156
2021-03-19,13.529999732971191
2021-03-22,13.522000312805176
2021-03-23,13.470000267028809
2021-03-24,13.496000289916992
2021-03-25,13.510000228881836
2021-03-26,13.479999542236328
2021-03-29,13.5
2021-03-30,14.100000381469727
2021-03-31,14.1899995803833
2021-04-01,14.17199993133545
2021-04-02,14.208000183105469
2021-04-05,14.140000343322754
2021-04-06,14.178000450134277
2021-04-07,14.031999588012695
2021-04-08,14.017999649047852
2021-04-09,13.807999610900879
2021-04-12,13.710000038146973
2021-04-13,13.79800033569336
2021-04-14,13.802000045776367
2021-04-15,13.802000045776367
2021-04-16,13.866000175476074
2021-04-19,13.826000213623047
2021-04-20,13.630000114440918
2021-04-21,13.649999618530273
2021-04-22,13.746000289916992
2021-04-23,13.699999809265137
2021-04-26,13.631999969482422
2021-04-27,13.821999549865723
2021-04-28,13.973999977111816
2021-04-29,13.90999984741211
2021-04-30,13.880000114440918
2021-05-04,13.805999755859375
2021-05-05,13.8100004196167
2021-05-06,13.892000198364258
2021-05-07,13.82800006866455
2021-05-10,13.79800033569336
2021-05-11,13.612000465393066
2021-05-12,13.692000389099121
2021-05-13,13.62399959564209
2021-05-14,13.850000381469727
2021-05-17,13.739999771118164
2021-05-18,13.649999618530273
2021-05-19,13.644000053405762
2021-05-20,13.6899995803833
2021-05-21,13.649999618530273
2021-05-24,13.62600040435791
2021-05-25,13.685999870300293
2021-05-26,13.645999908447266
2021-05-27,13.708000183105469
2021-05-28,13.673999786376953
2021-05-31,13.673999786376953
2021-06-01,13.800000190734863
2021-06-02,13.758000373840332
2021-06-03,13.779999732971191
2021-06-04,13.760000228881836
2021-06-07,13.819999694824219
2021-06-08,13.819999694824219
2021-06-09,13.692000389099121
2021-06-10,13.755999565124512
2021-06-11,13.826000213623047
2021-06-14,13.899999618530273
2021-06-15,13.711999893188477
2021-06-16,13.767999649047852
2021-06-17,13.722000122070312
2021-06-18,13.741999626159668
2021-06-21,13.633999824523926
2021-06-22,13.668000221252441
2021-06-23,13.630000114440918
2021-06-24,13.588000297546387
2021-06-25,13.513999938964844
2021-06-28,13.527999877929688
2021-06-29,13.531999588012695
2021-06-30,13.920000076293945
2021-07-01,13.682000160217285
2021-07-02,13.696000099182129
2021-07-05,13.699999809265137
2021-07-06,13.65999984741211
2021-07-07,13.65999984741211
2021-07-08,13.515999794006348
2021-07-09,13.543999671936035
2021-07-12,13.503999710083008
2021-07-13,13.510000228881836
2021-07-14,13.51200008392334
2021-07-15,13.529999732971191
2021-07-16,13.545999526977539
2021-07-19,13.39799976348877
2021-07-20,13.336000442504883
2021-07-21,13.40999984741211
2021-07-22,13.494000434875488
2021-07-23,13.543999671936035
2021-07-26,13.430000305175781
2021-07-27,13.411999702453613
2021-07-28,13.34000015258789
2021-07-29,13.434000015258789
2021-07-30,13.326000213623047
2021-08-02,13.407999992370605
2021-08-03,13.515999794006348
2021-08-04,13.498000144958496
2021-08-05,13.458000183105469
2021-08-06,13.395999908447266
2021-08-09,13.729999542236328
2021-08-10,13.503999710083008
2021-08-11,13.680000305175781
2021-08-12,13.923999786376953
2021-08-13,13.72599983215332
2021-08-16,13.600000381469727
2021-08-17,13.628000259399414
2021-08-18,13.619999885559082
2021-08-19,13.633999824523926
2021-08-20,13.574000358581543
2021-08-23,13.529999732971191
2021-08-24,13.517999649047852
2021-08-25,13.564000129699707
2021-08-26,13.527999877929688
2021-08-27,13.508000373840332
2021-08-30,13.593999862670898
2021-08-31,13.779999732971191
2021-09-01,13.666000366210938
2021-09-02,13.670000076293945
2021-09-03,13.680000305175781
2021-09-06,13.517999649047852
2021-09-07,13.539999961853027
2021-09-08,13.503999710083008
2021-09-09,13.503999710083008
2021-09-10,13.432000160217285
2021-09-13,13.37600040435791
2021-09-14,13.406000137329102
2021-09-15,13.430000305175781
2021-09-16,13.529999732971191
2021-09-17,13.529999732971191
2021-09-20,13.4399995803833
2021-09-21,13.42199993133545
2021-09-22,13.468000411987305
2021-09-23,13.477999687194824
2021-09-24,13.390000343322754
2021-09-27,13.607999801635742
2021-09-28,13.739999771118164
2021-09-29,13.946000099182129
2021-09-30,14.005999565124512
2021-10-01,13.87399959564209
2021-10-04,13.765999794006348
2021-10-05,13.680000305175781
2021-10-06,13.715999603271484
2021-10-07,13.699999809265137
2021-10-08,13.75
2021-10-11,13.73799991607666
2021-10-12,13.710000038146973
2021-10-13,13.609999656677246
2021-10-14,13.62399959564209
2021-10-15,13.59000015258789
2021-10-18,13.609999656677246
2021-10-19,13.673999786376953
2021-10-20,13.692000389099121
2021-10-21,13.680000305175781
2021-10-22,13.706000328063965
2021-10-25,13.565999984741211
2021-10-26,13.593999862670898
2021-10-27,13.576000213623047
2021-10-28,13.5600004196167
2021-10-29,13.552000045776367
2021-11-01,13.51200008392334
2021-11-02,13.588000297546387
2021-11-03,13.517999649047852
2021-11-05,13.468000411987305
2021-11-08,13.470000267028809
2021-11-09,13.489999771118164
2021-11-10,13.526000022888184
2021-11-11,13.52400016784668
2021-11-12,13.489999771118164
2021-11-15,13.484000205993652
2021-11-16,13.5
2021-11-17,13.541999816894531
2021-11-18,13.399999618530273
2021-11-19,13.399999618530273
2021-11-22,13.343999862670898
2021-11-23,13.399999618530273
2021-11-24,13.406000137329102
2021-11-25,13.342000007629395
2021-11-26,13.380000114440918
2021-11-29,13.501999855041504
2021-11-30,13.920000076293945
2021-12-01,13.895999908447266
2021-12-02,13.895999908447266
2021-12-03,13.550000190734863
2021-12-06,13.470000267028809
2021-12-07,13.470000267028809
2021-12-08,13.62600040435791
2021-12-09,13.350000381469727
2021-12-10,13.437999725341797
2021-12-13,13.37399959564209
2021-12-14,13.399999618530273
2021-12-15,13.378000259399414
2021-12-16,13.395999908447266
2021-12-17,13.399999618530273
2021-12-20,13.399999618530273
2021-12-21,13.37399959564209
2021-12-22,13.423999786376953
2021-12-23,13.434000015258789
2021-12-24,13.399999618530273
2021-12-27,13.34000015258789
2021-12-28,13.371999740600586
2021-12-29,13.489999771118164
2021-12-30,13.899999618530273
