Date,Open,High,Low,Close,Adj Close,Volume
2016-01-04,484.0,490.0,481.0,489.0,451.47955322265625,7
2016-01-05,489.0,489.0,489.0,489.0,451.47955322265625,0
2016-01-06,480.0,480.0,480.0,480.0,443.17010498046875,186
2016-01-11,490.0,490.0,490.0,490.0,452.40283203125,1
2016-01-12,478.0,482.0,457.0,481.0,444.0933837890625,65
2016-01-13,483.0,486.0,483.0,486.0,448.7097473144531,3
2016-01-14,481.0,481.0,457.0,476.0,439.4770202636719,26
2016-01-15,477.0,477.0,472.0,473.0,436.70721435546875,14
2016-01-18,471.0,471.0,471.0,471.0,434.86065673828125,2
2016-01-19,476.0,476.0,471.0,471.0,434.86065673828125,115
2016-01-20,471.0,471.0,471.0,471.0,434.86065673828125,0
2016-01-21,469.0,469.0,452.0,467.0,431.1675720214844,31
2016-01-22,470.0,480.0,470.0,480.0,443.17010498046875,9
2016-01-25,472.0,481.0,472.0,481.0,444.0933837890625,2
2016-01-26,481.0,481.0,481.0,481.0,444.0933837890625,0
2016-01-27,471.0,480.0,465.0,468.0,432.0908508300781,55
2016-01-28,468.0,468.0,468.0,468.0,432.0908508300781,0
2016-01-29,470.0,470.0,450.0,450.0,415.4719543457031,422
2016-02-01,459.0,464.0,454.0,455.0,420.08831787109375,33
2016-02-02,464.0,484.0,464.0,468.0,432.0908508300781,16
2016-02-03,474.0,474.0,471.0,474.0,437.6304626464844,5
2016-02-04,470.0,475.0,470.0,475.0,438.55377197265625,4
2016-02-05,473.0,478.0,473.0,478.0,441.3235778808594,10
2016-02-08,479.0,486.0,479.0,483.0,445.9399108886719,18
2016-02-09,484.0,485.0,484.0,485.0,447.7864685058594,6
2016-02-10,476.0,486.0,455.0,475.0,438.55377197265625,108
2016-02-11,474.0,474.0,474.0,474.0,437.6304626464844,3
2016-02-12,474.0,479.0,465.0,474.0,437.6304626464844,19
2016-02-15,480.0,480.0,463.0,470.0,433.9374084472656,11
2016-02-16,470.0,470.0,470.0,470.0,433.9374084472656,0
2016-02-17,473.0,478.0,473.0,474.0,437.6304626464844,1
2016-02-18,478.0,478.0,460.0,465.0,429.3210144042969,10
2016-02-19,473.0,474.0,470.0,470.0,433.9374084472656,27
2016-02-22,470.0,470.0,470.0,470.0,433.9374084472656,0
2016-02-24,468.0,469.0,450.0,469.0,433.0141296386719,98
2016-02-25,468.0,476.0,468.0,472.0,435.783935546875,10
2016-02-26,475.0,478.0,469.0,469.0,433.0141296386719,18
2016-02-29,479.0,480.0,464.0,470.0,433.9374084472656,138
2016-03-01,464.0,480.0,463.0,464.0,428.39776611328125,155
2016-03-02,464.0,469.0,464.0,469.0,433.0141296386719,311
2016-03-03,469.0,469.0,469.0,469.0,433.0141296386719,0
2016-03-04,471.0,471.0,466.0,470.0,433.9374084472656,55
2016-03-07,470.0,470.0,465.0,465.0,429.3210144042969,11
2016-03-09,464.0,464.0,430.0,448.0,413.62542724609375,1590
2016-03-10,450.0,455.0,445.0,450.0,415.4719543457031,64
2016-03-11,455.0,456.0,446.0,451.0,416.3952331542969,97
2016-03-14,458.0,458.0,450.0,450.0,415.4719543457031,49
2016-03-15,450.0,457.0,450.0,455.0,420.08831787109375,7
2016-03-16,450.0,450.0,446.0,449.0,414.5487060546875,10
2016-03-17,450.0,450.0,436.0,440.0,406.2392578125,244
2016-03-18,437.0,440.0,435.0,440.0,406.2392578125,573
2016-03-21,440.0,440.0,440.0,440.0,406.2392578125,74
2016-03-22,444.0,486.0,431.0,447.0,412.7021484375,1918
2016-03-23,448.0,449.0,432.0,438.0,404.3927307128906,321
2016-03-24,442.0,447.0,442.0,447.0,412.7021484375,179
2016-03-25,448.0,452.0,437.0,445.0,410.8556213378906,37
2016-03-28,438.0,441.0,434.0,437.0,403.4694519042969,314
2016-03-29,436.0,436.0,425.0,427.0,394.23675537109375,315
2016-03-30,429.0,432.0,417.0,432.0,398.85308837890625,381
2016-03-31,426.0,429.0,425.0,425.0,392.3902282714844,5
2016-04-01,426.0,451.0,419.0,447.0,412.7021484375,2430
2016-04-04,451.0,451.0,437.0,437.0,403.4694519042969,72
2016-04-05,436.0,436.0,432.0,432.0,398.85308837890625,83
2016-04-06,437.0,437.0,431.0,431.0,397.9298400878906,273
2016-04-07,431.0,432.0,425.0,429.0,396.08331298828125,38
2016-04-08,426.0,430.0,425.0,430.0,397.0065612792969,69
2016-04-11,433.0,445.0,427.0,432.0,398.85308837890625,136
2016-04-12,432.0,450.0,432.0,450.0,415.4719543457031,999
2016-04-13,450.0,460.0,445.0,452.0,417.31854248046875,435
2016-04-14,450.0,455.0,449.0,449.0,414.5487060546875,9
2016-04-15,450.0,454.0,450.0,454.0,419.1650695800781,86
2016-04-18,458.0,473.0,458.0,462.0,426.55120849609375,145
2016-04-19,461.0,646.0,450.0,450.0,415.4719543457031,683
2016-04-20,460.0,470.0,445.0,445.0,410.8556213378906,257
2016-04-21,457.0,457.0,446.0,448.0,413.62542724609375,55
2016-04-22,446.0,458.0,446.0,448.0,413.62542724609375,46
2016-04-25,456.0,462.0,456.0,462.0,426.55120849609375,23
2016-04-26,452.0,452.0,449.0,449.0,414.5487060546875,4
2016-04-27,451.0,451.0,451.0,451.0,416.3952331542969,3
2016-04-28,449.0,449.0,431.0,439.0,405.31597900390625,270
2016-04-29,441.0,441.0,441.0,441.0,407.16253662109375,2
2016-05-04,438.0,442.0,424.0,441.0,407.16253662109375,17
2016-05-05,443.0,454.0,443.0,450.0,415.4719543457031,9
2016-05-06,446.0,446.0,443.0,443.0,409.00909423828125,4
2016-05-10,443.0,449.0,442.0,449.0,414.5487060546875,6
2016-05-11,442.0,442.0,442.0,442.0,408.0857849121094,1
2016-05-12,442.0,442.0,440.0,440.0,406.2392578125,169
2016-05-13,439.0,447.0,436.0,443.0,409.00909423828125,9
2016-05-16,434.0,457.0,432.0,447.0,412.7021484375,115
2016-05-17,447.0,447.0,447.0,447.0,412.7021484375,0
2016-05-18,444.0,444.0,444.0,444.0,409.9323425292969,2
2016-05-19,440.0,440.0,430.0,430.0,397.0065612792969,65
2016-05-20,433.0,434.0,428.0,434.0,400.69964599609375,8
2016-05-23,434.0,434.0,434.0,434.0,400.69964599609375,0
2016-05-24,444.0,452.0,421.0,433.0,399.7763366699219,112
2016-05-25,434.0,435.0,434.0,435.0,401.6228942871094,7
2016-05-26,437.0,453.0,424.0,431.0,397.9298400878906,47
2016-05-27,431.0,431.0,431.0,431.0,397.9298400878906,0
2016-05-30,445.0,462.0,424.0,433.0,399.7763366699219,54
2016-05-31,424.0,429.0,423.0,429.0,396.08331298828125,6
2016-06-01,424.0,457.0,424.0,434.0,400.69964599609375,426
2016-06-02,431.0,433.0,416.0,428.0,395.1600341796875,191
2016-06-03,422.0,422.0,415.0,417.0,385.0040283203125,268
2016-06-06,417.0,424.0,416.0,424.0,391.4669494628906,52
2016-06-07,418.0,418.0,417.0,417.0,385.0040283203125,8
2016-06-08,424.0,437.0,420.0,421.0,388.6971130371094,90
2016-06-09,418.0,418.0,409.0,410.0,378.5411376953125,1207
2016-06-10,418.0,418.0,418.0,418.0,385.92730712890625,3
2016-06-14,410.0,410.0,404.0,404.0,373.00152587890625,241
2016-06-15,404.0,405.0,400.0,400.0,369.30841064453125,914
2016-06-16,403.0,403.0,390.0,394.0,363.7687683105469,341
2016-06-17,399.0,399.0,399.0,399.0,368.38519287109375,26
2016-06-20,399.0,399.0,399.0,399.0,368.38519287109375,0
2016-06-21,399.0,399.0,399.0,399.0,368.38519287109375,0
2016-06-22,399.0,399.0,399.0,399.0,368.38519287109375,0
2016-06-23,398.0,398.0,398.0,398.0,367.4618835449219,36
2016-06-24,399.0,399.0,388.0,390.0,360.07574462890625,14
2016-06-27,404.0,404.0,401.0,401.0,370.231689453125,14
2016-06-28,410.0,410.0,410.0,410.0,378.5411376953125,1
2016-06-29,397.0,397.0,397.0,397.0,366.5386047363281,25
2016-06-30,409.0,409.0,394.0,395.0,364.69207763671875,30
2016-07-01,400.0,400.0,395.0,396.0,365.6153564453125,3
2016-07-04,403.0,416.0,403.0,408.0,376.6946105957031,11
2016-07-05,401.0,401.0,400.0,401.0,370.231689453125,5
2016-07-06,400.0,400.0,390.0,395.0,364.69207763671875,186
2016-07-07,397.0,397.0,397.0,397.0,366.5386047363281,1
2016-07-08,399.0,399.0,399.0,399.0,368.38519287109375,1
2016-07-11,398.0,415.0,396.0,398.0,367.4618835449219,599
2016-07-12,400.0,408.0,394.0,394.0,363.7687683105469,33
2016-07-13,403.0,403.0,394.0,399.0,368.38519287109375,4
2016-07-14,397.0,397.0,396.0,396.0,365.6153564453125,3
2016-07-15,398.0,398.0,398.0,398.0,367.4618835449219,1
2016-07-18,394.0,395.0,390.0,395.0,364.69207763671875,137
2016-07-19,392.0,395.0,392.0,392.0,361.9222717285156,28
2016-07-20,395.0,395.0,392.0,395.0,364.69207763671875,49
2016-07-21,394.0,394.0,387.0,390.0,360.07574462890625,69
2016-07-22,390.0,393.0,389.0,390.0,360.07574462890625,175
2016-07-25,393.0,393.0,393.0,393.0,362.8455505371094,1
2016-07-26,393.0,393.0,393.0,393.0,362.8455505371094,10
2016-07-27,393.0,393.0,388.0,388.0,358.2291564941406,199
2016-07-28,389.0,389.0,387.0,388.0,358.2291564941406,315
2016-07-29,388.0,388.0,388.0,388.0,358.2291564941406,35
2016-08-01,388.0,388.0,387.0,388.0,358.2291564941406,575
2016-08-02,387.0,449.0,385.0,441.0,407.16253662109375,2099
2016-08-03,435.0,456.0,425.0,438.0,404.3927307128906,3978
2016-08-04,442.0,480.0,441.0,442.0,408.0857849121094,3412
2016-08-05,450.0,540.0,450.0,488.0,450.5563049316406,5193
2016-08-08,499.0,524.0,471.0,524.0,483.7940673828125,9671
2016-08-09,516.0,538.0,500.0,530.0,489.33367919921875,6699
2016-08-10,536.0,600.0,530.0,562.0,518.8782958984375,2110
2016-08-11,568.0,583.0,532.0,569.0,525.3411865234375,364
2016-08-12,584.0,600.0,570.0,596.0,550.26953125,1442
2016-08-15,596.0,744.0,547.0,604.0,557.6557006835938,2940
2016-08-16,607.0,645.0,603.0,612.0,565.0418701171875,771
2016-08-17,624.0,670.0,556.0,571.0,527.1878051757812,1633
2016-08-18,584.0,650.0,583.0,586.0,541.0368041992188,8308
2016-08-19,599.0,648.0,562.0,601.0,554.8859252929688,47
2016-08-22,608.0,640.0,600.0,605.0,558.5789794921875,205
2016-08-23,605.0,624.0,600.0,600.0,553.9625854492188,298
2016-08-24,597.0,618.0,597.0,610.0,563.1953125,1231
2016-08-25,607.0,607.0,563.0,579.0,534.5740356445312,50
2016-08-26,571.0,597.0,564.0,570.0,526.2645263671875,198
2016-08-29,570.0,578.0,550.0,569.0,525.3411865234375,224
2016-08-30,564.0,565.0,532.0,547.0,505.029296875,19
2016-08-31,602.0,602.0,565.0,571.0,527.1878051757812,44
2016-09-01,573.0,583.0,565.0,580.0,535.4971923828125,1797
2016-09-02,584.0,590.0,580.0,588.0,542.8834228515625,2071
2016-09-05,595.0,596.0,542.0,590.0,544.7299194335938,34
2016-09-06,590.0,606.0,590.0,606.0,559.5022583007812,1320
2016-09-07,608.0,608.0,600.0,600.0,553.9625854492188,42
2016-09-08,598.0,604.0,598.0,600.0,553.9625854492188,3527
2016-09-09,600.0,604.0,600.0,600.0,553.9625854492188,437
2016-09-12,600.0,600.0,600.0,600.0,553.9625854492188,26
2016-09-13,600.0,600.0,600.0,600.0,553.9625854492188,135
2016-09-14,601.0,602.0,600.0,600.0,553.9625854492188,2616
2016-09-15,617.0,634.0,557.0,600.0,553.9625854492188,2643
2016-09-16,596.0,600.0,583.0,599.0,553.0393676757812,238
2016-09-19,600.0,618.0,600.0,614.0,566.888427734375,3046
2016-09-20,617.0,622.0,605.0,621.0,573.351318359375,185
2016-09-21,628.0,628.0,620.0,621.0,573.351318359375,591
2016-09-22,618.0,650.0,603.0,636.0,587.2003784179688,1333
2016-09-23,651.0,658.0,644.0,658.0,607.5123901367188,28
2016-09-26,648.0,661.0,647.0,661.0,610.2822265625,359
2016-09-27,660.0,668.0,600.0,663.0,612.128662109375,4330
2016-09-28,660.0,688.0,660.0,665.0,613.9752197265625,1106
2016-09-29,670.0,670.0,662.0,665.0,613.9752197265625,80
2016-09-30,673.0,673.0,664.0,664.0,613.052001953125,7
2016-10-03,674.0,747.0,664.0,724.0,668.4481811523438,4234
2016-10-04,742.0,754.0,671.0,693.0,639.8268432617188,190
2016-10-05,706.0,718.0,687.0,716.0,661.0620727539062,104
2016-10-06,732.0,733.0,693.0,709.0,654.5991821289062,29
2016-10-07,726.0,744.0,708.0,710.0,655.5223999023438,1228
2016-10-10,705.0,705.0,705.0,705.0,650.9060668945312,3
2016-10-11,723.0,723.0,723.0,723.0,667.5249633789062,1
2016-10-12,700.0,700.0,697.0,697.0,643.5198974609375,3
2016-10-13,709.0,718.0,699.0,718.0,662.9085693359375,3
2016-10-14,718.0,718.0,718.0,718.0,662.9085693359375,0
2016-10-17,718.0,718.0,718.0,718.0,662.9085693359375,0
2016-10-18,718.0,718.0,718.0,718.0,662.9085693359375,0
2016-10-19,720.0,720.0,697.0,697.0,643.5198974609375,1667
2016-10-20,686.0,687.0,682.0,682.0,629.6708374023438,4
2016-10-21,694.0,694.0,682.0,682.0,629.6708374023438,8
2016-10-24,685.0,685.0,685.0,685.0,632.440673828125,2
2016-10-25,681.0,685.0,674.0,685.0,632.440673828125,17
2016-10-26,685.0,685.0,685.0,685.0,632.440673828125,0
2016-10-27,680.0,680.0,656.0,667.0,615.8218383789062,10
2016-10-28,676.0,677.0,676.0,677.0,625.0545043945312,7
2016-10-31,663.0,663.0,663.0,663.0,612.128662109375,1
2016-11-01,664.0,676.0,664.0,676.0,624.1312255859375,5
2016-11-02,676.0,676.0,676.0,676.0,624.1312255859375,3
2016-11-03,675.0,675.0,675.0,675.0,623.2079467773438,1
2016-11-07,670.0,670.0,670.0,670.0,618.5916137695312,1
2016-11-08,670.0,670.0,670.0,670.0,618.5916137695312,0
2016-11-09,670.0,670.0,670.0,670.0,618.5916137695312,0
2016-11-10,670.0,670.0,670.0,670.0,618.5916137695312,0
2016-11-11,661.0,661.0,657.0,657.0,606.5890502929688,295
2016-11-14,650.0,664.0,650.0,663.0,612.128662109375,8
2016-11-15,674.0,674.0,617.0,635.0,586.277099609375,20
2016-11-16,638.0,649.0,633.0,649.0,599.2029418945312,27
2016-11-17,649.0,649.0,649.0,649.0,599.2029418945312,10
2016-11-18,650.0,650.0,650.0,650.0,600.126220703125,1
2016-11-21,618.0,627.0,603.0,617.0,569.6582641601562,121
2016-11-22,614.0,615.0,600.0,602.0,555.8092041015625,1759
2016-11-23,602.0,602.0,602.0,602.0,555.8092041015625,0
2016-11-24,613.0,619.0,600.0,610.0,563.1953125,200
2016-11-25,607.0,629.0,596.0,622.0,574.2745971679688,35
2016-11-28,637.0,660.0,630.0,647.0,597.3563842773438,51
2016-11-29,649.0,659.0,649.0,659.0,608.4356079101562,3
2016-11-30,648.0,648.0,602.0,623.0,575.1978759765625,108
2016-12-01,623.0,632.0,617.0,632.0,583.50732421875,5
2016-12-02,617.0,617.0,617.0,617.0,569.6582641601562,2
2016-12-05,617.0,617.0,616.0,616.0,568.7349853515625,3
2016-12-06,616.0,616.0,616.0,616.0,568.7349853515625,0
2016-12-07,611.0,611.0,597.0,606.0,559.5022583007812,218
2016-12-08,601.0,608.0,600.0,607.0,560.4255981445312,9
2016-12-09,601.0,601.0,600.0,601.0,554.8859252929688,2
2016-12-12,614.0,624.0,553.0,576.0,531.8041381835938,19
2016-12-13,619.0,674.0,619.0,633.0,584.4304809570312,75
2016-12-14,632.0,633.0,632.0,632.0,583.50732421875,8
2016-12-15,644.0,664.0,644.0,663.0,612.128662109375,44
2016-12-16,646.0,646.0,612.0,613.0,565.9652099609375,14
2016-12-19,622.0,660.0,622.0,637.0,588.1236572265625,13
2016-12-20,648.0,665.0,636.0,662.0,611.2055053710938,31
2016-12-21,626.0,710.0,625.0,650.0,600.126220703125,292
2016-12-22,660.0,680.0,650.0,650.0,600.126220703125,8
2016-12-23,650.0,650.0,650.0,650.0,600.126220703125,0
2016-12-26,630.0,638.0,625.0,638.0,589.0469970703125,31
2016-12-27,643.0,643.0,643.0,643.0,593.663330078125,1
2016-12-28,654.0,688.0,654.0,671.0,619.514892578125,12
2016-12-29,656.0,656.0,637.0,638.0,589.0469970703125,5
2016-12-30,640.0,640.0,626.0,626.0,577.9677124023438,32
2017-01-03,632.0,632.0,632.0,632.0,583.50732421875,1
2017-01-04,632.0,632.0,632.0,632.0,583.50732421875,0
2017-01-05,632.0,632.0,632.0,632.0,583.50732421875,0
2017-01-06,624.0,624.0,624.0,624.0,576.12109375,17
2017-01-09,625.0,639.0,603.0,639.0,589.9701538085938,39
2017-01-10,646.0,649.0,630.0,630.0,581.6607666015625,14
2017-01-11,623.0,640.0,610.0,640.0,590.8934936523438,45
2017-01-12,622.0,629.0,603.0,626.0,577.9677124023438,40
2017-01-13,621.0,621.0,600.0,601.0,554.8859252929688,589
2017-01-16,611.0,644.0,611.0,621.0,573.351318359375,8
2017-01-17,616.0,616.0,616.0,616.0,568.7349853515625,1
2017-01-18,623.0,624.0,623.0,624.0,576.12109375,2
2017-01-19,628.0,628.0,617.0,618.0,570.5814819335938,5
2017-01-20,629.0,629.0,627.0,628.0,579.814208984375,50
2017-01-23,628.0,628.0,628.0,628.0,579.814208984375,0
2017-01-24,616.0,616.0,616.0,616.0,568.7349853515625,1
2017-01-25,616.0,616.0,616.0,616.0,568.7349853515625,0
2017-01-26,616.0,616.0,616.0,616.0,568.7349853515625,0
2017-01-27,616.0,616.0,616.0,616.0,568.7349853515625,0
2017-01-30,621.0,622.0,621.0,622.0,574.2745971679688,2
2017-01-31,622.0,622.0,622.0,622.0,574.2745971679688,0
2017-02-01,610.0,610.0,610.0,610.0,563.1953125,1
2017-02-02,612.0,612.0,610.0,611.0,564.11865234375,40
2017-02-03,611.0,612.0,601.0,605.0,558.5789794921875,125
2017-02-06,603.0,633.0,600.0,616.0,568.7349853515625,116
2017-02-07,616.0,630.0,609.0,610.0,563.1953125,47
2017-02-08,607.0,632.0,607.0,627.0,578.890869140625,21
2017-02-09,619.0,620.0,619.0,620.0,572.4281005859375,2
2017-02-10,620.0,620.0,620.0,620.0,572.4281005859375,0
2017-02-13,611.0,625.0,605.0,610.0,563.1953125,12
2017-02-14,613.0,625.0,613.0,623.0,575.1978759765625,11
2017-02-15,622.0,622.0,622.0,622.0,574.2745971679688,1
2017-02-16,613.0,625.0,600.0,602.0,555.8092041015625,328
2017-02-17,602.0,602.0,602.0,602.0,555.8092041015625,2
2017-02-20,601.0,601.0,600.0,600.0,553.9625854492188,100
2017-02-21,601.0,612.0,601.0,612.0,565.0418701171875,2
2017-02-22,562.0,629.0,562.0,610.0,563.1953125,13
2017-02-24,610.0,610.0,610.0,610.0,563.1953125,0
2017-02-27,608.0,611.0,600.0,600.0,553.9625854492188,20
2017-02-28,600.0,600.0,600.0,600.0,553.9625854492188,2
2017-03-01,601.0,604.0,600.0,604.0,557.6557006835938,75
2017-03-02,604.0,604.0,604.0,604.0,557.6557006835938,0
2017-03-03,600.0,600.0,600.0,600.0,553.9625854492188,4
2017-03-06,609.0,609.0,609.0,609.0,562.2720336914062,1
2017-03-07,603.0,605.0,600.0,604.0,557.6557006835938,62
2017-03-09,600.0,600.0,600.0,600.0,553.9625854492188,114
2017-03-10,615.0,618.0,613.0,618.0,570.5814819335938,2306
2017-03-13,618.0,618.0,618.0,618.0,570.5814819335938,66
2017-03-14,631.0,631.0,631.0,631.0,582.5840454101562,12
2017-03-15,631.0,631.0,631.0,631.0,582.5840454101562,0
2017-03-16,615.0,615.0,615.0,615.0,567.8117065429688,1334
2017-03-17,615.0,615.0,610.0,614.0,566.888427734375,62
2017-03-20,614.0,614.0,614.0,614.0,566.888427734375,0
2017-03-21,614.0,615.0,610.0,610.0,563.1953125,455
2017-03-22,610.0,610.0,610.0,610.0,563.1953125,0
2017-03-23,609.0,614.0,608.0,614.0,566.888427734375,75
2017-03-24,614.0,614.0,614.0,614.0,566.888427734375,0
2017-03-27,629.0,630.0,627.0,629.0,580.7374877929688,243
2017-03-28,620.0,624.0,615.0,624.0,576.12109375,343
2017-03-29,614.0,615.0,600.0,601.0,554.8859252929688,161
2017-03-30,605.0,614.0,600.0,614.0,566.888427734375,381
2017-03-31,593.0,593.0,580.0,588.0,542.8834228515625,8
2017-04-03,574.0,574.0,509.0,561.0,517.9551391601562,240
2017-04-04,562.0,562.0,562.0,562.0,518.8782958984375,1
2017-04-05,558.0,559.0,558.0,559.0,516.1085205078125,16
2017-04-06,558.0,560.0,539.0,558.0,515.1852416992188,68
2017-04-07,558.0,560.0,557.0,559.0,516.1085205078125,5
2017-04-10,573.0,573.0,573.0,573.0,529.0343627929688,3
2017-04-11,573.0,573.0,573.0,573.0,529.0343627929688,0
2017-04-12,560.0,586.0,560.0,585.0,540.1136474609375,11
2017-04-13,585.0,585.0,585.0,585.0,540.1136474609375,0
2017-04-14,562.0,562.0,554.0,559.0,516.1085205078125,5
2017-04-17,557.0,557.0,504.0,529.0,488.410400390625,16
2017-04-18,544.0,546.0,531.0,531.0,490.2569274902344,12
2017-04-19,531.0,531.0,531.0,531.0,490.2569274902344,0
2017-04-20,525.0,533.0,525.0,533.0,492.103515625,44
2017-04-21,533.0,533.0,533.0,533.0,492.103515625,0
2017-04-24,533.0,533.0,470.0,533.0,492.103515625,213
2017-04-25,518.0,543.0,454.0,500.0,461.63555908203125,2550
2017-04-26,517.0,536.0,506.0,531.0,490.2569274902344,61
2017-04-27,518.0,557.0,507.0,551.0,508.7223815917969,348
2017-04-28,558.0,664.0,545.0,615.0,567.8117065429688,255
2017-05-02,615.0,615.0,588.0,604.0,557.6557006835938,13
2017-05-03,604.0,604.0,604.0,604.0,557.6557006835938,0
2017-05-04,600.0,603.0,590.0,591.0,545.6531982421875,196
2017-05-05,591.0,606.0,585.0,606.0,559.5022583007812,38
2017-05-10,606.0,606.0,606.0,606.0,559.5022583007812,0
2017-05-11,614.0,615.0,614.0,615.0,567.8117065429688,2
2017-05-12,614.0,653.0,614.0,652.0,601.9727783203125,656
2017-05-15,657.0,663.0,635.0,654.0,603.8192749023438,21
2017-05-16,655.0,674.0,513.0,590.0,544.7299194335938,104
2017-05-17,598.0,617.0,598.0,601.0,554.8859252929688,5031
2017-05-18,592.0,600.0,590.0,595.0,549.3463134765625,20
2017-05-19,581.0,600.0,581.0,600.0,553.9625854492188,17104
2017-05-22,599.0,600.0,580.0,580.0,535.4971923828125,6917
2017-05-23,600.0,600.0,600.0,600.0,553.9625854492188,4
2017-05-24,600.0,600.0,600.0,600.0,553.9625854492188,72
2017-05-25,600.0,600.0,600.0,600.0,553.9625854492188,4
2017-05-26,600.0,600.0,600.0,600.0,553.9625854492188,40
2017-05-29,600.0,600.0,600.0,600.0,553.9625854492188,14
2017-05-30,600.0,600.0,600.0,600.0,553.9625854492188,4
2017-05-31,600.0,600.0,600.0,600.0,553.9625854492188,0
2017-06-01,600.0,600.0,600.0,600.0,553.9625854492188,15
2017-06-02,600.0,600.0,600.0,600.0,553.9625854492188,10
2017-06-05,600.0,600.0,581.0,581.0,536.4204711914062,11
2017-06-06,599.0,600.0,595.0,595.0,549.3463134765625,12
2017-06-07,590.0,595.0,585.0,593.0,547.499755859375,12
2017-06-08,593.0,593.0,593.0,593.0,547.499755859375,0
2017-06-09,599.0,600.0,599.0,600.0,553.9625854492188,12
2017-06-13,600.0,600.0,600.0,600.0,553.9625854492188,2
2017-06-14,600.0,600.0,600.0,600.0,553.9625854492188,43
2017-06-15,599.0,599.0,599.0,599.0,553.0393676757812,1
2017-06-16,600.0,600.0,580.0,594.0,548.4229736328125,55
2017-06-19,536.0,596.0,536.0,596.0,550.26953125,5
2017-06-20,595.0,596.0,595.0,596.0,550.26953125,4
2017-06-21,599.0,600.0,599.0,600.0,553.9625854492188,1710
2017-06-22,600.0,600.0,570.0,594.0,548.4229736328125,38
2017-06-23,596.0,600.0,596.0,599.0,553.0393676757812,15
2017-06-26,599.0,600.0,535.0,583.0,538.26708984375,52
2017-06-27,583.0,583.0,583.0,583.0,538.26708984375,0
2017-06-28,597.0,600.0,597.0,600.0,553.9625854492188,60
2017-06-29,600.0,600.0,600.0,600.0,553.9625854492188,0
2017-06-30,573.0,600.0,572.0,591.0,545.6531982421875,5
2017-07-03,600.0,600.0,581.0,581.0,536.4204711914062,136
2017-07-04,581.0,581.0,581.0,581.0,536.4204711914062,0
2017-07-05,581.0,581.0,581.0,581.0,536.4204711914062,0
2017-07-06,599.0,600.0,599.0,600.0,553.9625854492188,5632
2017-07-07,584.0,600.0,575.0,578.0,533.650634765625,399
2017-07-10,569.0,598.0,567.0,597.0,551.1928100585938,110
2017-07-11,597.0,601.0,597.0,600.0,553.9625854492188,5812
2017-07-12,575.0,575.0,560.0,565.0,521.648193359375,9
2017-07-13,618.0,618.0,618.0,618.0,570.5814819335938,10
2017-07-14,600.0,600.0,600.0,600.0,553.9625854492188,4004
2017-07-17,600.0,600.0,600.0,600.0,553.9625854492188,861
2017-07-18,602.0,604.0,602.0,604.0,557.6557006835938,21
2017-07-19,600.0,600.0,600.0,600.0,553.9625854492188,72
2017-07-20,622.0,624.0,613.0,614.0,566.888427734375,30
2017-07-21,622.0,622.0,622.0,622.0,574.2745971679688,1
2017-07-24,605.0,605.0,605.0,605.0,558.5789794921875,1
2017-07-25,613.0,625.0,613.0,625.0,577.0444946289062,14
2017-07-26,625.0,625.0,625.0,625.0,577.0444946289062,1
2017-07-27,625.0,625.0,625.0,625.0,577.0444946289062,0
2017-07-28,666.0,683.0,600.0,604.0,557.6557006835938,11502
2017-07-31,620.0,620.0,600.0,602.0,555.8092041015625,13
2017-08-01,640.0,842.0,630.0,683.0,630.5941162109375,342
2017-08-02,670.0,670.0,618.0,652.0,601.9727783203125,94
2017-08-03,680.0,680.0,628.0,650.0,600.126220703125,52
2017-08-04,648.0,648.0,646.0,646.0,596.43310546875,3
2017-08-07,620.0,633.0,615.0,633.0,584.4304809570312,6
2017-08-08,614.0,628.0,606.0,621.0,573.351318359375,117
2017-08-09,616.0,621.0,600.0,617.0,569.6582641601562,5526
2017-08-10,617.0,617.0,600.0,600.0,553.9625854492188,175
2017-08-11,651.0,651.0,621.0,625.0,577.0444946289062,1091
2017-08-14,631.0,631.0,611.0,615.0,567.8117065429688,15
2017-08-15,637.0,637.0,637.0,637.0,588.1236572265625,1
2017-08-16,610.0,630.0,600.0,614.0,566.888427734375,20086
2017-08-17,602.0,618.0,600.0,612.0,565.0418701171875,11101
2017-08-18,606.0,606.0,604.0,604.0,557.6557006835938,36
2017-08-21,603.0,603.0,600.0,602.0,555.8092041015625,5002
2017-08-22,601.0,608.0,600.0,608.0,561.3488159179688,33
2017-08-23,608.0,608.0,601.0,607.0,560.4255981445312,20
2017-08-24,601.0,603.0,600.0,600.0,553.9625854492188,10026
2017-08-25,601.0,608.0,600.0,605.0,558.5789794921875,5034
2017-08-28,602.0,609.0,602.0,602.0,555.8092041015625,9
2017-08-29,609.0,644.0,602.0,602.0,555.8092041015625,28
2017-08-30,602.0,611.0,600.0,610.0,563.1953125,18060
2017-08-31,603.0,618.0,602.0,610.0,563.1953125,59
2017-09-01,604.0,619.0,602.0,602.0,555.8092041015625,48
2017-09-04,609.0,614.0,603.0,610.0,563.1953125,49
2017-09-05,613.0,616.0,605.0,606.0,559.5022583007812,100
2017-09-06,603.0,618.0,602.0,616.0,568.7349853515625,30
2017-09-07,616.0,616.0,616.0,616.0,568.7349853515625,0
2017-09-08,604.0,604.0,602.0,603.0,556.732421875,86
2017-09-11,603.0,603.0,603.0,603.0,556.732421875,100
2017-09-12,614.0,614.0,602.0,602.0,555.8092041015625,21
2017-09-13,611.0,611.0,605.0,605.0,558.5789794921875,2
2017-09-14,603.0,603.0,603.0,603.0,556.732421875,1000
2017-09-15,603.0,649.0,603.0,644.0,594.5866088867188,283
2017-09-18,610.0,647.0,603.0,628.0,579.814208984375,5093
2017-09-19,618.0,625.0,616.0,624.0,576.12109375,10
2017-09-20,616.0,624.0,606.0,607.0,560.4255981445312,19
2017-09-21,612.0,638.0,606.0,620.0,572.4281005859375,114
2017-09-22,620.0,630.0,600.0,607.0,560.4255981445312,21189
2017-09-25,605.0,628.0,605.0,624.0,576.12109375,102
2017-09-26,626.0,629.0,600.0,619.0,571.5048217773438,11750
2017-09-27,628.0,628.0,615.0,615.0,567.8117065429688,55
2017-09-28,615.0,639.0,605.0,605.0,558.5789794921875,33715
2017-09-29,611.0,619.0,610.0,615.0,567.8117065429688,21
2017-10-02,622.0,625.0,606.0,618.0,570.5814819335938,278
2017-10-03,610.0,617.0,610.0,616.0,568.7349853515625,1039
2017-10-04,613.0,619.0,613.0,619.0,571.5048217773438,3
2017-10-05,618.0,619.0,618.0,619.0,571.5048217773438,27
2017-10-06,623.0,626.0,623.0,626.0,577.9677124023438,594
2017-10-09,620.0,635.0,620.0,629.0,580.7374877929688,683
2017-10-10,632.0,632.0,629.0,629.0,580.7374877929688,4
2017-10-11,634.0,662.0,634.0,650.0,600.126220703125,741
2017-10-12,644.0,646.0,605.0,620.0,572.4281005859375,10132
2017-10-13,629.0,630.0,629.0,630.0,581.6607666015625,29
2017-10-16,632.0,632.0,632.0,632.0,583.50732421875,2
2017-10-17,640.0,640.0,625.0,625.0,577.0444946289062,1013
2017-10-18,631.0,649.0,630.0,645.0,595.509765625,23
2017-10-19,640.0,640.0,635.0,635.0,586.277099609375,53
2017-10-20,666.0,666.0,641.0,644.0,594.5866088867188,16
2017-10-23,641.0,643.0,640.0,643.0,593.663330078125,78
2017-10-24,643.0,643.0,636.0,636.0,587.2003784179688,21
2017-10-25,651.0,651.0,639.0,639.0,589.9701538085938,6
2017-10-26,637.0,640.0,630.0,639.0,589.9701538085938,72
2017-10-27,682.0,682.0,630.0,637.0,588.1236572265625,68
2017-10-30,629.0,635.0,625.0,631.0,582.5840454101562,183
2017-10-31,639.0,639.0,639.0,639.0,589.9701538085938,5
2017-11-01,626.0,626.0,625.0,626.0,577.9677124023438,8
2017-11-02,625.0,625.0,625.0,625.0,577.0444946289062,1
2017-11-03,625.0,625.0,625.0,625.0,577.0444946289062,0
2017-11-07,625.0,625.0,625.0,625.0,577.0444946289062,222
2017-11-08,625.0,650.0,625.0,649.0,599.2029418945312,210
2017-11-09,645.0,645.0,628.0,637.0,588.1236572265625,3
2017-11-10,648.0,648.0,625.0,639.0,589.9701538085938,271
2017-11-13,636.0,638.0,636.0,637.0,588.1236572265625,10
2017-11-14,645.0,650.0,645.0,650.0,600.126220703125,562
2017-11-15,650.0,650.0,640.0,640.0,590.8934936523438,59
2017-11-16,640.0,640.0,630.0,631.0,582.5840454101562,80
2017-11-17,649.0,650.0,640.0,640.0,590.8934936523438,44
2017-11-20,648.0,658.0,648.0,658.0,607.5123901367188,212
2017-11-21,650.0,650.0,650.0,650.0,600.126220703125,1
2017-11-22,650.0,650.0,650.0,650.0,600.126220703125,65
2017-11-23,650.0,656.0,650.0,656.0,605.6658935546875,41
2017-11-24,650.0,650.0,631.0,640.0,590.8934936523438,632
2017-11-27,648.0,648.0,648.0,648.0,598.2796630859375,1
2017-11-28,649.0,649.0,640.0,648.0,598.2796630859375,68
2017-11-29,648.0,648.0,648.0,648.0,598.2796630859375,0
2017-11-30,640.0,641.0,630.0,630.0,581.6607666015625,1358
2017-12-01,636.0,636.0,633.0,635.0,586.277099609375,97
2017-12-04,630.0,636.0,630.0,636.0,587.2003784179688,3481
2017-12-05,636.0,636.0,636.0,636.0,587.2003784179688,0
2017-12-06,636.0,636.0,636.0,636.0,587.2003784179688,0
2017-12-07,636.0,636.0,636.0,636.0,587.2003784179688,0
2017-12-08,636.0,636.0,636.0,636.0,587.2003784179688,0
2017-12-11,636.0,636.0,636.0,636.0,587.2003784179688,0
2017-12-12,636.0,636.0,636.0,636.0,587.2003784179688,0
2017-12-13,641.0,641.0,638.0,638.0,589.0469970703125,7
2017-12-14,640.0,641.0,640.0,641.0,591.8167114257812,35
2017-12-15,640.0,640.0,630.0,630.0,581.6607666015625,639
2017-12-18,630.0,640.0,630.0,630.0,581.6607666015625,1171
2017-12-19,630.0,631.0,629.0,630.0,581.6607666015625,6566
2017-12-20,631.0,631.0,630.0,630.0,581.6607666015625,3134
2017-12-21,630.0,631.0,630.0,630.0,581.6607666015625,1076
2017-12-22,630.0,630.0,630.0,630.0,581.6607666015625,50
2017-12-25,641.0,642.0,640.0,642.0,592.739990234375,4
2017-12-26,642.0,642.0,642.0,642.0,592.739990234375,0
2017-12-27,653.0,653.0,653.0,653.0,602.89599609375,1
2017-12-28,644.0,644.0,640.0,642.0,592.739990234375,7
2017-12-29,645.0,645.0,645.0,645.0,595.509765625,1
2018-01-03,651.0,676.0,640.0,651.0,601.0493774414062,90
2018-01-04,650.0,650.0,649.0,649.0,599.2029418945312,3
2018-01-05,649.0,649.0,649.0,649.0,599.2029418945312,0
2018-01-09,639.0,639.0,601.0,635.0,586.277099609375,20
2018-01-10,635.0,636.0,620.0,633.0,584.4304809570312,750
2018-01-11,630.0,636.0,620.0,632.0,583.50732421875,1838
2018-01-12,625.0,630.0,600.0,620.0,572.4281005859375,12572
2018-01-15,625.0,625.0,620.0,620.0,572.4281005859375,841
2018-01-16,620.0,630.0,620.0,630.0,581.6607666015625,1279
2018-01-17,631.0,638.0,631.0,632.0,583.50732421875,10
2018-01-18,622.0,645.0,622.0,630.0,581.6607666015625,30
2018-01-19,630.0,630.0,630.0,630.0,581.6607666015625,0
2018-01-22,630.0,630.0,630.0,630.0,581.6607666015625,9
2018-01-24,630.0,630.0,630.0,630.0,581.6607666015625,82
2018-01-25,630.0,645.0,630.0,637.0,588.1236572265625,452
2018-01-26,637.0,637.0,630.0,630.0,581.6607666015625,116
2018-01-29,630.0,639.0,630.0,639.0,589.9701538085938,53
2018-01-30,632.0,632.0,630.0,630.0,581.6607666015625,70
2018-01-31,630.0,636.0,617.0,635.0,586.277099609375,821
2018-02-01,638.0,638.0,633.0,635.0,586.277099609375,83
2018-02-02,636.0,636.0,635.0,635.0,586.277099609375,512
2018-02-05,635.0,635.0,635.0,635.0,586.277099609375,0
2018-02-06,631.0,638.0,631.0,631.0,582.5840454101562,138
2018-02-07,631.0,631.0,631.0,631.0,582.5840454101562,0
2018-02-08,636.0,637.0,632.0,632.0,583.50732421875,4
2018-02-09,632.0,632.0,632.0,632.0,583.50732421875,0
2018-02-12,632.0,632.0,632.0,632.0,583.50732421875,0
2018-02-13,635.0,635.0,635.0,635.0,586.277099609375,1
2018-02-14,638.0,638.0,638.0,638.0,589.0469970703125,2
2018-02-15,638.0,638.0,638.0,638.0,589.0469970703125,0
2018-02-16,638.0,638.0,638.0,638.0,589.0469970703125,0
2018-02-19,635.0,635.0,630.0,630.0,581.6607666015625,12602
2018-02-20,638.0,649.0,638.0,645.0,595.509765625,122
2018-02-21,642.0,643.0,642.0,643.0,593.663330078125,29
2018-02-22,643.0,643.0,643.0,643.0,593.663330078125,0
2018-02-26,641.0,648.0,640.0,648.0,598.2796630859375,152
2018-02-27,650.0,650.0,635.0,635.0,586.277099609375,180
2018-02-28,636.0,638.0,620.0,620.0,572.4281005859375,106
2018-03-01,633.0,638.0,620.0,620.0,572.4281005859375,58
2018-03-02,628.0,632.0,618.0,630.0,581.6607666015625,2693
2018-03-05,630.0,630.0,630.0,630.0,581.6607666015625,1044
2018-03-06,620.0,633.0,620.0,630.0,581.6607666015625,883
2018-03-07,630.0,635.0,629.0,630.0,581.6607666015625,2113
2018-03-09,638.0,640.0,630.0,638.0,589.0469970703125,1435
2018-03-12,648.0,650.0,639.0,640.0,590.8934936523438,120
2018-03-13,641.0,641.0,631.0,639.0,589.9701538085938,30
2018-03-14,631.0,631.0,630.0,630.0,581.6607666015625,32008
2018-03-15,638.0,638.0,630.0,630.0,581.6607666015625,2958
2018-03-16,629.0,638.0,622.0,623.0,575.1978759765625,29703
2018-03-19,631.0,638.0,631.0,635.0,586.277099609375,161
2018-03-20,631.0,632.0,630.0,632.0,583.50732421875,30016
2018-03-21,632.0,632.0,630.0,631.0,582.5840454101562,20
2018-03-22,630.0,630.0,630.0,630.0,581.6607666015625,27
2018-03-23,630.0,630.0,630.0,630.0,581.6607666015625,4597
2018-03-26,628.0,630.0,628.0,630.0,581.6607666015625,125
2018-03-27,630.0,630.0,630.0,630.0,581.6607666015625,0
2018-03-28,628.0,628.0,628.0,628.0,579.814208984375,552
2018-03-29,628.0,630.0,626.0,626.0,577.9677124023438,3812
2018-03-30,626.0,626.0,626.0,626.0,577.9677124023438,0
2018-04-02,630.0,630.0,626.0,626.0,577.9677124023438,94
2018-04-03,630.0,630.0,630.0,630.0,581.6607666015625,2811
2018-04-04,630.0,630.0,630.0,630.0,581.6607666015625,1500
2018-04-05,630.0,630.0,630.0,630.0,581.6607666015625,0
2018-04-06,630.0,635.0,630.0,630.0,581.6607666015625,2021
2018-04-09,621.0,621.0,609.0,609.0,562.2720336914062,5
2018-04-10,600.0,634.0,600.0,600.0,553.9625854492188,263
2018-04-11,625.0,625.0,625.0,625.0,577.0444946289062,60
2018-04-12,625.0,626.0,583.0,626.0,577.9677124023438,68
2018-04-13,611.0,615.0,611.0,613.0,565.9652099609375,3
2018-04-16,613.0,618.0,600.0,615.0,567.8117065429688,138
2018-04-17,615.0,625.0,615.0,615.0,567.8117065429688,55
2018-04-18,614.0,615.0,610.0,615.0,567.8117065429688,225
2018-04-19,630.0,630.0,630.0,630.0,581.6607666015625,39
2018-04-20,630.0,630.0,630.0,630.0,581.6607666015625,0
2018-04-23,630.0,630.0,630.0,630.0,581.6607666015625,0
2018-04-24,621.0,630.0,620.0,630.0,581.6607666015625,4
2018-04-25,630.0,640.0,620.0,630.0,581.6607666015625,3009
2018-04-26,630.0,630.0,630.0,630.0,581.6607666015625,0
2018-04-27,630.0,650.0,630.0,632.0,583.50732421875,2601
2018-04-30,632.0,632.0,632.0,632.0,583.50732421875,0
2018-05-02,611.0,611.0,611.0,611.0,564.11865234375,79
2018-05-03,672.0,679.0,620.0,650.0,600.126220703125,1870
2018-05-04,685.0,685.0,650.0,675.0,623.2079467773438,655
2018-05-07,675.0,685.0,661.0,685.0,632.440673828125,348
2018-05-08,685.0,695.0,685.0,695.0,641.6734008789062,488
2018-05-10,690.0,700.0,690.0,700.0,646.2897338867188,329
2018-05-11,700.0,700.0,696.0,696.0,642.5966796875,41
2018-05-14,702.0,706.0,670.0,705.0,650.9060668945312,348
2018-05-15,705.0,705.0,698.0,705.0,650.9060668945312,197
2018-05-16,705.0,705.0,705.0,705.0,650.9060668945312,180
2018-05-17,710.0,710.0,700.0,705.0,650.9060668945312,351
2018-05-18,706.0,712.0,700.0,710.0,655.5223999023438,413
2018-05-21,711.0,711.0,710.0,710.0,655.5223999023438,200
2018-05-22,713.0,715.0,700.0,700.0,646.2897338867188,601
2018-05-23,709.0,710.0,709.0,710.0,655.5223999023438,598
2018-05-24,700.0,710.0,700.0,710.0,655.5223999023438,552
2018-05-25,710.0,710.0,710.0,710.0,655.5223999023438,0
2018-05-28,710.0,715.0,700.0,705.0,650.9060668945312,316
2018-05-29,709.0,710.0,709.0,710.0,655.5223999023438,468
2018-05-30,715.0,715.0,715.0,715.0,660.1387939453125,3
2018-05-31,715.0,715.0,715.0,715.0,660.1387939453125,10
2018-06-01,705.0,705.0,705.0,705.0,650.9060668945312,137
2018-06-04,705.0,705.0,700.0,700.0,646.2897338867188,426
2018-06-05,702.0,702.0,700.0,700.0,646.2897338867188,143
2018-06-06,701.0,701.0,695.0,700.0,646.2897338867188,415
2018-06-07,700.0,700.0,700.0,700.0,646.2897338867188,476
2018-06-08,700.0,700.0,700.0,700.0,646.2897338867188,200
2018-06-11,700.0,700.0,700.0,700.0,646.2897338867188,0
2018-06-13,700.0,700.0,698.0,700.0,646.2897338867188,300
2018-06-14,695.0,700.0,695.0,700.0,646.2897338867188,1100
2018-06-15,700.0,700.0,700.0,700.0,646.2897338867188,0
2018-06-18,700.0,700.0,700.0,700.0,646.2897338867188,510
2018-06-19,690.0,690.0,690.0,690.0,637.0570678710938,1
2018-06-20,690.0,690.0,690.0,690.0,637.0570678710938,0
2018-06-21,599.0,700.0,599.0,685.0,632.440673828125,1013
2018-06-22,685.0,685.0,685.0,685.0,632.440673828125,0
2018-06-25,699.0,700.0,699.0,700.0,646.2897338867188,50
2018-06-26,667.0,699.0,648.0,652.0,601.9727783203125,64
2018-06-27,681.0,699.0,681.0,698.0,644.4432373046875,512
2018-06-28,697.0,700.0,695.0,695.0,641.6734008789062,704
2018-06-29,644.0,697.0,642.0,680.0,627.8244018554688,81
2018-07-02,688.0,690.0,688.0,690.0,637.0570678710938,443
2018-07-03,690.0,692.0,690.0,690.0,637.0570678710938,523
2018-07-04,690.0,690.0,690.0,690.0,637.0570678710938,800
2018-07-05,699.0,700.0,688.0,688.0,635.21044921875,16
2018-07-06,681.0,688.0,680.0,688.0,635.21044921875,452
2018-07-09,686.0,692.0,685.0,692.0,638.9036254882812,825
2018-07-10,700.0,700.0,685.0,685.0,632.440673828125,129
2018-07-11,688.0,688.0,688.0,688.0,635.21044921875,1
2018-07-12,690.0,690.0,690.0,690.0,637.0570678710938,21
2018-07-13,686.0,686.0,679.0,679.0,626.9010620117188,28
2018-07-16,688.0,688.0,688.0,688.0,635.21044921875,9
2018-07-17,639.0,685.0,637.0,680.0,627.8244018554688,62
2018-07-18,687.0,688.0,687.0,688.0,635.21044921875,1138
2018-07-19,681.0,681.0,680.0,680.0,627.8244018554688,11
2018-07-20,684.0,684.0,680.0,680.0,627.8244018554688,12
2018-07-23,680.0,680.0,680.0,680.0,627.8244018554688,0
2018-07-24,680.0,680.0,680.0,680.0,627.8244018554688,5
2018-07-25,680.0,685.0,670.0,670.0,618.5916137695312,26
2018-07-26,675.0,675.0,670.0,670.0,618.5916137695312,37
2018-07-27,675.0,675.0,670.0,674.0,622.2847290039062,18
2018-07-30,670.0,670.0,655.0,664.0,613.052001953125,1479
2018-07-31,665.0,675.0,660.0,670.0,618.5916137695312,1309
2018-08-01,660.0,664.0,660.0,662.0,611.2055053710938,18
2018-08-02,638.0,668.0,638.0,666.0,614.8985595703125,2967
2018-08-03,652.0,652.0,652.0,652.0,601.9727783203125,1
2018-08-06,662.0,664.0,634.0,660.0,609.35888671875,862
2018-08-07,670.0,670.0,660.0,660.0,609.35888671875,12
2018-08-08,660.0,670.0,640.0,658.0,607.5123901367188,17
2018-08-09,670.0,670.0,600.0,670.0,618.5916137695312,357
2018-08-10,668.0,700.0,668.0,670.0,618.5916137695312,846
2018-08-13,670.0,670.0,670.0,670.0,618.5916137695312,0
2018-08-14,664.0,680.0,662.0,668.0,616.7451171875,188
2018-08-15,660.0,660.0,654.0,660.0,609.35888671875,11
2018-08-16,660.0,678.0,640.0,648.0,598.2796630859375,116
2018-08-17,650.0,678.0,640.0,658.0,607.5123901367188,628
2018-08-20,676.0,678.0,652.0,670.0,618.5916137695312,61
2018-08-21,652.0,668.0,640.0,650.0,600.126220703125,415
2018-08-22,650.0,650.0,650.0,650.0,600.126220703125,0
2018-08-23,656.0,678.0,638.0,638.0,589.0469970703125,143
2018-08-24,638.0,638.0,638.0,638.0,589.0469970703125,0
2018-08-27,658.0,668.0,640.0,640.0,590.8934936523438,46
2018-08-28,638.0,640.0,638.0,640.0,590.8934936523438,10
2018-08-29,658.0,698.0,626.0,644.0,594.5866088867188,184
2018-08-30,640.0,640.0,628.0,628.0,579.814208984375,19
2018-08-31,648.0,688.0,628.0,628.0,579.814208984375,145
2018-09-03,656.0,678.0,640.0,640.0,590.8934936523438,242
2018-09-04,630.0,650.0,628.0,630.0,581.6607666015625,431
2018-09-05,632.0,646.0,632.0,646.0,596.43310546875,19
2018-09-06,644.0,658.0,640.0,640.0,590.8934936523438,88
2018-09-07,618.0,650.0,612.0,646.0,596.43310546875,156
2018-09-10,646.0,646.0,646.0,646.0,596.43310546875,1
2018-09-11,634.0,634.0,616.0,630.0,581.6607666015625,18
2018-09-12,624.0,630.0,620.0,620.0,572.4281005859375,21
2018-09-13,646.0,648.0,620.0,626.0,577.9677124023438,160
2018-09-14,624.0,624.0,624.0,624.0,576.12109375,19
2018-09-17,644.0,644.0,644.0,644.0,594.5866088867188,25
2018-09-18,630.0,638.0,630.0,636.0,587.2003784179688,29
2018-09-19,640.0,640.0,630.0,632.0,583.50732421875,7
2018-09-20,632.0,632.0,632.0,632.0,583.50732421875,0
2018-09-21,632.0,632.0,632.0,632.0,583.50732421875,0
2018-09-24,644.0,648.0,626.0,626.0,577.9677124023438,10
2018-09-25,622.0,622.0,614.0,614.0,566.888427734375,14
2018-09-26,628.0,628.0,620.0,620.0,572.4281005859375,3
2018-09-27,612.0,612.0,608.0,610.0,563.1953125,96
2018-09-28,626.0,638.0,618.0,630.0,581.6607666015625,248
2018-10-01,656.0,658.0,622.0,622.0,574.2745971679688,79
2018-10-02,624.0,624.0,622.0,624.0,576.12109375,4
2018-10-03,624.0,624.0,624.0,624.0,576.12109375,0
2018-10-04,610.0,628.0,604.0,626.0,577.9677124023438,24
2018-10-05,600.0,610.0,600.0,602.0,555.8092041015625,202
2018-10-08,600.0,608.0,600.0,608.0,561.3488159179688,29
2018-10-09,608.0,608.0,608.0,608.0,561.3488159179688,0
2018-10-10,606.0,606.0,600.0,600.0,553.9625854492188,530
2018-10-11,594.0,610.0,590.0,610.0,563.1953125,11
2018-10-12,630.0,630.0,600.0,610.0,563.1953125,30
2018-10-15,602.0,618.0,600.0,610.0,563.1953125,107
2018-10-16,604.0,610.0,600.0,610.0,563.1953125,202
2018-10-17,600.0,610.0,600.0,610.0,563.1953125,142
2018-10-18,608.0,610.0,600.0,608.0,561.3488159179688,172
2018-10-19,608.0,628.0,600.0,618.0,570.5814819335938,187
2018-10-22,614.0,614.0,600.0,604.0,557.6557006835938,74
2018-10-23,600.0,606.0,600.0,604.0,557.6557006835938,122
2018-10-24,608.0,612.0,602.0,604.0,557.6557006835938,20
2018-10-25,602.0,602.0,600.0,600.0,553.9625854492188,9
2018-10-26,598.0,602.0,598.0,598.0,552.1160888671875,176
2018-10-29,598.0,598.0,598.0,598.0,552.1160888671875,11
2018-10-30,598.0,598.0,598.0,598.0,552.1160888671875,0
2018-10-31,600.0,600.0,598.0,600.0,553.9625854492188,66
2018-11-01,598.0,600.0,598.0,600.0,553.9625854492188,9
2018-11-02,602.0,602.0,598.0,600.0,553.9625854492188,47
2018-11-06,600.0,600.0,594.0,600.0,553.9625854492188,61
2018-11-07,600.0,600.0,600.0,600.0,553.9625854492188,28
2018-11-08,600.0,600.0,600.0,600.0,553.9625854492188,13
2018-11-09,598.0,608.0,598.0,598.0,552.1160888671875,17
2018-11-12,600.0,600.0,600.0,600.0,553.9625854492188,18
2018-11-13,600.0,600.0,600.0,600.0,553.9625854492188,10
2018-11-14,598.0,600.0,598.0,600.0,553.9625854492188,24
2018-11-15,600.0,600.0,600.0,600.0,553.9625854492188,0
2018-11-16,600.0,600.0,600.0,600.0,553.9625854492188,0
2018-11-19,598.0,602.0,588.0,588.0,542.8834228515625,954
2018-11-20,588.0,590.0,572.0,574.0,529.9575805664062,300
2018-11-21,578.0,580.0,568.0,574.0,529.9575805664062,125
2018-11-22,592.0,592.0,562.0,586.0,541.0368041992188,276
2018-11-23,586.0,586.0,550.0,552.0,509.6455993652344,547
2018-11-26,566.0,566.0,526.0,538.0,496.7198181152344,611
2018-11-27,530.0,564.0,496.0,500.0,461.63555908203125,1471
2018-11-28,502.0,528.0,486.0,490.0,452.40283203125,1781
2018-11-29,486.0,490.0,470.0,478.0,441.3235778808594,894
2018-11-30,478.0,480.0,460.0,460.0,424.7046813964844,1649
2018-12-03,468.0,478.0,418.0,440.0,406.2392578125,1959
2018-12-04,434.0,446.0,434.0,444.0,409.9323425292969,281
2018-12-05,450.0,450.0,440.0,440.0,406.2392578125,215
2018-12-06,438.0,450.0,436.0,440.0,406.2392578125,451
2018-12-07,450.0,450.0,400.0,422.0,389.62042236328125,2645
2018-12-10,430.0,442.0,404.0,418.0,385.92730712890625,907
2018-12-11,414.0,414.0,398.0,400.0,369.30841064453125,1120
2018-12-12,400.0,400.0,354.0,380.0,350.8429870605469,4509
2018-12-13,380.0,480.0,380.0,396.0,365.6153564453125,13264
2018-12-14,408.0,418.0,392.0,400.0,369.30841064453125,12099
2018-12-17,398.0,398.0,388.0,388.0,358.2291564941406,816
2018-12-18,390.0,400.0,378.0,398.0,367.4618835449219,1397
2018-12-19,400.0,400.0,398.0,400.0,369.30841064453125,150
2018-12-20,410.0,410.0,374.0,390.0,360.07574462890625,905
2018-12-21,396.0,400.0,388.0,390.0,360.07574462890625,454
2018-12-24,388.0,390.0,374.0,378.0,348.9964599609375,1003
2018-12-25,372.0,416.0,372.0,404.0,373.00152587890625,1408
2018-12-26,372.0,420.0,356.0,402.0,371.1549987792969,627
2018-12-27,402.0,402.0,394.0,400.0,369.30841064453125,204
2018-12-28,396.0,420.0,394.0,398.0,367.4618835449219,3176
2019-01-03,400.0,410.0,400.0,410.0,378.5411376953125,7
2019-01-04,402.0,404.0,400.0,404.0,373.00152587890625,33
2019-01-08,416.0,416.0,400.0,410.0,378.5411376953125,117
2019-01-09,416.0,416.0,402.0,408.0,376.6946105957031,834
2019-01-10,418.0,424.0,402.0,404.0,373.00152587890625,442
2019-01-11,410.0,410.0,400.0,410.0,378.5411376953125,254
2019-01-14,410.0,410.0,410.0,410.0,378.5411376953125,67
2019-01-15,408.0,420.0,394.0,406.0,374.8480529785156,1274
2019-01-16,406.0,406.0,398.0,402.0,371.1549987792969,554
2019-01-17,404.0,408.0,400.0,400.0,369.30841064453125,554
2019-01-18,400.0,436.0,398.0,398.0,367.4618835449219,2907
2019-01-21,400.0,402.0,398.0,398.0,367.4618835449219,177
2019-01-22,400.0,406.0,398.0,400.0,369.30841064453125,186
2019-01-23,400.0,420.0,398.0,408.0,376.6946105957031,2186
2019-01-24,420.0,420.0,400.0,412.0,380.3876647949219,948
2019-01-25,412.0,428.0,410.0,418.0,385.92730712890625,876
2019-01-28,410.0,418.0,404.0,404.0,373.00152587890625,1046
2019-01-29,410.0,436.0,404.0,414.0,382.2342224121094,3686
2019-01-30,416.0,498.0,410.0,436.0,402.5461730957031,5370
2019-01-31,436.0,472.0,432.0,450.0,415.4719543457031,1847
2019-02-01,434.0,468.0,431.0,450.0,415.4719543457031,1184
2019-02-04,459.0,465.0,432.0,461.0,425.6279602050781,1255
2019-02-05,451.0,477.0,449.0,467.0,431.1675720214844,1251
2019-02-06,478.0,487.0,471.0,484.0,446.86322021484375,1853
2019-02-07,492.0,502.0,483.0,495.0,457.0191955566406,2051
2019-02-08,498.0,500.0,489.0,500.0,461.63555908203125,1554
2019-02-11,490.0,498.0,481.0,489.0,451.47955322265625,2269
2019-02-12,490.0,490.0,481.0,488.0,450.5563049316406,6641
2019-02-13,476.0,599.0,476.0,511.0,471.79150390625,11991
2019-02-14,521.0,521.0,482.0,490.0,452.40283203125,1485
2019-02-15,499.0,520.0,499.0,510.0,470.86822509765625,1049
2019-02-18,538.0,538.0,503.0,517.0,477.33111572265625,1113
2019-02-19,509.0,530.0,509.0,525.0,484.7173156738281,1224
2019-02-20,535.0,538.0,504.0,508.0,469.0216979980469,1203
2019-02-21,510.0,532.0,502.0,522.0,481.9474792480469,925
2019-02-22,530.0,530.0,509.0,516.0,476.4078674316406,967
2019-02-25,525.0,525.0,506.0,512.0,472.71478271484375,447
2019-02-26,520.0,525.0,491.0,506.0,467.1751708984375,795
2019-02-27,505.0,506.0,483.0,499.0,460.7122497558594,465
2019-02-28,495.0,526.0,492.0,506.0,467.1751708984375,3400
2019-03-01,527.0,529.0,507.0,518.0,478.2544250488281,1027
2019-03-04,520.0,540.0,518.0,518.0,478.2544250488281,772
2019-03-05,518.0,518.0,495.0,500.0,461.63555908203125,1719
2019-03-06,500.0,525.0,485.0,498.0,459.78900146484375,1182
2019-03-07,504.0,505.0,492.0,499.0,460.7122497558594,411
2019-03-11,514.0,519.0,492.0,505.0,466.25189208984375,1213
2019-03-12,495.0,515.0,495.0,500.0,461.63555908203125,423
2019-03-13,504.0,504.0,497.0,497.0,458.86572265625,594
2019-03-14,497.0,497.0,484.0,485.0,447.7864685058594,665
2019-03-15,493.0,493.0,475.0,492.0,454.2493591308594,284
2019-03-18,486.0,499.0,486.0,499.0,460.7122497558594,442
2019-03-19,504.0,504.0,492.0,495.0,457.0191955566406,445
2019-03-20,499.0,499.0,481.0,486.0,448.7097473144531,157
2019-03-21,488.0,497.0,485.0,493.0,455.1726379394531,281
2019-03-22,482.0,499.0,482.0,493.0,455.1726379394531,83
2019-03-25,496.0,499.0,490.0,496.0,457.94244384765625,229
2019-03-26,499.0,499.0,490.0,495.0,457.0191955566406,73
2019-03-27,491.0,498.0,490.0,494.0,456.0959167480469,93
2019-03-28,485.0,499.0,478.0,499.0,460.7122497558594,282
2019-03-29,498.0,498.0,475.0,475.0,438.55377197265625,350
2019-04-01,492.0,499.0,481.0,490.0,452.40283203125,804
2019-04-02,490.0,499.0,490.0,495.0,457.0191955566406,720
2019-04-03,497.0,497.0,462.0,490.0,452.40283203125,197
2019-04-04,473.0,495.0,473.0,490.0,452.40283203125,460
2019-04-05,492.0,500.0,491.0,493.0,455.1726379394531,1542
2019-04-08,507.0,510.0,482.0,489.0,451.47955322265625,228
2019-04-09,485.0,488.0,485.0,487.0,449.6330261230469,4
2019-04-10,488.0,488.0,486.0,486.0,448.7097473144531,5
2019-04-11,482.0,488.0,482.0,488.0,450.5563049316406,3
2019-04-12,485.0,485.0,482.0,482.0,445.01666259765625,155
2019-04-15,485.0,488.0,473.0,485.0,447.7864685058594,227
2019-04-16,489.0,489.0,480.0,484.0,446.86322021484375,88
2019-04-17,470.0,486.0,468.0,480.0,443.17010498046875,50
2019-04-18,480.0,485.0,480.0,485.0,447.7864685058594,47
2019-04-19,483.0,483.0,478.0,479.0,442.2468566894531,68
2019-04-22,483.0,485.0,475.0,475.0,438.55377197265625,52
2019-04-23,476.0,489.0,471.0,478.0,441.3235778808594,573
2019-04-24,499.0,499.0,465.0,485.0,447.7864685058594,1274
2019-04-25,495.0,495.0,475.0,480.0,443.17010498046875,242
2019-04-26,488.0,490.0,473.0,480.0,443.17010498046875,2977
2019-04-29,469.0,484.0,469.0,479.0,442.2468566894531,118
2019-04-30,480.0,480.0,468.0,471.0,434.86065673828125,212
2019-05-02,479.0,479.0,472.0,473.0,436.70721435546875,5
2019-05-03,484.0,484.0,471.0,477.0,440.4002990722656,24
2019-05-06,466.0,495.0,466.0,476.0,439.4770202636719,4584
2019-05-07,476.0,480.0,476.0,478.0,441.3235778808594,5
2019-05-08,480.0,480.0,478.0,480.0,443.17010498046875,102
2019-05-10,482.0,482.0,482.0,482.0,445.01666259765625,1
2019-05-13,465.0,470.0,463.0,466.0,430.24432373046875,194
2019-05-14,464.0,480.0,464.0,471.0,434.86065673828125,119
2019-05-15,468.0,478.0,468.0,475.0,438.55377197265625,37
2019-05-16,483.0,483.0,468.0,468.0,432.0908508300781,37
2019-05-17,465.0,465.0,458.0,463.0,427.4745178222656,188
2019-05-20,465.0,471.0,462.0,466.0,430.24432373046875,232
2019-05-21,463.0,464.0,461.0,463.0,427.4745178222656,87
2019-05-22,455.0,483.0,433.0,479.0,442.2468566894531,749
2019-05-23,480.0,482.0,460.0,480.0,443.17010498046875,693
2019-05-24,467.0,488.0,467.0,485.0,447.7864685058594,505
2019-05-27,485.0,494.0,473.0,483.0,445.9399108886719,377
2019-05-28,509.0,509.0,473.0,479.0,442.2468566894531,167
2019-05-29,494.0,494.0,465.0,478.0,441.3235778808594,79
2019-05-30,477.0,484.0,477.0,477.0,440.4002990722656,80
2019-05-31,468.0,480.0,468.0,480.0,443.17010498046875,107
2019-06-03,470.0,482.0,468.0,478.0,441.3235778808594,193
2019-06-04,494.0,494.0,462.0,477.0,440.4002990722656,465
2019-06-05,484.0,484.0,461.0,466.0,430.24432373046875,1158
2019-06-06,473.0,474.0,461.0,469.0,433.0141296386719,1722
2019-06-07,449.0,479.0,449.0,470.0,433.9374084472656,750
2019-06-10,461.0,469.0,459.0,461.0,425.6279602050781,2020
2019-06-11,470.0,475.0,462.0,463.0,427.4745178222656,5669
2019-06-13,475.0,480.0,470.0,478.0,441.3235778808594,5595
2019-06-14,477.0,479.0,470.0,478.0,441.3235778808594,23446
2019-06-17,478.0,479.0,472.0,478.0,441.3235778808594,17787
2019-06-18,475.0,483.0,471.0,477.0,440.4002990722656,17149
2019-06-19,478.0,478.0,475.0,478.0,441.3235778808594,519
2019-06-20,474.0,474.0,466.0,466.0,430.24432373046875,717
2019-06-21,471.0,479.0,470.0,476.0,439.4770202636719,2630
2019-06-24,477.0,482.0,477.0,479.0,442.2468566894531,17979
2019-06-25,484.0,491.0,470.0,490.0,452.40283203125,705
2019-06-26,492.0,500.0,484.0,497.0,458.86572265625,5051
2019-06-27,506.0,510.0,490.0,505.0,466.25189208984375,9417
2019-06-28,510.0,515.0,490.0,502.0,463.4820861816406,5218
2019-07-01,504.0,504.0,498.0,498.0,459.78900146484375,11
2019-07-02,496.0,503.0,496.0,503.0,464.4053649902344,54
2019-07-03,504.0,504.0,491.0,498.0,459.78900146484375,77
2019-07-04,509.0,509.0,483.0,484.0,446.86322021484375,198
2019-07-05,509.0,509.0,487.0,498.0,459.78900146484375,91
2019-07-08,500.0,500.0,487.0,487.0,449.6330261230469,198
2019-07-09,496.0,497.0,491.0,493.0,455.1726379394531,72
2019-07-10,491.0,493.0,489.0,492.0,454.2493591308594,38
2019-07-11,495.0,495.0,489.0,491.0,453.32611083984375,55
2019-07-12,507.0,507.0,481.0,482.0,445.01666259765625,36
2019-07-15,496.0,497.0,478.0,483.0,445.9399108886719,79
2019-07-16,487.0,487.0,478.0,480.0,443.17010498046875,70
2019-07-17,478.0,478.0,469.0,475.0,438.55377197265625,167
2019-07-18,477.0,477.0,469.0,469.0,433.0141296386719,37
2019-07-19,478.0,478.0,470.0,474.0,437.6304626464844,66
2019-07-22,477.0,477.0,477.0,477.0,440.4002990722656,1
2019-07-23,470.0,477.0,470.0,477.0,440.4002990722656,122
2019-07-24,478.0,478.0,471.0,471.0,434.86065673828125,29
2019-07-25,470.0,478.0,470.0,477.0,440.4002990722656,32
2019-07-26,469.0,473.0,469.0,471.0,434.86065673828125,54
2019-07-29,490.0,490.0,471.0,479.0,442.2468566894531,144
2019-07-30,481.0,481.0,465.0,478.0,441.3235778808594,118
2019-07-31,477.0,522.0,467.0,495.0,457.0191955566406,834
2019-08-01,495.0,498.0,483.0,486.0,448.7097473144531,117
2019-08-02,496.0,500.0,479.0,488.0,450.5563049316406,166
2019-08-05,489.0,498.0,488.0,491.0,453.32611083984375,78
2019-08-06,489.0,495.0,484.0,495.0,457.0191955566406,97
2019-08-07,499.0,499.0,478.0,497.0,458.86572265625,358
2019-08-08,497.0,503.0,486.0,500.0,461.63555908203125,2560
2019-08-09,500.0,507.0,492.0,507.0,468.09844970703125,14952
2019-08-12,507.0,508.0,475.0,508.0,469.0216979980469,1383
2019-08-13,507.0,508.0,492.0,498.0,459.78900146484375,2023
2019-08-14,506.0,507.0,491.0,506.0,467.1751708984375,206
2019-08-15,500.0,510.0,489.0,506.0,467.1751708984375,144
2019-08-16,510.0,510.0,499.0,501.0,462.5588073730469,122
2019-08-19,522.0,531.0,499.0,501.0,462.5588073730469,38
2019-08-20,512.0,512.0,497.0,509.0,469.9449768066406,48
2019-08-21,500.0,512.0,500.0,503.0,464.4053649902344,1273
2019-08-22,506.0,517.0,501.0,510.0,470.86822509765625,183
2019-08-23,493.0,522.0,493.0,515.0,475.4845886230469,419
2019-08-26,505.0,510.0,505.0,509.0,469.9449768066406,43
2019-08-27,522.0,522.0,503.0,515.0,475.4845886230469,37
2019-08-28,503.0,522.0,503.0,515.0,475.4845886230469,202
2019-08-29,505.0,505.0,505.0,505.0,466.25189208984375,5
2019-08-30,524.0,528.0,490.0,494.0,456.0959167480469,1827
2019-09-02,511.0,550.0,511.0,516.0,476.4078674316406,667
2019-09-03,520.0,524.0,508.0,517.0,477.33111572265625,510
2019-09-04,521.0,523.0,507.0,522.0,481.9474792480469,216
2019-09-05,530.0,549.0,519.0,540.0,498.56634521484375,230
2019-09-06,535.0,554.0,535.0,548.0,505.9525451660156,1830
2019-09-09,553.0,591.0,553.0,575.0,530.880859375,1047
2019-09-10,589.0,589.0,550.0,585.0,540.1136474609375,1543
2019-09-11,589.0,616.0,588.0,601.0,554.8859252929688,293
2019-09-12,610.0,630.0,573.0,616.0,568.7349853515625,723
2019-09-13,630.0,676.0,630.0,644.0,594.5866088867188,828
2019-09-16,661.0,677.0,641.0,649.0,599.2029418945312,2944
2019-09-17,674.0,674.0,632.0,648.0,598.2796630859375,56650
2019-09-18,649.0,675.0,649.0,660.0,609.35888671875,925
2019-09-19,682.0,698.0,662.0,669.0,617.6682739257812,1068
2019-09-20,688.0,690.0,650.0,660.0,609.35888671875,5077
2019-09-23,611.0,660.0,610.0,656.0,605.6658935546875,940
2019-09-24,679.0,679.0,650.0,659.0,608.4356079101562,708
2019-09-25,674.0,674.0,652.0,654.0,603.8192749023438,913
2019-09-26,668.0,669.0,651.0,660.0,609.35888671875,844
2019-09-27,679.0,690.0,659.0,664.0,613.052001953125,1216
2019-09-30,663.0,679.0,652.0,660.0,609.35888671875,1621
2019-10-01,669.0,670.0,501.0,661.0,610.2822265625,1438
2019-10-02,603.0,664.0,602.0,662.0,611.2055053710938,2383
2019-10-03,663.0,674.0,651.0,660.0,609.35888671875,828
2019-10-04,675.0,675.0,653.0,659.0,608.4356079101562,1034
2019-10-07,660.0,660.0,655.0,659.0,608.4356079101562,763
2019-10-08,658.0,658.0,653.0,655.0,604.7425537109375,817
2019-10-09,670.0,670.0,654.0,655.0,604.7425537109375,881
2019-10-10,668.0,670.0,649.0,655.0,604.7425537109375,627
2019-10-11,660.0,660.0,655.0,658.0,607.5123901367188,222
2019-10-14,660.0,678.0,654.0,676.0,624.1312255859375,346
2019-10-15,670.0,670.0,662.0,663.0,612.128662109375,1029
2019-10-16,670.0,670.0,657.0,659.0,608.4356079101562,449
2019-10-17,669.0,679.0,662.0,662.0,611.2055053710938,560
2019-10-18,661.0,661.0,653.0,657.0,606.5890502929688,1765
2019-10-21,668.0,668.0,654.0,655.0,604.7425537109375,22142
2019-10-22,657.0,658.0,650.0,650.0,600.126220703125,31
2019-10-23,651.0,651.0,644.0,647.0,597.3563842773438,14
2019-10-24,640.0,657.0,640.0,654.0,603.8192749023438,38
2019-10-25,642.0,658.0,640.0,640.0,590.8934936523438,115
2019-10-28,641.0,650.0,636.0,645.0,595.509765625,60
2019-10-29,650.0,660.0,641.0,644.0,594.5866088867188,209
2019-10-30,656.0,656.0,641.0,642.0,592.739990234375,114
2019-10-31,651.0,657.0,622.0,649.0,599.2029418945312,768
2019-11-01,649.0,657.0,645.0,656.0,605.6658935546875,214
2019-11-05,644.0,657.0,640.0,650.0,600.126220703125,278
2019-11-06,658.0,660.0,651.0,652.0,601.9727783203125,74
2019-11-07,656.0,662.0,654.0,659.0,608.4356079101562,121
2019-11-08,653.0,659.0,645.0,651.0,601.0493774414062,574
2019-11-11,655.0,659.0,649.0,653.0,602.89599609375,1077
2019-11-12,652.0,655.0,646.0,650.0,600.126220703125,1041
2019-11-13,657.0,657.0,650.0,654.0,603.8192749023438,14
2019-11-14,660.0,685.0,656.0,680.0,627.8244018554688,5893
2019-11-15,685.0,690.0,674.0,690.0,637.0570678710938,1631
2019-11-18,677.0,700.0,673.0,694.0,640.7501220703125,551
2019-11-19,687.0,698.0,685.0,690.0,637.0570678710938,777
2019-11-20,698.0,700.0,692.0,695.0,641.6734008789062,805
2019-11-21,694.0,721.0,689.0,704.0,649.9828491210938,582
2019-11-22,722.0,899.0,680.0,699.0,645.366455078125,4041
2019-11-25,713.0,713.0,684.0,689.0,636.1337890625,840
2019-11-26,698.0,700.0,682.0,685.0,632.440673828125,299
2019-11-27,675.0,697.0,675.0,697.0,643.5198974609375,28
2019-11-28,689.0,693.0,680.0,682.0,629.6708374023438,80
2019-11-29,688.0,690.0,668.0,682.0,629.6708374023438,169
2019-12-02,669.0,688.0,666.0,683.0,630.5941162109375,13
2019-12-03,690.0,690.0,665.0,669.0,617.6682739257812,47
2019-12-04,669.0,671.0,669.0,671.0,619.514892578125,2
2019-12-05,665.0,677.0,665.0,676.0,624.1312255859375,16
2019-12-06,676.0,676.0,671.0,671.0,619.514892578125,2
2019-12-09,665.0,668.0,660.0,663.0,612.128662109375,14
2019-12-10,661.0,667.0,661.0,667.0,615.8218383789062,31
2019-12-11,680.0,687.0,668.0,668.0,616.7451171875,43
2019-12-12,661.0,670.0,660.0,660.0,609.35888671875,593
2019-12-13,674.0,674.0,639.0,654.0,603.8192749023438,1029
2019-12-16,659.0,679.0,653.0,665.0,613.9752197265625,1004
2019-12-17,643.0,664.0,633.0,654.0,603.8192749023438,557
2019-12-18,650.0,655.0,630.0,652.0,601.9727783203125,850
2019-12-19,642.0,655.0,642.0,655.0,604.7425537109375,2208
2019-12-20,650.0,665.0,650.0,652.0,601.9727783203125,22
2019-12-23,669.0,709.0,667.0,680.0,627.8244018554688,564
2019-12-24,699.0,787.0,662.0,700.0,646.2897338867188,4165
2019-12-25,700.0,759.0,700.0,750.0,692.4533081054688,5673
2019-12-26,770.0,770.0,728.0,739.0,682.29736328125,1241
2019-12-27,733.0,752.0,730.0,752.0,694.2998046875,1521
2019-12-30,752.0,755.0,703.0,739.0,682.29736328125,3124
2020-01-03,708.0,735.0,708.0,727.0,671.2180786132812,366
2020-01-06,727.0,739.0,727.0,729.0,673.0645751953125,257
2020-01-08,707.0,743.0,707.0,717.0,661.9853515625,354
2020-01-09,712.0,740.0,706.0,723.0,667.5249633789062,873
2020-01-10,720.0,735.0,719.0,725.0,669.37158203125,653
2020-01-13,725.0,750.0,725.0,734.0,677.6809692382812,370
2020-01-14,742.0,765.0,740.0,751.0,693.3765869140625,1203
2020-01-15,759.0,863.0,751.0,791.0,730.307373046875,5059
2020-01-16,805.0,863.0,804.0,850.0,784.7804565429688,2105
2020-01-17,862.0,875.0,845.0,851.0,785.7036743164062,627
2020-01-20,855.0,875.0,836.0,872.0,805.0923461914062,998
2020-01-21,872.0,894.0,865.0,888.0,819.8646850585938,792
2020-01-22,888.0,897.0,872.0,889.0,820.7879638671875,2544
2020-01-23,898.0,898.0,877.0,892.0,823.5578002929688,457
2020-01-24,893.0,900.0,888.0,894.0,825.404296875,523
2020-01-27,887.0,895.0,876.0,883.0,815.2483520507812,368
2020-01-28,890.0,910.0,890.0,894.0,825.404296875,486
2020-01-29,911.0,916.0,891.0,907.0,837.4068603515625,336
2020-01-30,911.0,1090.0,911.0,978.0,902.9591064453125,1653
2020-01-31,991.0,1259.0,955.0,1001.0,924.1942749023438,7707
2020-02-03,1001.0,1050.0,968.0,975.0,900.1892700195312,1257
2020-02-04,985.0,1149.0,931.0,1007.0,929.73388671875,4792
2020-02-05,1050.0,1050.0,973.0,989.0,913.1150512695312,2308
2020-02-06,972.0,1018.0,972.0,994.0,917.7314453125,829
2020-02-07,987.0,998.0,987.0,990.0,914.0383911132812,214
2020-02-10,996.0,1040.0,961.0,978.0,902.9591064453125,1309
2020-02-11,1046.0,1046.0,995.0,1010.0,932.5037841796875,2669
2020-02-12,1017.0,1039.0,1008.0,1020.0,941.7364501953125,3109
2020-02-13,1024.0,1039.0,1012.0,1020.0,941.7364501953125,967
2020-02-14,1029.0,1086.0,1000.0,1026.0,947.2760620117188,5953
2020-02-17,1010.0,1124.0,1010.0,1080.0,997.1326904296875,2226
2020-02-18,1101.0,1123.0,1070.0,1070.0,987.9000244140625,1666
2020-02-19,1049.0,1112.0,1049.0,1097.0,1012.8283081054688,1787
2020-02-20,1097.0,1120.0,1070.0,1096.0,1011.9050903320312,2686
2020-02-21,1095.0,1135.0,1095.0,1100.0,1015.5980224609375,4956
2020-02-25,1112.0,1124.0,1099.0,1108.0,1022.9843139648438,1956
2020-02-26,1108.0,1140.0,1090.0,1095.0,1010.981689453125,3317
2020-02-27,1092.0,1111.0,1084.0,1104.0,1019.2911987304688,837
2020-02-28,1099.0,1107.0,971.0,1023.0,944.50634765625,1226
2020-03-02,1020.0,1115.0,1020.0,1080.0,997.1326904296875,1631
2020-03-03,1100.0,1186.0,1086.0,1100.0,1015.5980224609375,1279
2020-03-04,1129.0,1130.0,1103.0,1120.0,1034.0634765625,778
2020-03-05,1150.0,1150.0,1113.0,1135.0,1047.9127197265625,1814
2020-03-06,1157.0,1157.0,1110.0,1110.0,1024.8309326171875,2116
2020-03-10,1070.0,1140.0,1011.0,1120.0,1034.0634765625,1350
2020-03-11,1120.0,1178.0,1100.0,1125.0,1038.6800537109375,1100
2020-03-12,1188.0,1500.0,1050.0,1117.0,1031.2938232421875,2932
2020-03-13,1117.0,1117.0,1117.0,1117.0,1031.2938232421875,0
2020-03-16,1117.0,1117.0,1117.0,1117.0,1031.2938232421875,0
2020-03-17,1142.0,1149.0,1056.0,1111.0,1025.754150390625,1874
2020-03-18,1111.0,1150.0,1067.0,1100.0,1015.5980224609375,1719
2020-03-19,1095.0,1132.0,1076.0,1127.0,1040.5264892578125,1058
2020-03-20,1160.0,1190.0,1132.0,1157.0,1068.224609375,899
2020-03-23,1157.0,1180.0,1123.0,1162.0,1072.8409423828125,473
2020-03-24,1186.0,1186.0,1100.0,1140.0,1052.529052734375,7026
2020-03-25,1150.0,1179.0,1116.0,1129.0,1042.373046875,1555
2020-03-26,1150.0,1150.0,1077.0,1135.0,1047.9127197265625,1081
2020-03-27,1157.0,1157.0,1100.0,1122.0,1035.9102783203125,610
2020-03-30,1123.0,1136.0,1092.0,1096.0,1011.9050903320312,2425
2020-03-31,1119.0,1127.0,992.0,1100.0,1015.5980224609375,2821
2020-04-01,1102.0,1110.0,1096.0,1100.0,1015.5980224609375,603
2020-04-02,1110.0,1124.0,1100.0,1124.0,1037.756591796875,609
2020-04-03,1124.0,1140.0,1121.0,1131.0,1044.219482421875,1094
2020-04-06,1135.0,1249.0,1135.0,1200.0,1107.9251708984375,12973
2020-04-07,1250.0,1250.0,1212.0,1234.0,1139.3165283203125,4175
2020-04-08,1250.0,1339.0,1249.0,1318.0,1216.8712158203125,5246
2020-04-09,1320.0,1388.0,1300.0,1320.0,1218.7177734375,3458
2020-04-10,1346.0,1381.0,1336.0,1350.0,1246.4158935546875,2400
2020-04-13,1374.0,1623.0,1372.0,1500.0,1384.9066162109375,11517
2020-04-14,1440.0,1440.0,1380.0,1401.0,1293.5029296875,7424
2020-04-15,1440.0,1600.0,1419.0,1441.0,1330.43359375,9137
2020-04-16,1469.0,1500.0,1435.0,1500.0,1384.9066162109375,2278
2020-04-17,1470.0,1599.0,1470.0,1550.0,1431.0703125,8567
2020-04-20,1599.0,1599.0,1502.0,1535.0,1417.2210693359375,2847
2020-04-21,1518.0,1563.0,1518.0,1531.0,1413.528076171875,2467
2020-04-22,1552.0,1555.0,1398.0,1495.0,1380.290283203125,7954
2020-04-23,1525.0,1549.0,1482.0,1496.0,1381.2135009765625,2407
2020-04-24,1499.0,1529.0,1488.0,1495.0,1380.290283203125,670
2020-04-27,1496.0,1500.0,1441.0,1480.0,1366.441162109375,1142
2020-04-28,1497.0,1500.0,1470.0,1490.0,1375.6739501953125,2981
2020-04-29,1500.0,1550.0,1450.0,1480.0,1366.441162109375,5203
2020-04-30,1482.0,1504.0,1468.0,1487.0,1372.904052734375,2485
2020-05-04,1500.0,1525.0,1480.0,1494.0,1379.366943359375,1338
2020-05-05,1460.0,1499.0,1450.0,1458.0,1346.129150390625,2087
2020-05-06,1486.0,1486.0,1411.0,1432.0,1322.1241455078125,2365
2020-05-07,1489.0,1489.0,1438.0,1464.0,1351.6688232421875,1848
2020-05-08,1474.0,1500.0,1465.0,1500.0,1384.9066162109375,1260
2020-05-12,1500.0,1513.0,1489.0,1500.0,1384.9066162109375,1313
2020-05-13,1500.0,1510.0,1485.0,1509.0,1393.2159423828125,1348
2020-05-14,1579.0,1580.0,1470.0,1498.0,1383.06005859375,2266
2020-05-15,1508.0,1508.0,1470.0,1486.0,1371.98095703125,1541
2020-05-18,1510.0,1510.0,1470.0,1478.0,1364.5947265625,1789
2020-05-19,1483.0,1488.0,1453.0,1479.0,1365.517822265625,2026
2020-05-20,1479.0,1489.0,1442.0,1457.0,1345.2060546875,3496
2020-05-21,1458.0,1480.0,1429.0,1450.0,1338.7431640625,2443
2020-05-22,1460.0,1473.0,1380.0,1432.0,1322.1241455078125,2958
2020-05-25,1470.0,1470.0,1411.0,1415.0,1306.428466796875,2886
2020-05-26,1424.0,1440.0,1382.0,1399.0,1291.65625,2930
2020-05-27,1434.0,1434.0,1312.0,1375.0,1269.4976806640625,4800
2020-05-28,1398.0,1400.0,1345.0,1372.0,1266.72802734375,2628
2020-05-29,1370.0,1370.0,1240.0,1290.0,1191.01953125,6508
2020-06-01,1324.0,1324.0,1220.0,1234.0,1139.3165283203125,4157
2020-06-02,1235.0,1236.0,1153.0,1220.0,1126.390625,6032
2020-06-03,1225.0,1350.0,1216.0,1323.0,1221.4876708984375,9467
2020-06-04,1350.0,1350.0,1309.0,1329.0,1227.02734375,3612
2020-06-05,1338.0,1350.0,1324.0,1343.0,1239.952880859375,2876
2020-06-08,1369.0,1404.0,1353.0,1367.0,1262.1114501953125,1878
2020-06-09,1398.0,1398.0,1309.0,1338.0,1235.3365478515625,3104
2020-06-10,1325.0,1371.0,1325.0,1353.0,1279.793701171875,565
2020-06-11,1370.0,1379.0,1339.0,1358.0,1284.523193359375,1034
2020-06-15,1378.0,1378.0,1315.0,1341.0,1268.4429931640625,662
2020-06-16,1350.0,1352.0,1339.0,1342.0,1269.388916015625,819
2020-06-17,1375.0,1375.0,1326.0,1349.0,1276.0101318359375,599
2020-06-18,1370.0,1375.0,1337.0,1350.0,1276.9560546875,538
2020-06-19,1351.0,1355.0,1342.0,1355.0,1281.685546875,521
2020-06-22,1370.0,1376.0,1347.0,1350.0,1276.9560546875,1026
2020-06-23,1351.0,1351.0,1335.0,1340.0,1267.4970703125,569
2020-06-25,1350.0,1368.0,1331.0,1349.0,1276.0101318359375,480
2020-06-26,1350.0,1350.0,1330.0,1334.0,1261.8216552734375,1841
2020-06-29,1340.0,1350.0,1331.0,1335.0,1262.7677001953125,690
2020-06-30,1340.0,1340.0,1309.0,1340.0,1267.4970703125,673
2020-07-02,1340.0,1369.0,1313.0,1362.0,1288.3067626953125,460
2020-07-03,1375.0,1380.0,1342.0,1363.0,1289.252685546875,763
2020-07-06,1377.0,1377.0,1343.0,1350.0,1276.9560546875,501
2020-07-07,1370.0,1375.0,1350.0,1368.0,1293.9820556640625,1563
2020-07-08,1370.0,1379.0,1353.0,1358.0,1284.523193359375,715
2020-07-09,1374.0,1374.0,1354.0,1364.0,1290.198486328125,1142
2020-07-10,1380.0,1412.0,1356.0,1370.0,1295.8739013671875,3022
2020-07-13,1360.0,1369.0,1336.0,1355.0,1281.685546875,1670
2020-07-14,1356.0,1362.0,1350.0,1354.0,1280.739501953125,453
2020-07-15,1363.0,1366.0,1326.0,1359.0,1285.468994140625,578
2020-07-16,1360.0,1360.0,1345.0,1356.0,1282.63134765625,900
2020-07-17,1360.0,1360.0,1350.0,1350.0,1276.9560546875,625
2020-07-20,1385.0,1395.0,1345.0,1350.0,1276.9560546875,2526
2020-07-21,1360.0,1360.0,1336.0,1346.0,1273.1724853515625,2340
2020-07-22,1349.0,1350.0,1330.0,1340.0,1267.4970703125,2383
2020-07-23,1343.0,1358.0,1321.0,1330.0,1258.0380859375,4494
2020-07-24,1360.0,1390.0,1321.0,1348.0,1275.064208984375,5882
2020-07-27,1348.0,1355.0,1319.0,1339.0,1266.55126953125,2907
2020-07-28,1340.0,1345.0,1323.0,1333.0,1260.875732421875,2070
2020-07-29,1336.0,1347.0,1324.0,1329.0,1257.09228515625,3271
2020-07-30,1335.0,1345.0,1325.0,1335.0,1262.7677001953125,1458
2020-07-31,1333.0,1338.0,1323.0,1323.0,1251.4168701171875,1685
2020-08-03,1330.0,1330.0,1310.0,1322.0,1250.4710693359375,1437
2020-08-04,1327.0,1327.0,1300.0,1309.0,1238.17431640625,1068
2020-08-05,1309.0,1309.0,1280.0,1300.0,1229.661376953125,2875
2020-08-06,1306.0,1316.0,1300.0,1300.0,1229.661376953125,1043
2020-08-07,1314.0,1339.0,1304.0,1334.0,1261.8216552734375,1487
2020-08-10,1339.0,1374.0,1321.0,1328.0,1256.1463623046875,7562
2020-08-11,1345.0,1345.0,1291.0,1315.0,1243.8497314453125,3069
2020-08-12,1320.0,1335.0,1310.0,1322.0,1250.4710693359375,1661
2020-08-13,1328.0,1334.0,1310.0,1318.0,1246.6873779296875,2402
2020-08-14,1319.0,1324.0,1290.0,1323.0,1251.4168701171875,1785
2020-08-17,1326.0,1326.0,1305.0,1320.0,1248.5791015625,1243
2020-08-18,1320.0,1343.0,1310.0,1318.0,1246.6873779296875,402
2020-08-19,1310.0,1338.0,1304.0,1310.0,1239.1202392578125,854
2020-08-20,1319.0,1323.0,1305.0,1308.0,1237.228515625,702
2020-08-21,1319.0,1320.0,1306.0,1312.0,1241.0120849609375,493
2020-08-24,1319.0,1320.0,1299.0,1315.0,1243.8497314453125,1350
2020-08-25,1318.0,1318.0,1301.0,1314.0,1242.9039306640625,874
2020-08-26,1315.0,1320.0,1302.0,1310.0,1239.1202392578125,1530
2020-08-27,1320.0,1336.0,1312.0,1326.0,1254.2545166015625,5081
2020-08-28,1330.0,1339.0,1306.0,1321.0,1249.525146484375,972
2020-08-31,1327.0,1330.0,1305.0,1318.0,1246.6873779296875,982
2020-09-01,1318.0,1325.0,1307.0,1317.0,1245.7415771484375,1610
2020-09-02,1327.0,1327.0,1305.0,1307.0,1236.2825927734375,833
2020-09-03,1319.0,1358.0,1314.0,1314.0,1242.9039306640625,11866
2020-09-04,1310.0,1315.0,1240.0,1303.0,1232.4990234375,7557
2020-09-07,1320.0,1320.0,1302.0,1307.0,1236.2825927734375,773
2020-09-08,1312.0,1312.0,1281.0,1291.0,1221.1484375,1204
2020-09-09,1308.0,1370.0,1279.0,1295.0,1224.9317626953125,1753
2020-09-10,1303.0,1327.0,1285.0,1301.0,1230.6072998046875,1174
2020-09-11,1319.0,1319.0,1294.0,1308.0,1237.228515625,5037
2020-09-14,1322.0,1322.0,1310.0,1315.0,1243.8497314453125,2880
2020-09-15,1323.0,1323.0,1306.0,1311.0,1240.066162109375,11640
2020-09-16,1312.0,1324.0,1298.0,1307.0,1236.2825927734375,1440
2020-09-17,1311.0,1315.0,1297.0,1310.0,1239.1202392578125,967
2020-09-18,1311.0,1316.0,1295.0,1296.0,1225.8778076171875,914
2020-09-21,1311.0,1314.0,1261.0,1261.0,1192.7713623046875,1549
2020-09-22,1303.0,1303.0,1264.0,1275.0,1206.0140380859375,817
2020-09-23,1283.0,1309.0,1282.0,1300.0,1229.661376953125,3929
2020-09-24,1303.0,1303.0,1251.0,1286.0,1216.4188232421875,3165
2020-09-25,1292.0,1302.0,1272.0,1281.0,1211.6893310546875,2604
2020-09-28,1297.0,1297.0,1285.0,1290.0,1220.202392578125,2576
2020-09-29,1298.0,1298.0,1274.0,1278.0,1208.8516845703125,2296
2020-09-30,1297.0,1297.0,1274.0,1278.0,1208.8516845703125,601
2020-10-01,1295.0,1295.0,1269.0,1272.0,1203.17626953125,563
2020-10-02,1282.0,1282.0,1242.0,1256.0,1188.0419921875,756
2020-10-05,1280.0,1280.0,1255.0,1277.0,1207.90576171875,824
2020-10-06,1285.0,1285.0,1266.0,1266.0,1197.5009765625,4120
2020-10-07,1277.0,1277.0,1246.0,1249.0,1181.4207763671875,1562
2020-10-08,1265.0,1275.0,1245.0,1252.0,1184.2584228515625,4529
2020-10-09,1265.0,1267.0,1210.0,1252.0,1184.2584228515625,1777
2020-10-12,1275.0,1275.0,1251.0,1260.0,1191.82568359375,2259
2020-10-13,1254.0,1259.0,1240.0,1247.0,1179.5289306640625,900
2020-10-14,1252.0,1270.0,1244.0,1269.0,1200.338623046875,3573
2020-10-15,1269.0,1269.0,1269.0,1269.0,1200.338623046875,0
2020-10-16,1269.0,1269.0,1269.0,1269.0,1200.338623046875,0
2020-10-19,1252.0,1252.0,1235.0,1242.0,1174.799560546875,2421
2020-10-20,1248.0,1254.0,1245.0,1246.0,1178.5831298828125,1414
2020-10-21,1248.0,1258.0,1240.0,1245.0,1177.63720703125,1682
2020-10-22,1250.0,1256.0,1241.0,1246.0,1178.5831298828125,4473
2020-10-23,1180.0,1250.0,1180.0,1248.0,1190.025634765625,3147
2020-10-26,1245.0,1248.0,1231.0,1235.0,1177.629638671875,695
2020-10-27,1250.0,1250.0,1220.0,1228.0,1170.9547119140625,1334
2020-10-28,1214.0,1221.0,1191.0,1195.0,1139.4876708984375,2623
2020-10-29,1205.0,1210.0,1192.0,1207.0,1150.9302978515625,520
2020-10-30,1196.0,1203.0,1184.0,1196.0,1140.4412841796875,5994
2020-11-02,1210.0,1219.0,1180.0,1216.0,1159.51220703125,1169
2020-11-03,1220.0,1240.0,1220.0,1240.0,1182.3973388671875,900
2020-11-05,1250.0,1273.0,1240.0,1272.0,1212.9107666015625,2103
2020-11-06,1272.0,1283.0,1255.0,1282.0,1222.4461669921875,817
2020-11-09,1283.0,1315.0,1283.0,1312.0,1251.052734375,4518
2020-11-10,1312.0,1330.0,1300.0,1328.0,1266.309326171875,5366
2020-11-11,1334.0,1335.0,1320.0,1320.0,1258.680908203125,2061
2020-11-12,1328.0,1328.0,1313.0,1327.0,1265.3558349609375,1902
2020-11-13,1345.0,1345.0,1319.0,1331.0,1269.1700439453125,2830
2020-11-16,1338.0,1351.0,1331.0,1343.0,1280.612548828125,1267
2020-11-17,1346.0,1346.0,1320.0,1326.0,1264.40234375,842
2020-11-18,1328.0,1345.0,1326.0,1339.0,1276.79833984375,802
2020-11-19,1337.0,1340.0,1321.0,1327.0,1265.3558349609375,839
2020-11-20,1332.0,1333.0,1321.0,1328.0,1266.309326171875,1269
2020-11-23,1335.0,1344.0,1323.0,1325.0,1263.44873046875,1128
2020-11-24,1369.0,1369.0,1323.0,1327.0,1265.3558349609375,6099
2020-11-25,1336.0,1337.0,1320.0,1332.0,1270.1236572265625,4220
2020-11-26,1333.0,1334.0,1323.0,1329.0,1267.262939453125,475
2020-11-27,1330.0,1333.0,1320.0,1322.0,1260.588134765625,4531
2020-11-30,1324.0,1324.0,1296.0,1298.0,1237.7030029296875,4861
2020-12-01,1320.0,1320.0,1300.0,1313.0,1252.0062255859375,531
2020-12-02,1320.0,1337.0,1310.0,1310.0,1249.1455078125,618
2020-12-03,1325.0,1325.0,1308.0,1311.0,1250.09912109375,514
2020-12-04,1324.0,1324.0,1297.0,1298.0,1237.7030029296875,3435
2020-12-07,1320.0,1320.0,1291.0,1292.0,1231.981689453125,1270
2020-12-08,1314.0,1314.0,1290.0,1299.0,1238.6566162109375,819
2020-12-09,1305.0,1310.0,1292.0,1294.0,1233.888916015625,583
2020-12-10,1310.0,1310.0,1290.0,1295.0,1234.84228515625,569
2020-12-11,1304.0,1304.0,1290.0,1295.0,1234.84228515625,573
2020-12-14,1303.0,1329.0,1292.0,1319.0,1257.7275390625,977
2020-12-15,1314.0,1449.0,1298.0,1393.0,1328.2899169921875,123759
2020-12-16,1440.0,1440.0,1351.0,1368.0,1304.4512939453125,20936
2020-12-17,1370.0,1388.0,1368.0,1369.0,1305.40478515625,4786
2020-12-18,1398.0,1398.0,1357.0,1368.0,1304.4512939453125,4896
2020-12-21,1368.0,1380.0,1356.0,1358.0,1294.915771484375,3956
2020-12-22,1356.0,1366.0,1345.0,1350.0,1287.2874755859375,4041
2020-12-23,1351.0,1366.0,1351.0,1360.0,1296.8228759765625,2771
2020-12-24,1361.0,1361.0,1350.0,1350.0,1287.2874755859375,878
2020-12-25,1334.0,1359.0,1334.0,1358.0,1294.915771484375,1201
2020-12-28,1305.0,1370.0,1305.0,1356.0,1293.0086669921875,5104
2020-12-29,1369.0,1490.0,1340.0,1381.0,1316.847412109375,61990
2020-12-30,1382.0,1399.0,1376.0,1395.0,1330.197021484375,7201
2021-01-04,1390.0,1393.0,1378.0,1392.0,1327.3363037109375,6488
2021-01-05,1408.0,1408.0,1373.0,1373.0,1309.218994140625,3372
2021-01-06,1363.0,1380.0,1363.0,1370.0,1306.3583984375,3730
2021-01-08,1370.0,1370.0,1370.0,1370.0,1306.3583984375,0
2021-01-11,1310.0,1386.0,1310.0,1382.0,1317.8009033203125,2991
2021-01-12,1381.0,1386.0,1372.0,1372.0,1308.265380859375,2764
2021-01-13,1373.0,1380.0,1363.0,1363.0,1299.68359375,1960
2021-01-14,1364.0,1370.0,1363.0,1368.0,1304.4512939453125,1167
2021-01-15,1364.0,1365.0,1354.0,1355.0,1292.05517578125,2533
2021-01-18,1352.0,1370.0,1352.0,1370.0,1306.3583984375,3459
2021-01-19,1362.0,1376.0,1360.0,1363.0,1299.68359375,3090
2021-01-20,1363.0,1368.0,1358.0,1361.0,1297.7763671875,1309
2021-01-21,1409.0,1409.0,1353.0,1360.0,1296.8228759765625,3222
2021-01-22,1355.0,1363.0,1347.0,1357.0,1293.9622802734375,1615
2021-01-25,1350.0,1371.0,1346.0,1361.0,1297.7763671875,7835
2021-01-26,1361.0,1520.0,1355.0,1445.0,1377.8743896484375,42772
2021-01-27,1465.0,1772.0,1460.0,1589.0,1515.1849365234375,124946
2021-01-28,1590.0,1674.0,1502.0,1598.0,1523.766845703125,31687
2021-01-29,1650.0,1689.0,1596.0,1674.0,1596.236328125,14061
2021-02-01,1699.0,1750.0,1670.0,1689.0,1610.53955078125,18636
2021-02-02,1720.0,1738.0,1676.0,1699.0,1620.074951171875,11855
2021-02-03,1670.0,1686.0,1502.0,1684.0,1605.7718505859375,12377
2021-02-04,1700.0,1727.0,1679.0,1710.0,1630.5640869140625,6347
2021-02-05,1705.0,1798.0,1671.0,1736.0,1655.356201171875,8465
2021-02-08,1749.0,1813.0,1740.0,1760.0,1678.2413330078125,12443
2021-02-09,1789.0,1817.0,1773.0,1800.0,1716.3831787109375,9634
2021-02-10,1809.0,1876.0,1809.0,1830.0,1744.989501953125,12205
2021-02-11,1851.0,2000.0,1841.0,1939.0,1848.9261474609375,13990
2021-02-12,1951.0,2288.0,1949.0,2158.0,2057.7529296875,33959
2021-02-15,2180.0,2575.0,2180.0,2510.0,2393.401123046875,65950
2021-02-16,2552.0,3514.0,2466.0,3174.0,3026.5556640625,300976
2021-02-17,3371.0,4442.0,3341.0,4442.0,4235.65234375,401710
2021-02-18,4798.0,6204.0,4590.0,6204.0,5915.80078125,467425
2021-02-19,6500.0,6822.0,3722.0,3722.0,3549.09912109375,423475
2021-02-22,2438.0,2777.0,2340.0,2560.0,2441.078369140625,96571
2021-02-24,2500.0,2615.0,2400.0,2415.0,2302.814208984375,29710
2021-02-25,2400.0,2417.0,2250.0,2315.0,2207.45947265625,20553
2021-02-26,2305.0,2327.0,2055.0,2055.0,1959.5374755859375,27568
2021-03-01,2066.0,2268.0,2053.0,2268.0,2162.642822265625,41716
2021-03-02,2488.0,2494.0,2382.0,2494.0,2378.144287109375,23165
2021-03-03,2600.0,2741.0,2327.0,2415.0,2302.814208984375,115192
2021-03-04,2500.0,2500.0,2092.0,2141.0,2041.5423583984375,33359
2021-03-05,2134.0,2292.0,2055.0,2067.0,1970.9801025390625,41802
2021-03-09,2100.0,2170.0,2075.0,2138.0,2038.6817626953125,16927
2021-03-10,2235.0,2272.0,2113.0,2138.0,2038.6817626953125,27897
2021-03-11,2167.0,2599.0,2146.0,2484.0,2368.60888671875,160042
2021-03-12,2555.0,2759.0,2331.0,2423.0,2310.4423828125,151263
2021-03-15,2490.0,2587.0,2362.0,2460.0,2345.723876953125,52133
2021-03-16,2467.0,3443.0,2459.0,3443.0,3283.0595703125,385171
2021-03-17,3770.0,4537.0,3200.0,3321.0,3166.72705078125,623344
2021-03-18,3366.0,3845.0,3322.0,3511.0,3347.90087890625,144470
2021-03-19,3589.0,3716.0,3350.0,3431.0,3271.616943359375,42372
2021-03-22,3479.0,3520.0,3229.0,3293.0,3140.027587890625,26315
2021-03-23,3330.0,3330.0,3053.0,3094.0,2950.27197265625,25576
2021-03-24,3100.0,4126.0,3060.0,3079.0,2935.96875,363518
2021-03-25,4067.0,4260.0,3750.0,3960.0,3776.043212890625,130878
2021-03-26,4000.0,4195.0,3816.0,4051.0,3862.815673828125,88091
2021-03-29,4185.0,4322.0,4053.0,4095.0,3904.771728515625,47645
2021-03-30,4147.0,4147.0,3851.0,4008.0,3821.813232421875,27154
2021-03-31,4007.0,4009.0,3890.0,3900.0,3718.830078125,11441
2021-04-01,3922.0,4016.0,3760.0,3850.0,3671.15283203125,21679
2021-04-02,3930.0,3995.0,3852.0,3917.0,3735.04052734375,12027
2021-04-05,3950.0,3995.0,3850.0,3900.0,3718.830078125,12790
2021-04-06,3853.0,3923.0,3723.0,3785.0,3609.17236328125,13475
2021-04-07,3789.0,3850.0,3605.0,3670.0,3499.5146484375,21913
2021-04-08,3729.0,3729.0,3400.0,3514.0,3350.761474609375,48678
2021-04-09,3527.0,3589.0,3454.0,3460.0,3299.269775390625,9539
2021-04-12,3509.0,3898.0,3435.0,3655.0,3485.21142578125,81557
2021-04-13,3709.0,3792.0,3600.0,3619.0,3450.8837890625,22993
2021-04-14,3668.0,3668.0,3501.0,3571.0,3405.113525390625,16194
2021-04-15,3565.0,3591.0,3500.0,3512.0,3348.854248046875,7482
2021-04-16,3500.0,3578.0,3500.0,3520.0,3356.482666015625,8122
2021-04-19,3530.0,3627.0,3503.0,3560.0,3394.62451171875,12000
2021-04-20,3580.0,3584.0,3505.0,3528.0,3364.111083984375,6354
2021-04-21,3548.0,3598.0,3473.0,3552.0,3386.99609375,9932
2021-04-22,3542.0,3552.0,3506.0,3528.0,3364.111083984375,6799
2021-04-23,3528.0,3625.0,3495.0,3550.0,3385.089111328125,16265
2021-04-26,3580.0,3627.0,3551.0,3568.0,3402.2529296875,12775
2021-04-27,3570.0,3619.0,3570.0,3602.0,3434.67333984375,7670
2021-04-28,3630.0,3698.0,3554.0,3626.0,3457.55859375,16186
2021-04-29,3640.0,3666.0,3572.0,3615.0,3447.069580078125,9242
2021-04-30,3637.0,3644.0,3545.0,3560.0,3394.62451171875,9883
2021-05-04,3580.0,3634.0,3560.0,3620.0,3451.83740234375,17151
2021-05-05,3544.0,3617.0,3520.0,3578.0,3498.7744140625,10831
2021-05-06,3586.0,3647.0,3565.0,3621.0,3540.822265625,8139
2021-05-07,3617.0,3657.0,3605.0,3620.0,3539.844482421875,6677
2021-05-10,3666.0,3666.0,3585.0,3622.0,3541.80029296875,6094
2021-05-11,3638.0,3639.0,3577.0,3600.0,3520.287353515625,5633
2021-05-12,3620.0,3624.0,3568.0,3583.0,3503.663818359375,6767
2021-05-13,3590.0,3630.0,3568.0,3596.0,3516.3759765625,6008
2021-05-14,3623.0,3649.0,3586.0,3602.0,3522.242919921875,4219
2021-05-17,3630.0,3630.0,3603.0,3624.0,3543.755859375,4506
2021-05-18,3629.0,3639.0,3605.0,3627.0,3546.689453125,3430
2021-05-19,3630.0,3646.0,3615.0,3633.0,3552.556640625,4132
2021-05-20,3640.0,3733.0,3605.0,3639.0,3558.423828125,17948
2021-05-21,3642.0,3662.0,3615.0,3639.0,3558.423828125,5074
2021-05-24,3640.0,3689.0,3633.0,3665.0,3583.84814453125,5019
2021-05-25,3681.0,3727.0,3679.0,3704.0,3621.984619140625,3870
2021-05-26,3722.0,3730.0,3685.0,3690.0,3608.29443359375,4945
2021-05-27,3713.0,3713.0,3670.0,3685.0,3603.4052734375,5539
2021-05-28,3700.0,3709.0,3656.0,3673.0,3591.6708984375,6169
2021-05-31,3698.0,3745.0,3573.0,3670.0,3588.7373046875,30668
2021-06-01,3683.0,3712.0,3674.0,3692.0,3610.250244140625,10396
2021-06-02,3700.0,3718.0,3671.0,3691.0,3609.2724609375,3670
2021-06-03,3695.0,3710.0,3674.0,3684.0,3602.42724609375,5044
2021-06-04,3665.0,3671.0,3323.0,3455.0,3378.498046875,57752
2021-06-07,3500.0,3500.0,3340.0,3343.0,3268.97802734375,14889
2021-06-08,3369.0,3369.0,2999.0,3343.0,3268.97802734375,58043
2021-06-09,2980.0,2994.0,2791.0,2848.0,2784.9384765625,168736
2021-06-10,2850.0,3076.0,2850.0,2945.0,2879.79052734375,192392
2021-06-11,2985.0,3060.0,2875.0,2875.0,2811.340576171875,82160
2021-06-14,2915.0,2994.0,2878.0,2888.0,2824.052734375,59157
2021-06-15,2904.0,2910.0,2830.0,2832.0,2769.292724609375,41891
2021-06-16,2836.0,2877.0,2805.0,2846.0,2782.982666015625,49132
2021-06-17,2824.0,2861.0,2806.0,2814.0,2751.691162109375,16094
2021-06-18,2839.0,2839.0,2795.0,2805.0,2742.890625,24377
2021-06-21,2805.0,2825.0,2781.0,2800.0,2738.001220703125,16255
2021-06-22,2810.0,2814.0,2788.0,2800.0,2738.001220703125,12421
2021-06-23,2795.0,2815.0,2790.0,2798.0,2736.045654296875,10585
2021-06-24,2798.0,2800.0,2780.0,2782.0,2720.39990234375,9388
2021-06-25,2780.0,2780.0,2680.0,2701.0,2641.193359375,27950
2021-06-28,2702.0,2798.0,2702.0,2765.0,2703.776123046875,19842
2021-06-29,2782.0,2798.0,2750.0,2792.0,2730.178466796875,9023
2021-06-30,2810.0,2849.0,2753.0,2764.0,2702.79833984375,14358
2021-07-01,2793.0,2805.0,2754.0,2771.0,2709.643310546875,7124
2021-07-02,2758.0,2792.0,2758.0,2766.0,2704.754150390625,8491
2021-07-05,2797.0,2798.0,2756.0,2765.0,2703.776123046875,7591
2021-07-06,2799.0,2799.0,2765.0,2771.0,2709.643310546875,9970
2021-07-07,2771.0,2797.0,2731.0,2771.0,2709.643310546875,11863
2021-07-08,2767.0,2767.0,2701.0,2727.0,2666.61767578125,11229
2021-07-09,2715.0,2739.0,2700.0,2705.0,2645.104736328125,10314
2021-07-12,2729.0,2760.0,2705.0,2705.0,2645.104736328125,7305
2021-07-13,2731.0,2731.0,2702.0,2705.0,2645.104736328125,8605
2021-07-14,2715.0,2715.0,2640.0,2649.0,2590.3447265625,18735
2021-07-15,2676.0,2676.0,2580.0,2582.0,2524.828369140625,23442
2021-07-16,2590.0,2590.0,2495.0,2511.0,2455.400390625,14745
2021-07-19,2508.0,2545.0,2370.0,2400.0,2346.858154296875,32573
2021-07-20,2401.0,2482.0,2385.0,2399.0,2345.88037109375,15614
2021-07-21,2435.0,2778.0,2401.0,2581.0,2523.850341796875,207864
2021-07-22,2616.0,2688.0,2563.0,2604.0,2546.341064453125,67255
2021-07-23,2655.0,2670.0,2576.0,2626.0,2567.85400390625,18271
2021-07-26,2629.0,2649.0,2568.0,2585.0,2527.761962890625,8548
2021-07-27,2594.0,2594.0,2551.0,2558.0,2501.359619140625,6119
2021-07-28,2586.0,2623.0,2560.0,2604.0,2546.341064453125,11314
2021-07-29,2619.0,2700.0,2585.0,2655.0,2596.2119140625,22712
2021-07-30,2654.0,2714.0,2618.0,2655.0,2596.2119140625,47717
2021-08-02,2680.0,2740.0,2656.0,2713.0,2652.927734375,21195
2021-08-03,2704.0,2750.0,2658.0,2697.0,2637.281982421875,15471
2021-08-04,2685.0,2719.0,2670.0,2686.0,2626.525390625,11944
2021-08-05,2688.0,2759.0,2686.0,2746.0,2685.197021484375,18798
2021-08-06,2770.0,2840.0,2748.0,2829.0,2766.359130859375,52951
2021-08-09,2850.0,3044.0,2845.0,2995.0,2928.68359375,133676
2021-08-10,3038.0,3094.0,2922.0,2983.0,2916.94921875,54734
2021-08-11,3037.0,3077.0,2952.0,3064.0,2996.15576171875,62182
2021-08-12,3088.0,3318.0,3088.0,3317.0,3243.5537109375,137297
2021-08-13,3380.0,3820.0,3200.0,3558.0,3479.21728515625,488773
2021-08-16,3610.0,3724.0,3350.0,3500.0,3422.50146484375,189247
2021-08-17,3498.0,3539.0,3367.0,3450.0,3373.608642578125,79737
2021-08-18,3511.0,3511.0,3228.0,3344.0,3269.955810546875,123179
2021-08-19,3301.0,3302.0,3071.0,3135.0,3065.58349609375,110982
2021-08-20,3150.0,3151.0,3020.0,3100.0,3031.358642578125,27083
2021-08-23,3129.0,3340.0,3129.0,3340.0,3266.04443359375,77610
2021-08-24,3325.0,3340.0,3230.0,3300.0,3226.929931640625,28652
2021-08-25,3334.0,3334.0,3147.0,3240.0,3168.258544921875,39496
2021-08-26,3274.0,3450.0,3200.0,3330.0,3256.265869140625,83258
2021-08-27,3340.0,3415.0,3307.0,3335.0,3261.155029296875,27278
2021-08-30,3360.0,3387.0,3323.0,3370.0,3295.380126953125,16578
2021-08-31,3380.0,3426.0,3350.0,3380.0,3305.15869140625,30986
2021-09-01,3380.0,3420.0,3330.0,3372.0,3297.335693359375,19370
2021-09-02,3370.0,3415.0,3350.0,3372.0,3297.335693359375,18818
2021-09-03,3370.0,3390.0,3033.0,3285.0,3212.26220703125,41571
2021-09-06,3323.0,3348.0,3157.0,3238.0,3166.302978515625,25683
2021-09-07,3244.0,3287.0,3135.0,3250.0,3178.037109375,32590
2021-09-08,3280.0,3295.0,3200.0,3200.0,3129.144287109375,13377
2021-09-09,3200.0,3260.0,3160.0,3188.0,3117.409912109375,17381
2021-09-10,3191.0,3236.0,3161.0,3176.0,3105.67578125,10230
2021-09-13,3133.0,3330.0,3133.0,3278.0,3205.417236328125,23071
2021-09-14,3280.0,3395.0,3280.0,3280.0,3207.372802734375,17581
2021-09-15,3260.0,3345.0,3211.0,3311.0,3237.6865234375,18789
2021-09-16,3330.0,3377.0,3287.0,3320.0,3246.4873046875,15792
2021-09-17,3325.0,3347.0,3250.0,3320.0,3246.4873046875,16656
2021-09-20,3311.0,3311.0,3200.0,3220.0,3148.701416015625,16386
2021-09-21,3220.0,3280.0,3202.0,3225.0,3153.5908203125,8803
2021-09-22,3240.0,3350.0,3225.0,3297.0,3223.99658203125,19725
2021-09-23,3340.0,3515.0,3301.0,3437.0,3360.896484375,110493
2021-09-24,3459.0,3510.0,3370.0,3422.0,3346.228759765625,37018
2021-09-27,3451.0,3473.0,3380.0,3411.0,3335.47216796875,26147
2021-09-28,3400.0,3419.0,3265.0,3359.0,3284.62353515625,26238
2021-09-29,3365.0,3365.0,3246.0,3299.0,3225.9521484375,15965
2021-09-30,3299.0,3328.0,3260.0,3286.0,3213.239990234375,14053
2021-10-01,3235.0,3355.0,3213.0,3316.0,3316.0,17751
2021-10-04,3344.0,3369.0,3270.0,3290.0,3290.0,16174
2021-10-05,3320.0,3418.0,3320.0,3356.0,3356.0,38681
2021-10-06,3370.0,3378.0,3320.0,3358.0,3358.0,13649
2021-10-07,3379.0,3379.0,3323.0,3340.0,3340.0,13485
2021-10-08,3365.0,3449.0,3341.0,3375.0,3375.0,16478
2021-10-11,3386.0,3419.0,3344.0,3390.0,3390.0,11809
2021-10-12,3391.0,3430.0,3361.0,3398.0,3398.0,12490
2021-10-13,3407.0,3416.0,3351.0,3387.0,3387.0,10917
2021-10-14,3401.0,3549.0,3326.0,3517.0,3517.0,41586
2021-10-15,3550.0,3665.0,3500.0,3518.0,3518.0,82446
2021-10-18,3580.0,3597.0,3534.0,3590.0,3590.0,18515
2021-10-19,3612.0,3649.0,3378.0,3555.0,3555.0,30394
2021-10-20,3565.0,3629.0,3468.0,3615.0,3615.0,28900
2021-10-21,3640.0,3815.0,3600.0,3781.0,3781.0,180935
2021-10-22,3827.0,3950.0,3655.0,3820.0,3820.0,188724
2021-10-25,3845.0,3900.0,3712.0,3849.0,3849.0,50253
2021-10-26,3850.0,4000.0,3790.0,3930.0,3930.0,148613
2021-10-27,3930.0,4000.0,3750.0,3990.0,3990.0,82005
2021-10-28,4023.0,4160.0,4012.0,4066.0,4066.0,163115
2021-10-29,4106.0,4106.0,3900.0,3950.0,3950.0,74236
2021-11-01,3990.0,4136.0,3990.0,4111.0,4111.0,71252
2021-11-02,4130.0,4169.0,4032.0,4090.0,4090.0,39497
2021-11-03,4093.0,4110.0,3967.0,4090.0,4090.0,36193
2021-11-05,4095.0,4150.0,4000.0,4055.0,4055.0,36199
2021-11-08,4022.0,4142.0,4022.0,4128.0,4128.0,32667
2021-11-09,4150.0,4276.0,4128.0,4224.0,4224.0,74440
2021-11-10,4240.0,4296.0,4150.0,4224.0,4224.0,48545
2021-11-11,4230.0,4247.0,3971.0,4215.0,4215.0,81971
2021-11-12,4098.0,4098.0,3652.0,3820.0,3820.0,150887
2021-11-15,3823.0,4046.0,3823.0,3980.0,3980.0,60963
2021-11-16,3980.0,4040.0,3831.0,3855.0,3855.0,42198
2021-11-17,3900.0,3990.0,3823.0,3887.0,3887.0,17163
2021-11-18,3933.0,3933.0,3751.0,3800.0,3800.0,18506
2021-11-19,3824.0,3871.0,3689.0,3712.0,3712.0,27003
2021-11-22,3723.0,3734.0,3475.0,3535.0,3535.0,50268
2021-11-23,3550.0,3785.0,3302.0,3732.0,3732.0,60782
2021-11-24,3780.0,3866.0,3688.0,3716.0,3716.0,21635
2021-11-25,3719.0,3754.0,3620.0,3655.0,3655.0,14537
2021-11-26,3650.0,3650.0,3470.0,3491.0,3491.0,37528
2021-11-29,3551.0,3600.0,3500.0,3554.0,3554.0,16837
2021-11-30,3554.0,3554.0,3408.0,3408.0,3408.0,23119
2021-12-01,3425.0,3662.0,3425.0,3586.0,3586.0,31424
2021-12-02,3566.0,3748.0,3525.0,3586.0,3586.0,33833
2021-12-03,3705.0,3820.0,3644.0,3673.0,3673.0,41565
2021-12-06,3705.0,3722.0,3500.0,3520.0,3520.0,22899
2021-12-07,3575.0,3600.0,3513.0,3511.0,3511.0,17274
2021-12-08,3612.0,3650.0,3435.0,3580.0,3580.0,22726
2021-12-09,3528.0,3528.0,3422.0,3480.0,3480.0,16149
2021-12-10,3496.0,3502.0,3311.0,3479.0,3479.0,31825
2021-12-13,3398.0,3400.0,3050.0,3311.0,3311.0,63104
2021-12-14,3090.0,3484.0,2967.0,3103.0,3103.0,67385
2021-12-15,3400.0,3540.0,3333.0,3381.0,3381.0,29961
2021-12-16,3449.0,3505.0,3416.0,3352.0,3352.0,28750
2021-12-17,3519.0,3519.0,3373.0,3373.0,3373.0,12444
2021-12-20,3400.0,3420.0,3265.0,3373.0,3373.0,16253
2021-12-21,3432.0,3478.0,3394.0,3376.0,3376.0,10103
2021-12-22,3484.0,3519.0,3417.0,3410.0,3410.0,21884
2021-12-23,3513.0,3513.0,3390.0,3479.0,3479.0,11369
2021-12-24,3410.0,3485.0,3384.0,3414.0,3414.0,13871
2021-12-27,3410.0,3453.0,3330.0,3367.0,3367.0,16601
2021-12-28,3386.0,3400.0,3323.0,3334.0,3334.0,14670
2021-12-29,3368.0,3374.0,3317.0,3345.0,3345.0,9621
2021-12-30,3357.0,3396.0,3329.0,3350.0,3350.0,10139
