Date,GOLD
2021-12-31,4297.62
2021-12-30,4253.66
2021-12-29,4220.34
2021-12-28,4205.24
2021-12-25,4202.69
2021-12-24,4258.43
2021-12-23,4246.37
2021-12-22,4262.24
2021-12-21,4293.32
2021-12-18,4284.8
2021-12-17,4222.51
2021-12-16,4201.2
2021-12-15,4210.1
2021-12-14,4211.67
2021-12-11,4193.17
2021-12-10,4220.04
2021-12-09,4249.31
2021-12-08,4242.07
2021-12-07,4218.93
2021-12-04,4204.75
2021-12-03,4228.3
2021-12-02,4249.61
2021-12-01,4328.35
2021-11-30,4327.24
2021-11-27,4398.15
2021-11-26,4294.8
2021-11-25,4282.04
2021-11-24,4324.17
2021-11-23,4347.74
2021-11-20,4354.45
2021-11-19,4342.8
2021-11-18,4351.2
2021-11-17,4367.41
2021-11-16,4330.74
2021-11-13,4271.28
2021-11-12,4255.85
2021-11-11,4147.92
2021-11-10,4181.37
2021-11-09,4173.18
2021-11-04,4095.36
2021-11-03,4117.01
2021-11-02,4083.12
2021-10-30,4072.7
2021-10-29,4077.04
2021-10-28,4003.77
2021-10-27,4029.35
2021-10-26,4056.97
2021-10-23,4083.35
2021-10-22,4074.76
2021-10-21,4062.16
2021-10-20,4059.97
2021-10-19,4032.86
2021-10-16,4080.1
2021-10-15,4147.69
2021-10-14,4083.3
2021-10-13,4065.28
2021-10-12,4036.46
2021-10-09,4067.69
2021-10-08,4086.92
2021-10-07,4078.88
2021-10-06,4101.65
2021-10-05,4107.31
2021-10-02,4115.97
2021-10-01,4043.86
2021-09-30,4074.26
2021-09-29,4055.46
2021-09-28,4086.21
2021-09-25,4119.8
2021-09-24,4140.97
2021-09-23,4159.94
2021-09-22,4157.6
2021-09-21,4142.76
2021-09-18,4120.07
2021-09-17,4148.59
2021-09-16,4219.32
2021-09-15,4181.7
2021-09-14,4200.92
2021-09-11,4210.48
2021-09-10,4221.14
2021-09-09,4245.35
2021-09-08,4260.95
2021-09-07,4277.87
2021-09-04,4244.41
2021-09-03,4251.36
2021-09-02,4268.38
2021-09-01,4274.39
2021-08-31,4254.3
2021-08-28,4271.0
2021-08-27,4243.41
2021-08-26,4255.03
2021-08-25,4286.39
2021-08-24,4255.14
2021-08-21,4262.78
2021-08-20,4263.04
2021-08-19,4223.31
2021-08-18,4238.06
2021-08-17,4190.07
2021-08-14,4151.89
2021-08-13,4152.17
2021-08-12,4123.87
2021-08-11,4092.41
2021-08-10,4115.74
2021-08-07,4230.86
2021-08-06,4260.67
2021-08-05,4241.34
2021-08-04,4239.95
2021-08-03,4243.23
2021-07-31,4299.07
2021-07-30,4281.39
2021-07-29,4258.18
2021-07-28,4266.86
2021-07-27,4307.56
2021-07-24,4276.19
2021-07-23,4258.64
2021-07-22,4325.24
2021-07-21,4347.53
2021-07-20,4310.29
2021-07-17,4344.52
2021-07-16,4371.55
2021-07-15,4320.73
2021-07-14,4304.58
2021-07-13,4326.22
2021-07-10,4317.67
2021-07-09,4376.42
2021-07-08,4295.95
2021-07-07,4258.37
2021-07-06,4223.75
2021-07-03,4221.29
2021-07-02,4158.37
2021-07-01,4109.93
2021-06-30,4117.54
2021-06-29,4117.26
2021-06-26,4137.67
2021-06-25,4139.56
2021-06-24,4165.39
2021-06-23,4185.05
2021-06-22,4194.8
2021-06-19,4161.79
2021-06-18,4211.68
2021-06-17,4303.16
2021-06-16,4304.46
2021-06-12,4360.1
2021-06-11,4368.5
2021-06-10,4381.15
2021-06-09,4430.04
2021-06-08,4412.9
2021-06-05,4404.19
2021-06-04,4456.92
2021-06-03,4480.03
2021-06-02,4492.16
2021-06-01,4477.3
2021-05-29,4477.3
2021-05-28,4475.59
2021-05-27,4498.4
2021-05-26,4442.93
2021-05-25,4436.75
2021-05-22,4441.88
2021-05-21,4423.47
2021-05-20,4405.96
2021-05-19,4424.77
2021-05-18,4389.05
2021-05-15,4361.99
2021-05-14,4337.3
2021-05-13,4364.77
2021-05-12,4380.12
2021-05-08,4339.29
2021-05-07,4299.44
2021-05-06,4279.51
2021-05-05,4318.79
2021-05-01,4256.31
2021-04-30,4243.98
2021-04-29,4250.44
2021-04-28,4291.88
2021-04-27,4278.0
2021-04-24,4310.03
2021-04-23,4387.37
2021-04-22,4398.86
2021-04-21,4314.8
2021-04-20,4384.2
2021-04-17,4290.88
2021-04-16,4326.28
2021-04-15,4241.89
2021-04-14,4292.18
2021-04-13,4339.97
2021-04-10,4336.55
2021-04-09,4322.38
2021-04-08,4340.8
2021-04-07,4250.9
2021-04-06,4251.11
2021-04-03,4221.6
2021-04-02,4181.97
2021-04-01,4098.42
2021-03-31,4129.57
2021-03-30,4202.9
2021-03-27,4208.46
2021-03-26,4234.9
2021-03-25,4245.63
2021-03-24,4213.91
2021-03-23,4157.94
2021-03-20,4140.83
2021-03-19,4106.63
2021-03-18,4082.32
2021-03-17,4063.59
2021-03-16,4068.26
2021-03-13,4026.77
2021-03-12,4103.11
2021-03-11,4074.08
2021-03-10,4065.79
2021-03-06,4058.47
2021-03-05,4056.73
2021-03-04,4082.19
2021-03-03,4144.35
2021-03-02,4158.78
2021-02-27,4224.26
2021-02-26,4233.41
2021-02-25,4285.38
2021-02-21,4248.68
2021-02-20,4218.41
2021-02-19,4228.69
2021-02-18,4242.54
2021-02-17,4296.61
2021-02-16,4283.63
2021-02-13,4321.67
2021-02-12,4367.35
2021-02-11,4377.11
2021-02-10,4400.3
2021-02-09,4325.35
2021-02-06,4367.4
2021-02-05,4410.67
2021-02-04,4487.73
2021-02-03,4507.67
2021-02-02,4509.9
2021-01-30,4542.04
2021-01-29,4506.07
2021-01-28,4454.61
2021-01-27,4506.49
2021-01-26,4465.88
2021-01-23,4431.54
2021-01-22,4405.56
2021-01-21,4373.92
2021-01-20,4368.68
2021-01-19,4361.69
2021-01-16,4383.49
2021-01-15,4366.17
2021-01-14,4378.94
2021-01-13,4445.57
2021-01-12,4426.84
2021-01-01,4491.66
2020-12-31,4459.48
2020-12-30,4437.61
2020-12-29,4438.08
2020-12-26,4436.55
2020-12-25,4505.61
2020-12-24,4529.59
2020-12-23,4538.16
2020-12-22,4487.62
2020-12-19,4428.96
2020-12-18,4392.15
2020-12-17,4393.73
2020-12-16,4354.98
2020-12-15,4267.87
2020-12-12,4310.63
2020-12-11,4346.88
2020-12-10,4383.23
2020-12-09,4415.66
2020-12-08,4375.28
2020-12-05,4390.93
2020-12-04,4436.04
2020-12-03,4456.05
2020-12-02,4407.43
2020-12-01,4341.07
2020-11-28,4409.74
2020-11-27,4402.52
2020-11-26,4388.45
2020-11-25,4431.61
2020-11-24,4539.73
2020-11-21,4562.65
2020-11-20,4554.16
2020-11-19,4582.44
2020-11-18,4622.23
2020-11-17,4680.45
2020-11-14,4669.38
2020-11-13,4631.33
2020-11-12,4596.93
2020-11-11,4605.21
2020-11-10,4842.82
2020-11-07,4834.1
2020-11-06,4834.96
2020-11-04,4886.56
2020-11-03,4887.7
2020-10-31,4784.4
2020-10-30,4759.17
2020-10-29,4729.52
2020-10-28,4667.69
2020-10-27,4673.64
2020-10-24,4697.13
2020-10-23,4750.35
2020-10-22,4752.55
2020-10-21,4767.05
2020-10-20,4785.15
2020-10-17,4783.12
2020-10-16,4740.64
2020-10-15,4711.68
2020-10-14,4772.77
2020-10-13,4754.14
2020-10-10,4736.09
2020-10-09,4737.92
2020-10-08,4740.23
2020-10-07,4827.56
2020-10-06,4771.68
2020-10-03,4786.39
2020-10-02,4709.54
2020-10-01,4770.62
2020-09-30,4822.55
2020-09-29,4681.68
2020-09-26,4618.65
2020-09-25,4592.32
2020-09-24,4635.01
2020-09-23,4666.73
2020-09-22,4720.43
2020-09-19,4715.5
2020-09-18,4680.61
2020-09-17,4733.17
2020-09-16,4746.61
2020-09-15,4665.67
2020-09-12,4681.88
2020-09-11,4722.48
2020-09-10,4716.38
2020-09-09,4690.71
2020-09-08,4686.6
2020-09-05,4683.5
2020-09-04,4692.8
2020-09-03,4675.61
2020-09-02,4703.11
2020-09-01,4644.5
2020-08-29,4693.4
2020-08-28,4689.71
2020-08-27,4659.27
2020-08-26,4612.67
2020-08-25,4659.72
2020-08-22,4604.75
2020-08-21,4572.94
2020-08-20,4693.26
2020-08-19,4733.95
2020-08-18,4574.27
2020-08-15,4586.18
2020-08-14,4569.73
2020-08-13,4548.31
2020-08-12,4695.8
2020-08-11,4815.71
2020-08-08,4880.61
2020-08-07,4811.98
2020-08-06,4793.21
2020-08-05,4653.01
2020-08-04,4704.01
2020-08-01,4661.68
2020-07-31,4604.62
2020-07-30,4538.78
2020-07-29,4466.49
2020-07-28,4466.19
2020-07-25,4359.47
2020-07-24,4294.6
2020-07-23,4212.67
2020-07-22,4159.87
2020-07-21,4188.41
2020-07-18,4156.86
2020-07-17,4132.77
2020-07-16,4118.45
2020-07-15,4112.12
2020-07-14,4112.58
2020-07-11,4135.33
2020-07-10,4130.29
2020-07-09,4121.14
2020-07-08,4119.83
2020-07-07,4069.87
2020-07-04,4022.46
2020-07-03,4017.25
2020-07-02,4047.99
2020-07-01,4010.17
2020-06-30,3978.0
2020-06-27,3916.32
2020-06-26,3927.51
2020-06-25,3929.94
2020-06-24,3887.67
2020-06-23,3899.24
2020-06-20,3866.43
2020-06-19,3878.14
2020-06-18,3836.28
2020-06-17,3875.98
2020-06-16,3871.06
2020-06-12,3848.83
2020-06-11,3789.36
2020-06-10,3770.05
2020-06-09,3716.12
2020-06-06,3772.23
2020-06-05,3786.42
2020-06-04,3773.95
2020-06-03,3859.62
2020-06-02,3888.16
2020-05-30,3925.38
2020-05-29,3939.39
2020-05-28,3895.83
2020-05-27,3940.32
2020-05-26,3990.41
2020-05-23,4003.7
2020-05-22,3951.23
2020-05-21,4070.13
2020-05-20,4038.71
2020-05-19,4122.31
2020-05-16,4083.17
2020-05-15,4079.71
2020-05-14,4021.35
2020-05-13,4021.69
2020-05-09,4047.21
2020-05-08,4023.9
2020-05-07,4040.41
2020-05-01,4014.11
2020-04-30,4041.8
2020-04-29,4095.17
2020-04-28,4112.99
2020-04-25,4149.17
2020-04-24,4172.81
2020-04-23,4217.37
2020-04-22,4115.41
2020-04-21,4044.82
2020-04-18,4025.22
2020-04-17,4126.35
2020-04-16,4057.99
2020-04-15,4044.48
2020-04-14,3972.83
2020-04-11,3985.1
2020-04-10,3987.68
2020-04-09,4016.12
2020-04-08,4008.13
2020-04-07,4020.39
2020-03-28,4051.63
2020-03-27,4100.44
2020-03-26,4054.15
2020-03-25,4054.83
2020-03-24,3886.3
2020-03-21,3774.94
2020-03-20,3815.92
2020-03-19,3738.58
2020-03-18,3497.72
2020-03-17,3585.9
2020-03-14,3737.0
2020-03-13,3895.28
2020-03-12,3820.22
2020-03-11,3837.74
2020-03-07,3662.03
2020-03-06,3505.62
2020-03-05,3494.33
2020-03-04,3415.91
2020-03-03,3432.64
2020-02-29,3502.84
2020-02-28,3473.34
2020-02-27,3471.31
2020-02-26,3456.3
2020-02-22,3377.38
2020-02-21,3300.14
2020-02-20,3295.6
2020-02-19,3256.2
2020-02-18,3216.56
2020-02-15,3215.88
2020-02-14,3220.62
2020-02-13,3175.81
2020-02-12,3223.2
2020-02-11,3227.24
2020-02-08,3200.38
2020-02-07,3159.22
2020-02-06,3152.67
2020-02-05,3204.39
2020-02-04,3244.1
2020-02-01,3209.04
2020-01-31,3202.92
2020-01-30,3151.82
2020-01-29,3190.83
2020-01-28,3173.57
2020-01-25,3103.42
2020-01-24,3095.33
2020-01-23,3097.53
2020-01-22,3094.9
2020-01-21,3081.32
2020-01-18,3079.29
2020-01-17,3078.52
2020-01-16,3065.17
2020-01-15,3050.51
2020-01-14,3037.92
2020-01-11,3050.6
2020-01-10,3047.28
2020-01-01,3031.25
2019-12-31,3008.36
2019-12-28,3012.68
2019-12-27,2960.64
2019-12-26,2958.18
2019-12-25,2979.8
2019-12-24,2969.95
2019-12-21,2963.3
2019-12-20,2964.03
2019-12-19,2975.68
2019-12-18,2972.28
2019-12-17,2981.48
2019-12-14,2957.63
2019-12-13,2997.7
2019-12-12,3000.21
2019-12-11,2993.49
2019-12-10,2998.6
2019-12-07,3021.37
2019-12-06,3025.36
2019-12-05,3046.02
2019-12-04,3032.19
2019-12-03,3018.22
2019-11-30,3000.48
2019-11-29,3003.83
2019-11-28,3002.45
2019-11-27,3000.45
2019-11-26,2991.94
2019-11-23,3013.7
2019-11-22,3015.06
2019-11-21,3037.48
2019-11-20,3003.55
2019-11-19,2989.35
2019-11-16,3010.41
2019-11-15,3029.82
2019-11-14,3020.71
2019-11-13,2987.0
2019-11-12,3011.34
2019-11-09,3005.5
2019-11-08,3040.86
2019-11-07,3043.19
2019-11-06,3059.56
2019-11-02,3108.27
2019-11-01,3088.73
2019-10-31,3060.14
2019-10-30,3063.49
2019-10-29,3090.57
2019-10-26,3095.87
2019-10-25,3056.83
2019-10-24,3065.02
2019-10-23,3043.12
2019-10-22,3056.17
2019-10-19,3058.56
2019-10-18,3055.16
2019-10-17,3067.03
2019-10-16,3087.91
2019-10-15,3092.08
2019-10-12,3093.85
2019-10-11,3139.3
2019-10-10,3146.52
2019-10-09,3128.29
2019-10-08,3130.78
2019-10-05,3156.0
2019-10-04,3149.4
2019-10-03,3122.35
2019-10-02,3067.01
2019-10-01,3091.6
2019-09-28,3098.54
2019-09-27,3114.97
2019-09-26,3159.17
2019-09-25,3113.77
2019-09-24,3123.92
2019-09-21,3087.59
2019-09-20,3093.77
2019-09-19,3111.72
2019-09-18,3090.88
2019-09-17,3082.34
2019-09-14,3122.25
2019-09-13,3150.08
2019-09-12,3142.18
2019-09-11,3144.52
2019-09-10,3183.15
2019-09-07,3193.33
2019-09-06,3275.94
2019-09-05,3290.0
2019-09-04,3296.48
2019-09-03,3263.01
2019-08-31,3263.29
2019-08-30,3297.6
2019-08-29,3291.97
2019-08-28,3263.35
2019-08-27,3189.7
2019-08-24,3154.36
2019-08-23,3161.83
2019-08-22,3194.86
2019-08-21,3226.42
2019-08-20,3210.86
2019-08-17,3201.94
2019-08-16,3215.04
2019-08-15,3145.23
2019-08-14,3221.08
2019-08-13,3159.47
2019-08-10,3154.3
2019-08-09,3135.52
2019-08-08,3113.34
2019-08-07,3064.51
2019-08-06,3048.33
2019-08-03,2984.54
2019-08-02,2886.37
2019-08-01,2916.76
2019-07-31,2910.73
2019-07-30,2897.85
2019-07-27,2878.45
2019-07-26,2896.27
2019-07-25,2892.77
2019-07-24,2877.12
2019-07-23,2884.19
2019-07-20,2904.57
2019-07-19,2870.2
2019-07-18,2834.84
2019-07-17,2859.79
2019-07-16,2860.78
2019-07-13,2847.96
2019-07-12,2882.23
2019-07-11,2862.32
2019-07-10,2845.37
2019-07-09,2884.91
2019-07-06,2891.42
2019-07-05,2884.84
2019-07-04,2909.22
2019-07-03,2831.86
2019-07-02,2817.96
2019-06-29,2865.87
2019-06-28,2842.29
2019-06-27,2840.7
2019-06-26,2873.62
2019-06-25,2842.64
2019-06-22,2817.88
2019-06-21,2815.75
2019-06-20,2761.3
2019-06-19,2781.1
2019-06-18,2756.91
2019-06-15,2801.67
2019-06-14,2775.72
2019-06-12,2743.48
2019-06-11,2767.62
2019-06-08,2790.11
2019-06-07,2803.38
2019-06-06,2800.97
2019-06-05,2772.92
2019-06-04,2769.32
2019-06-01,2724.35
2019-05-31,2669.91
2019-05-30,2678.47
2019-05-29,2664.08
2019-05-28,2658.05
2019-05-25,2662.03
2019-05-24,2645.61
2019-05-23,2638.46
2019-05-22,2647.59
2019-05-21,2644.05
2019-05-18,2671.88
2019-05-17,2689.1
2019-05-16,2708.13
2019-05-15,2724.24
2019-05-14,2700.5
2019-05-09,2700.6
2019-05-08,2686.58
2019-05-07,2685.68
2019-05-01,2670.47
2019-04-30,2666.72
2019-04-27,2665.93
2019-04-26,2657.28
2019-04-25,2620.2
2019-04-24,2611.74
2019-04-23,2616.16
2019-04-20,2623.31
2019-04-19,2629.41
2019-04-18,2623.51
2019-04-17,2651.5
2019-04-16,2657.89
2019-04-13,2688.57
2019-04-12,2701.25
2019-04-11,2715.75
2019-04-10,2711.25
2019-04-09,2725.26
2019-04-06,2710.41
2019-04-05,2712.81
2019-04-04,2706.51
2019-04-03,2709.54
2019-04-02,2717.15
2019-03-30,2687.23
2019-03-29,2722.8
2019-03-28,2737.6
2019-03-27,2713.44
2019-03-26,2735.93
2019-03-23,2688.11
2019-03-22,2699.61
2019-03-21,2692.86
2019-03-20,2705.44
2019-03-19,2714.04
2019-03-16,2739.87
2019-03-15,2731.86
2019-03-14,2759.07
2019-03-13,2742.36
2019-03-12,2753.97
2019-03-08,2728.21
2019-03-07,2721.38
2019-03-06,2718.46
2019-03-05,2723.44
2019-03-02,2771.83
2019-03-01,2807.83
2019-02-28,2804.29
2019-02-27,2800.7
2019-02-26,2788.69
2019-02-23,2785.12
2019-02-22,2813.17
2019-02-21,2849.42
2019-02-20,2829.88
2019-02-19,2819.87
2019-02-16,2826.58
2019-02-15,2793.31
2019-02-14,2768.63
2019-02-13,2771.12
2019-02-12,2758.22
2019-02-09,2784.73
2019-02-08,2773.37
2019-02-07,2772.87
2019-02-06,2770.04
2019-02-05,2764.42
2019-02-02,2788.13
2019-02-01,2778.97
2019-01-31,2790.18
2019-01-30,2790.6
2019-01-29,2757.73
2019-01-26,2718.93
2019-01-25,2715.63
2019-01-24,2740.2
2019-01-23,2748.89
2019-01-22,2728.27
2019-01-19,2740.48
2019-01-18,2764.26
2019-01-17,2769.98
2019-01-16,2780.79
2019-01-15,2794.74
2019-01-12,2781.36
2019-01-11,2778.16
2019-01-10,2763.32
2018-12-30,2856.68
2018-12-29,2854.88
2018-12-28,2814.75
2018-12-27,2793.35
2018-12-26,2787.61
2018-12-25,2773.92
2018-12-22,2749.77
2018-12-21,2718.36
2018-12-20,2694.11
2018-12-19,2679.82
2018-12-18,2654.04
2018-12-15,2646.69
2018-12-14,2650.86
2018-12-13,2658.2
2018-12-12,2668.88
2018-12-11,2655.33
2018-12-08,2670.58
2018-12-07,2653.01
2018-12-06,2655.8
2018-12-05,2647.42
2018-12-04,2623.78
2018-12-01,2610.66
2018-11-30,2627.47
2018-11-29,2611.15
2018-11-28,2630.21
2018-11-27,2622.89
2018-11-24,2580.23
2018-11-23,2590.75
2018-11-22,2595.24
2018-11-21,2579.12
2018-11-20,2596.63
2018-11-17,2579.59
2018-11-16,2592.8
2018-11-15,2626.57
2018-11-14,2605.87
2018-11-13,2620.43
2018-11-10,2620.06
2018-11-09,2604.57
2018-11-08,2624.36
2018-11-07,2619.94
2018-11-03,2604.98
2018-11-02,2581.97
2018-11-01,2568.09
2018-10-31,2579.92
2018-10-30,2604.18
2018-10-27,2608.31
2018-10-26,2604.56
2018-10-25,2598.84
2018-10-24,2594.47
2018-10-23,2567.66
2018-10-20,2598.94
2018-10-19,2587.66
2018-10-18,2579.54
2018-10-17,2589.01
2018-10-16,2606.48
2018-10-13,2585.15
2018-10-12,2578.51
2018-10-11,2524.47
2018-10-10,2534.99
2018-10-09,2572.51
2018-10-06,2572.88
2018-10-05,2553.33
2018-10-04,2531.49
2018-10-03,2500.91
2018-10-02,2498.93
2018-09-29,2495.75
2018-09-28,2531.52
2018-09-27,2534.48
2018-09-26,2538.4
2018-09-25,2549.83
2018-09-22,2572.16
2018-09-21,2570.98
2018-09-20,2591.76
2018-09-19,2612.62
2018-09-18,2624.04
2018-09-15,2648.01
2018-09-14,2662.75
2018-09-13,2679.26
2018-09-12,2686.17
2018-09-11,2686.15
2018-09-08,2664.85
2018-09-07,2642.6
2018-09-06,2629.69
2018-09-05,2624.73
2018-09-04,2617.34
2018-09-01,2640.21
2018-08-31,2631.81
2018-08-30,2638.52
2018-08-29,2627.63
2018-08-28,2595.22
2018-08-25,2593.54
2018-08-24,2615.81
2018-08-23,2601.85
2018-08-22,2579.05
2018-08-21,2567.59
2018-08-18,2530.03
2018-08-17,2537.03
2018-08-16,2532.51
2018-08-15,2565.32
2018-08-14,2641.77
2018-08-11,2606.41
2018-08-10,2590.39
2018-08-09,2478.8
2018-08-08,2482.99
2018-08-07,2474.29
2018-08-04,2463.85
2018-08-03,2471.56
2018-08-02,2459.34
2018-08-01,2443.99
2018-07-31,2466.63
2018-07-28,2468.31
2018-07-27,2485.93
2018-07-26,2495.78
2018-07-25,2476.8
2018-07-24,2497.98
2018-07-21,2500.18
2018-07-20,2476.59
2018-07-19,2474.18
2018-07-18,2496.42
2018-07-17,2491.75
2018-07-14,2484.45
2018-07-13,2489.67
2018-07-12,2495.62
2018-07-11,2516.96
2018-07-10,2550.64
2018-07-07,2545.28
2018-07-06,2547.42
2018-07-05,2555.01
2018-07-04,2532.25
2018-07-03,2535.44
2018-06-30,2523.19
2018-06-29,2544.58
2018-06-28,2551.13
2018-06-27,2537.9
2018-06-26,2569.92
2018-06-23,2581.55
2018-06-22,2591.61
2018-06-21,2604.24
2018-06-20,2634.54
2018-06-19,2615.1
2018-06-16,2620.18
2018-06-15,2612.45
2018-06-14,2626.65
2018-06-10,2602.18
2018-06-09,2617.66
2018-06-08,2580.13
2018-06-07,2582.15
2018-06-06,2575.16
2018-06-05,2577.73
2018-06-02,2598.24
2018-06-01,2599.11
2018-05-31,2613.35
2018-05-30,2622.31
2018-05-29,2609.68
2018-05-26,2585.22
2018-05-25,2559.44
2018-05-24,2562.52
2018-05-23,2548.45
2018-05-22,2585.16
2018-05-19,2563.38
2018-05-18,2561.73
2018-05-17,2587.5
2018-05-16,2607.86
2018-05-15,2622.78
2018-05-12,2629.51
2018-05-11,2642.95
2018-05-09,2653.78
2018-05-08,2640.18
2018-05-05,2660.55
2018-05-04,2680.6
2018-04-29,2634.19
2018-04-28,2657.39
2018-04-27,2660.62
2018-04-26,2631.9
2018-04-25,2631.54
2018-04-24,2637.15
2018-04-21,2642.18
2018-04-20,2637.35
2018-04-19,2664.83
2018-04-18,2640.06
2018-04-17,2691.93
2018-04-14,2648.05
2018-04-13,2685.69
2018-04-12,2770.65
2018-04-11,2678.9
2018-04-10,2501.72
2018-04-07,2464.79
2018-04-06,2456.67
2018-04-05,2494.46
2018-04-04,2472.54
2018-04-03,2438.21
2018-03-31,2437.35
2018-03-30,2458.63
2018-03-29,2481.73
2018-03-28,2482.78
2018-03-27,2471.24
2018-03-24,2464.61
2018-03-23,2428.36
2018-03-22,2433.3
2018-03-21,2435.42
2018-03-20,2427.09
2018-03-17,2440.09
2018-03-16,2425.96
2018-03-15,2425.42
2018-03-14,2413.92
2018-03-13,2397.56
2018-03-08,2433.41
2018-03-07,2406.97
2018-03-06,2434.83
2018-03-03,2398.74
2018-03-02,2379.1
2018-03-01,2393.01
2018-02-28,2385.47
2018-02-27,2407.47
2018-02-23,2415.26
2018-02-22,2419.99
2018-02-21,2430.27
2018-02-20,2440.81
2018-02-17,2461.6
2018-02-16,2463.01
2018-02-15,2463.96
2018-02-14,2469.16
2018-02-13,2465.36
2018-02-10,2461.36
2018-02-09,2431.01
2018-02-08,2432.6
2018-02-07,2473.69
2018-02-06,2434.36
2018-02-03,2423.36
2018-02-02,2425.84
2018-02-01,2426.57
2018-01-31,2435.46
2018-01-30,2440.32
2018-01-27,2430.97
2018-01-26,2445.94
2018-01-25,2448.38
2018-01-24,2425.06
2018-01-23,2428.91
2018-01-20,2430.33
2018-01-19,2426.61
2018-01-18,2433.29
2018-01-17,2420.14
2018-01-16,2433.4
2018-01-13,2425.6
2018-01-12,2418.56
2018-01-11,2416.66
2018-01-10,2411.72
2017-12-30,2400.97
2017-12-29,2393.1
2017-12-28,2374.39
2017-12-27,2353.75
2017-12-26,2372.69
2017-12-23,2377.44
2017-12-22,2383.26
2017-12-21,2389.85
2017-12-20,2380.2
2017-12-19,2375.14
2017-12-16,2380.77
2017-12-15,2369.96
2017-12-14,2360.95
2017-12-13,2352.08
2017-12-12,2383.22
2017-12-09,2374.5
2017-12-08,2395.93
2017-12-07,2403.37
2017-12-06,2407.63
2017-12-05,2425.95
2017-12-02,2403.02
2017-12-01,2414.85
2017-11-30,2428.34
2017-11-29,2429.95
2017-11-28,2425.82
2017-11-25,2425.97
2017-11-24,2424.97
2017-11-23,2435.77
2017-11-22,2446.97
2017-11-21,2462.86
2017-11-18,2461.43
2017-11-17,2464.32
2017-11-16,2490.46
2017-11-15,2441.49
2017-11-14,2432.48
2017-11-11,2448.06
2017-11-10,2446.04
2017-11-09,2442.51
2017-11-08,2398.76
2017-11-04,2395.72
2017-11-03,2383.72
2017-11-02,2391.87
2017-11-01,2381.26
2017-10-31,2368.1
2017-10-28,2367.52
2017-10-27,2373.46
2017-10-26,2358.02
2017-10-25,2366.65
2017-10-24,2356.31
2017-10-21,2367.24
2017-10-20,2375.49
2017-10-19,2358.11
2017-10-18,2377.56
2017-10-17,2395.42
2017-10-14,2396.96
2017-10-13,2400.78
2017-10-12,2402.61
2017-10-11,2407.73
2017-10-10,2403.87
2017-10-07,2355.13
2017-10-06,2366.67
2017-10-05,2369.68
2017-10-04,2366.97
2017-10-03,2366.37
2017-09-30,2400.53
2017-09-29,2412.46
2017-09-28,2408.36
2017-09-27,2416.8
2017-09-26,2397.7
2017-09-23,2404.09
2017-09-22,2428.57
2017-09-21,2457.4
2017-09-20,2444.1
2017-09-19,2435.14
2017-09-16,2450.91
2017-09-15,2457.3
2017-09-14,2470.08
2017-09-13,2441.8
2017-09-12,2460.67
2017-09-09,2475.5
2017-09-08,2462.58
2017-09-07,2470.54
2017-09-06,2475.84
2017-09-05,2479.32
2017-09-02,2460.84
2017-09-01,2457.88
2017-08-31,2474.72
2017-08-30,2490.44
2017-08-29,2419.35
2017-08-26,2447.5
2017-08-25,2444.99
2017-08-24,2445.68
2017-08-23,2439.33
2017-08-22,2448.27
2017-08-19,2471.99
2017-08-18,2449.51
2017-08-17,2435.97
2017-08-16,2455.75
2017-08-15,2463.02
2017-08-12,2492.94
2017-08-11,2464.17
2017-08-10,2444.34
2017-08-09,2432.93
2017-08-08,2428.31
2017-08-05,2461.92
2017-08-04,2464.5
2017-08-03,2467.12
2017-08-02,2437.9
2017-08-01,2445.42
2017-07-29,2411.34
2017-07-28,2410.62
2017-07-27,2398.83
2017-07-26,2407.86
2017-07-25,2408.75
2017-07-22,2363.19
2017-07-21,2348.87
2017-07-20,2361.5
2017-07-19,2361.38
2017-07-18,2335.49
2017-07-15,2346.73
2017-07-14,2363.34
2017-07-13,2376.69
2017-07-12,2366.63
2017-07-11,2341.12
2017-07-08,2369.08
2017-07-07,2371.28
2017-07-06,2340.55
2017-07-05,2331.3
2017-07-04,2341.83
2017-07-01,2373.75
2017-06-30,2368.09
2017-06-29,2395.94
2017-06-28,2367.22
2017-06-27,2353.82
2017-06-24,2409.58
2017-06-23,2419.97
2017-06-22,2405.61
2017-06-21,2347.59
2017-06-20,2331.31
2017-06-17,2332.76
2017-06-16,2327.5
2017-06-15,2325.42
2017-06-14,2307.78
2017-06-10,2335.26
2017-06-09,2353.92
2017-06-08,2351.86
2017-06-07,2346.63
2017-06-06,2331.16
2017-06-03,2298.14
2017-06-02,2301.5
2017-06-01,2303.34
2017-05-31,2294.58
2017-05-30,2306.55
2017-05-27,2308.3
2017-05-26,2266.17
2017-05-25,2264.02
2017-05-24,2290.86
2017-05-23,2280.13
2017-05-20,2300.58
2017-05-19,2330.53
2017-05-18,2270.37
2017-05-17,2232.16
2017-05-16,2238.06
2017-05-13,2256.71
2017-05-12,2242.15
2017-05-11,2283.73
2017-05-06,2332.61
2017-05-05,2287.51
2017-05-04,2301.71
2017-05-03,2299.42
2017-04-29,2318.58
2017-04-28,2315.75
2017-04-27,2290.2
2017-04-26,2281.14
2017-04-25,2293.05
2017-04-22,2316.77
2017-04-21,2321.52
2017-04-20,2315.48
2017-04-19,2312.71
2017-04-18,2322.38
2017-04-15,2324.19
2017-04-14,2340.43
2017-04-13,2321.61
2017-04-12,2299.38
2017-04-11,2313.04
2017-04-08,2313.7
2017-04-07,2274.91
2017-04-06,2250.78
2017-04-05,2288.6
2017-04-04,2249.39
2017-04-01,2234.03
2017-03-31,2267.37
2017-03-30,2297.02
2017-03-29,2294.86
2017-03-28,2304.33
2017-03-25,2296.73
2017-03-24,2307.87
2017-03-23,2309.07
2017-03-22,2267.05
2017-03-21,2270.87
2017-03-18,2288.71
2017-03-17,2295.03
2017-03-16,2284.9
2017-03-15,2281.23
2017-03-14,2296.22
2017-03-11,2278.09
2017-03-10,2278.48
2017-03-08,2292.23
2017-03-07,2309.12
2017-03-04,2327.25
2017-03-03,2334.69
2017-03-02,2338.69
2017-03-01,2332.97
2017-02-28,2340.04
2017-02-23,2286.78
2017-02-22,2285.64
2017-02-21,2307.45
2017-02-18,2300.29
2017-02-17,2272.45
2017-02-16,2236.21
2017-02-15,2282.65
2017-02-14,2294.96
2017-02-11,2319.04
2017-02-10,2356.4
2017-02-09,2364.18
2017-02-08,2342.73
2017-02-07,2306.41
2017-02-04,2313.26
2017-02-03,2360.69
2017-02-02,2346.2
2017-02-01,2315.82
2017-01-31,2301.46
2017-01-28,2296.54
2017-01-27,2284.59
2017-01-26,2288.67
2017-01-25,2309.96
2017-01-24,2322.0
2017-01-21,2300.38
2017-01-20,2296.25
2017-01-19,2307.12
2017-01-18,2325.18
2017-01-17,2304.95
2017-01-14,2283.58
2017-01-13,2308.2
2017-01-12,2297.0
2017-01-11,2280.67
2017-01-10,2264.82
2016-12-31,2260.43
2016-12-30,2222.29
2016-12-29,2223.06
2016-12-28,2212.97
2016-12-27,2214.78
2016-12-24,2212.76
2016-12-23,2212.29
2016-12-22,2228.76
2016-12-21,2250.56
2016-12-20,2260.06
2016-12-17,2253.08
2016-12-16,2244.14
2016-12-15,2269.68
2016-12-14,2272.36
2016-12-13,2285.54
2016-12-10,2378.98
2016-12-09,2394.18
2016-12-08,2406.68
2016-12-07,2405.07
2016-12-06,2394.11
2016-12-03,2416.6
2016-12-02,2392.88
2016-12-01,2490.52
2016-11-30,2479.11
2016-11-29,2481.74
2016-11-26,2467.03
2016-11-25,2466.91
2016-11-24,2496.78
2016-11-23,2490.73
2016-11-22,2513.92
2016-11-19,2524.47
2016-11-18,2571.28
2016-11-17,2543.59
2016-11-16,2590.07
2016-11-15,2588.75
2016-11-12,2632.8
2016-11-11,2611.59
2016-11-10,2679.81
2016-11-09,2631.14
2016-11-08,2643.95
2016-11-04,2639.93
2016-11-03,2642.09
2016-11-02,2609.91
2016-11-01,2589.79
2016-10-29,2560.16
2016-10-28,2572.59
2016-10-27,2549.96
2016-10-26,2532.11
2016-10-25,2535.14
2016-10-22,2537.77
2016-10-21,2547.07
2016-10-20,2554.89
2016-10-19,2551.0
2016-10-18,2543.42
2016-10-15,2544.06
2016-10-14,2562.09
2016-10-13,2526.83
2016-10-12,2512.3
2016-10-11,2531.56
2016-10-08,2513.88
2016-10-07,2538.45
2016-10-06,2558.29
2016-10-05,2627.78
2016-10-04,2651.74
2016-10-01,2706.56
2016-09-30,2682.09
2016-09-29,2723.88
2016-09-28,2735.48
2016-09-27,2756.1
2016-09-24,2742.98
2016-09-23,2732.89
2016-09-22,2734.04
2016-09-21,2738.4
2016-09-20,2744.69
2016-09-17,2746.26
2016-09-16,2767.95
2016-09-15,2764.1
2016-09-14,2768.19
2016-09-13,2776.51
2016-09-10,2755.24
2016-09-09,2772.54
2016-09-08,2791.75
2016-09-07,2772.29
2016-09-06,2765.82
2016-09-03,2777.39
2016-09-02,2739.42
2016-09-01,2757.65
2016-08-31,2752.19
2016-08-30,2759.35
2016-08-27,2757.61
2016-08-26,2765.63
2016-08-25,2786.69
2016-08-24,2787.23
2016-08-23,2754.43
2016-08-20,2768.7
2016-08-19,2752.31
2016-08-18,2762.66
2016-08-17,2773.86
2016-08-16,2764.54
2016-08-13,2764.91
2016-08-12,2807.66
2016-08-11,2816.99
2016-08-10,2776.27
2016-08-09,2782.85
2016-08-06,2872.21
2016-08-05,2884.19
2016-08-04,2927.73
2016-08-03,2920.42
2016-08-02,2860.25
2016-07-30,2872.53
2016-07-29,2851.02
2016-07-28,2800.41
2016-07-27,2792.61
2016-07-26,2744.63
2016-07-23,2749.35
2016-07-22,2709.04
2016-07-21,2702.82
2016-07-20,2697.9
2016-07-19,2691.03
2016-07-16,2702.18
2016-07-15,2709.81
2016-07-14,2751.43
2016-07-13,2779.46
2016-07-12,2803.64
2016-07-09,2801.22
2016-07-08,2815.21
2016-07-07,2846.74
2016-07-06,2778.59
2016-07-05,2761.56
2016-07-02,2740.98
2016-07-01,2717.35
2016-06-30,2722.37
2016-06-29,2733.78
2016-06-28,2770.65
2016-06-25,2768.01
2016-06-24,2617.54
2016-06-23,2591.38
2016-06-22,2642.61
2016-06-21,2646.7
2016-06-18,2702.51
2016-06-17,2767.58
2016-06-16,2716.86
2016-06-15,2716.08
2016-06-11,2635.03
2016-06-10,2578.73
2016-06-09,2604.36
2016-06-08,2601.98
2016-06-07,2623.98
2016-06-04,2602.89
2016-06-03,2608.5
2016-06-02,2604.89
2016-06-01,2568.47
2016-05-31,2584.04
2016-05-28,2593.05
2016-05-27,2571.58
2016-05-26,2586.24
2016-05-25,2678.76
2016-05-24,2695.39
2016-05-21,2681.48
2016-05-20,2668.9
2016-05-19,2658.54
2016-05-18,2634.4
2016-05-17,2672.48
2016-05-14,2661.96
2016-05-13,2648.89
2016-05-12,2708.62
2016-05-11,2697.27
2016-05-07,2724.56
2016-05-06,2702.64
2016-05-05,2723.8
2016-04-30,2636.13
2016-04-29,2630.62
2016-04-28,2607.75
2016-04-27,2637.64
2016-04-26,2636.71
2016-04-23,2651.47
2016-04-22,2629.26
2016-04-21,2649.12
2016-04-20,2620.75
2016-04-19,2716.76
2016-04-16,2611.25
2016-04-15,2651.61
2016-04-14,2634.05
2016-04-13,2685.95
2016-04-12,2691.71
2016-04-09,2678.82
2016-04-08,2697.37
2016-04-07,2700.35
2016-04-06,2727.61
2016-04-05,2682.67
2016-04-02,2659.65
2016-04-01,2691.21
2016-03-31,2691.39
2016-03-30,2688.99
2016-03-29,2660.8
2016-03-26,2686.47
2016-03-25,2695.94
2016-03-24,2679.67
2016-03-23,2727.75
2016-03-22,2752.59
2016-03-19,2758.89
2016-03-18,2798.51
2016-03-17,2815.81
2016-03-16,2797.73
2016-03-15,2834.16
2016-03-12,2853.2
2016-03-11,2850.82
2016-03-10,2927.93
2016-03-05,2991.79
2016-03-04,2947.77
2016-03-03,2910.01
2016-03-02,2952.29
2016-03-01,3011.6
2016-02-27,2971.89
2016-02-26,3034.25
2016-02-25,3026.51
2016-02-21,3053.09
2016-02-20,2999.04
2016-02-19,2921.89
2016-02-18,3009.54
2016-02-17,2971.01
2016-02-16,3021.92
2016-02-13,3167.94
2016-02-12,3111.44
2016-02-11,3008.35
2016-02-10,3007.48
2016-02-09,2899.65
2016-02-06,2880.69
2016-02-05,2817.8
2016-02-04,2879.52
2016-02-03,2815.09
2016-02-02,2753.33
2016-01-30,2689.71
2016-01-29,2783.42
2016-01-28,2835.69
2016-01-27,2932.99
2016-01-26,2760.59
2016-01-23,2843.38
2016-01-22,2947.67
2016-01-21,2792.84
2016-01-20,2742.92
2016-01-19,2758.0
2016-01-16,2661.26
2016-01-15,2683.54
2016-01-14,2658.2
2016-01-13,2696.48
2016-01-12,2697.53
2016-01-01,2490.71
