Date,PIKK
2016-01-04,174.59945678710938
2016-01-05,172.73597717285156
2016-01-06,172.1688232421875
2016-01-11,169.41412353515625
2016-01-12,170.22433471679688
2016-01-13,171.5206756591797
2016-01-14,170.143310546875
2016-01-15,171.43963623046875
2016-01-18,171.1965789794922
2016-01-19,170.143310546875
2016-01-20,172.1688232421875
2016-01-21,170.22433471679688
2016-01-22,170.143310546875
2016-01-25,170.22433471679688
2016-01-26,171.7637176513672
2016-01-27,177.11109924316406
2016-01-28,173.38414001464844
2016-01-29,170.22433471679688
2016-02-01,174.1943359375
2016-02-02,173.22210693359375
2016-02-03,170.71046447753906
2016-02-04,176.94903564453125
2016-02-05,170.71046447753906
2016-02-08,169.009033203125
2016-02-09,172.24986267089844
2016-02-10,171.1965789794922
2016-02-11,169.41412353515625
2016-02-12,170.143310546875
2016-02-15,168.52288818359375
2016-02-16,166.4973907470703
2016-02-17,169.0900421142578
2016-02-18,178.97454833984375
2016-02-19,185.5372314453125
2016-02-22,198.09544372558594
2016-02-24,202.5515594482422
2016-02-25,202.5515594482422
2016-02-26,200.6070556640625
2016-02-29,202.71359252929688
2016-03-01,202.5515594482422
2016-03-02,202.5515594482422
2016-03-03,202.5515594482422
2016-03-04,202.71359252929688
2016-03-07,206.5215606689453
2016-03-09,206.197509765625
2016-03-10,202.63258361816406
2016-03-11,202.71359252929688
2016-03-14,202.71359252929688
2016-03-15,200.364013671875
2016-03-16,203.60484313964844
2016-03-17,203.76687622070312
2016-03-18,202.5515594482422
2016-03-21,202.63258361816406
2016-03-22,202.5515594482422
2016-03-23,204.4150390625
2016-03-24,204.4150390625
2016-03-25,204.8201446533203
2016-03-28,202.14646911621094
2016-03-29,202.63258361816406
2016-03-30,203.92889404296875
2016-03-31,203.60484313964844
2016-04-01,203.52381896972656
2016-04-04,204.98219299316406
2016-04-05,202.71359252929688
2016-04-06,202.71359252929688
2016-04-07,205.46829223632812
2016-04-08,202.9566650390625
2016-04-11,202.5515594482422
2016-04-12,202.87562561035156
2016-04-13,202.79461669921875
2016-04-14,202.87562561035156
2016-04-15,203.52381896972656
2016-04-18,202.9566650390625
2016-04-19,203.19972229003906
2016-04-20,204.49606323242188
2016-04-21,202.79461669921875
2016-04-22,203.52381896972656
2016-04-25,202.5515594482422
2016-04-26,203.92889404296875
2016-04-27,203.28074645996094
2016-04-28,210.6536102294922
2016-04-29,202.79461669921875
2016-05-04,202.5515594482422
2016-05-05,202.5515594482422
2016-05-06,203.76687622070312
2016-05-10,203.3617706298828
2016-05-11,207.81788635253906
2016-05-12,204.8201446533203
2016-05-13,202.87562561035156
2016-05-16,203.3617706298828
2016-05-17,204.17198181152344
2016-05-18,203.92889404296875
2016-05-19,203.03768920898438
2016-05-20,204.90115356445312
2016-05-23,208.95217895507812
2016-05-24,208.3850555419922
2016-05-25,208.22300720214844
2016-05-26,202.79461669921875
2016-05-27,203.19972229003906
2016-05-30,205.63034057617188
2016-05-31,203.3617706298828
2016-06-01,204.90115356445312
2016-06-02,204.33401489257812
2016-06-03,202.47055053710938
2016-06-06,204.4150390625
2016-06-07,202.87562561035156
2016-06-08,202.5515594482422
2016-06-09,202.5515594482422
2016-06-10,202.5515594482422
2016-06-14,201.6603240966797
2016-06-15,200.4450225830078
2016-06-16,199.22970581054688
2016-06-17,203.3617706298828
2016-06-20,202.5515594482422
2016-06-21,202.5515594482422
2016-06-22,200.28297424316406
2016-06-23,202.5515594482422
2016-06-24,202.5515594482422
2016-06-27,202.5515594482422
2016-06-28,202.5515594482422
2016-06-29,202.5515594482422
2016-06-30,202.5515594482422
2016-07-01,201.9844207763672
2016-07-04,202.3895263671875
2016-07-05,202.5515594482422
2016-07-06,201.6603240966797
2016-07-07,202.14646911621094
2016-07-08,197.447265625
2016-07-11,202.5515594482422
2016-07-12,203.3617706298828
2016-07-13,202.5515594482422
2016-07-14,202.5515594482422
2016-07-15,200.68809509277344
2016-07-18,200.12094116210938
2016-07-19,200.5260467529297
2016-07-20,202.14646911621094
2016-07-21,202.14646911621094
2016-07-22,202.14646911621094
2016-07-25,202.30850219726562
2016-07-26,202.9566650390625
2016-07-27,202.5515594482422
2016-07-28,202.5515594482422
2016-07-29,202.5515594482422
2016-08-01,202.5515594482422
2016-08-02,202.5515594482422
2016-08-03,202.5515594482422
2016-08-04,202.5515594482422
2016-08-05,202.63258361816406
2016-08-08,205.06320190429688
2016-08-09,202.63258361816406
2016-08-10,203.03768920898438
2016-08-11,203.03768920898438
2016-08-12,203.52381896972656
2016-08-15,209.68136596679688
2016-08-16,209.60037231445312
2016-08-17,210.16749572753906
2016-08-18,208.14198303222656
2016-08-19,208.14198303222656
2016-08-22,209.03321838378906
2016-08-23,214.70465087890625
2016-08-24,221.99652099609375
2016-08-25,220.3760986328125
2016-08-26,220.3760986328125
2016-08-29,220.86224365234375
2016-08-30,222.80670166015625
2016-08-31,220.21405029296875
2016-09-01,220.53814697265625
2016-09-02,225.88551330566406
2016-09-05,225.39939880371094
2016-09-06,226.0475616455078
2016-09-07,225.7234649658203
2016-09-08,226.8577423095703
2016-09-09,228.23512268066406
2016-09-12,226.8577423095703
2016-09-13,227.50588989257812
2016-09-14,226.69569396972656
2016-09-15,228.47816467285156
2016-09-16,227.58692932128906
2016-09-19,228.0730438232422
2016-09-20,228.55918884277344
2016-09-21,228.6402130126953
2016-09-22,232.0430450439453
2016-09-23,232.0430450439453
2016-09-26,231.07083129882812
2016-09-27,234.39263916015625
2016-09-28,235.20286560058594
2016-09-29,236.0130615234375
2016-09-30,236.58021545410156
2016-10-03,236.49920654296875
2016-10-04,236.49920654296875
2016-10-05,235.0408172607422
2016-10-06,235.9320831298828
2016-10-07,235.77003479003906
2016-10-10,235.60797119140625
2016-10-11,234.8787841796875
2016-10-12,233.33938598632812
2016-10-13,233.42042541503906
2016-10-14,235.0408172607422
2016-10-17,233.33938598632812
2016-10-18,233.09634399414062
2016-10-19,233.5824432373047
2016-10-20,230.0985870361328
2016-10-21,233.5824432373047
2016-10-24,231.71897888183594
2016-10-25,231.5569305419922
2016-10-26,230.90878295898438
2016-10-27,230.1796112060547
2016-10-28,228.3971405029297
2016-10-31,230.9897918701172
2016-11-01,233.82553100585938
2016-11-02,228.23512268066406
2016-11-03,226.8577423095703
2016-11-07,226.8577423095703
2016-11-08,226.8577423095703
2016-11-09,227.58692932128906
2016-11-10,227.2628631591797
2016-11-11,226.53367614746094
2016-11-14,224.91326904296875
2016-11-15,224.91326904296875
2016-11-16,224.50816345214844
2016-11-17,226.12857055664062
2016-11-18,225.56141662597656
2016-11-21,223.9409942626953
2016-11-22,223.37387084960938
2016-11-23,224.18409729003906
2016-11-24,224.18409729003906
2016-11-25,225.64242553710938
2016-11-28,225.64242553710938
2016-11-29,225.88551330566406
2016-11-30,226.0475616455078
2016-12-01,225.318359375
2016-12-02,226.77671813964844
2016-12-05,227.18182373046875
2016-12-06,225.56141662597656
2016-12-07,228.47816467285156
2016-12-08,227.9920196533203
2016-12-09,225.96652221679688
2016-12-12,224.18409729003906
2016-12-13,223.37387084960938
2016-12-14,224.67018127441406
2016-12-15,221.4293670654297
2016-12-16,216.3250732421875
2016-12-19,222.48265075683594
2016-12-20,226.8577423095703
2016-12-21,226.9387664794922
2016-12-22,226.6147003173828
2016-12-23,230.82774353027344
2016-12-26,232.93429565429688
2016-12-27,230.82774353027344
2016-12-28,229.28834533691406
2016-12-29,233.98757934570312
2016-12-30,234.95980834960938
2017-01-03,236.17510986328125
2017-01-04,234.71676635742188
2017-01-05,232.3671417236328
2017-01-06,233.33938598632812
2017-01-09,234.1496124267578
2017-01-10,234.47366333007812
2017-01-11,231.47593688964844
2017-01-12,230.90878295898438
2017-01-13,232.6912384033203
2017-01-16,233.66348266601562
2017-01-17,233.33938598632812
2017-01-18,233.5824432373047
2017-01-19,222.80670166015625
2017-01-20,221.18629455566406
2017-01-23,228.0730438232422
2017-01-24,230.26063537597656
2017-01-25,230.74673461914062
2017-01-26,231.15184020996094
2017-01-27,231.9620361328125
2017-01-30,232.20509338378906
2017-01-31,231.63796997070312
2017-02-01,231.3138885498047
2017-02-02,229.69346618652344
2017-02-03,228.47816467285156
2017-02-06,229.93653869628906
2017-02-07,230.9897918701172
2017-02-08,231.47593688964844
2017-02-09,235.3649139404297
2017-02-10,238.36270141601562
2017-02-13,239.01083374023438
2017-02-14,235.3649139404297
2017-02-15,236.33718872070312
2017-02-16,236.9853515625
2017-02-17,235.12188720703125
2017-02-20,235.77003479003906
2017-02-21,235.0408172607422
2017-02-22,235.44595336914062
2017-02-24,236.17510986328125
2017-02-27,236.0130615234375
2017-02-28,236.0130615234375
2017-03-01,236.0130615234375
2017-03-02,234.95980834960938
2017-03-03,234.95980834960938
2017-03-06,235.0408172607422
2017-03-07,235.9320831298828
2017-03-09,234.95980834960938
2017-03-10,234.95980834960938
2017-03-13,241.44143676757812
2017-03-14,242.41371154785156
2017-03-15,242.5757293701172
2017-03-16,237.552490234375
2017-03-17,236.0130615234375
2017-03-20,233.82553100585938
2017-03-21,232.6912384033203
2017-03-22,232.3671417236328
2017-03-23,229.5314178466797
2017-03-24,229.04530334472656
2017-03-27,228.3161163330078
2017-03-28,225.7234649658203
2017-03-29,225.80447387695312
2017-03-30,233.98757934570312
2017-03-31,240.30718994140625
2017-04-03,233.09634399414062
2017-04-04,230.584716796875
2017-04-05,228.23512268066406
2017-04-06,229.28834533691406
2017-04-07,225.07528686523438
2017-04-10,226.0475616455078
2017-04-11,230.0985870361328
2017-04-12,230.0985870361328
2017-04-13,226.37161254882812
2017-04-14,226.0475616455078
2017-04-17,226.45266723632812
2017-04-18,226.0475616455078
2017-04-19,229.04530334472656
2017-04-20,229.7744903564453
2017-04-21,231.5569305419922
2017-04-24,232.853271484375
2017-04-25,232.52919006347656
2017-04-26,231.2328643798828
2017-04-27,233.09634399414062
2017-04-28,233.50146484375
2017-05-02,233.33938598632812
2017-05-03,230.42263793945312
2017-05-04,233.50146484375
2017-05-05,241.3604278564453
2017-05-10,233.25836181640625
2017-05-11,231.71897888183594
2017-05-12,239.41595458984375
2017-05-15,239.41595458984375
2017-05-16,238.20065307617188
2017-05-17,235.68899536132812
2017-05-18,228.88328552246094
2017-05-19,232.52919006347656
2017-05-22,228.80226135253906
2017-05-23,230.50367736816406
2017-05-24,236.58021545410156
2017-05-25,237.39041137695312
2017-05-26,249.70558166503906
2017-05-29,248.4902801513672
2017-05-30,246.3026885986328
2017-05-31,244.68228149414062
2017-06-01,249.70558166503906
2017-06-02,243.46697998046875
2017-06-05,248.73329162597656
2017-06-06,249.54354858398438
2017-06-07,246.0596466064453
2017-06-08,247.11288452148438
2017-06-09,246.38372802734375
2017-06-13,245.33042907714844
2017-06-14,247.11288452148438
2017-06-15,235.0408172607422
2017-06-16,236.4181671142578
2017-06-19,238.9298095703125
2017-06-20,236.6612548828125
2017-06-21,236.0940704345703
2017-06-22,242.170654296875
2017-06-23,247.8420867919922
2017-06-26,245.08738708496094
2017-06-27,244.6012725830078
2017-06-28,243.7100067138672
2017-06-29,239.90206909179688
2017-06-30,240.55023193359375
2017-07-03,245.8975830078125
2017-07-04,249.54354858398438
2017-07-05,245.00636291503906
2017-07-06,243.06187438964844
2017-07-07,239.17291259765625
2017-07-10,239.01083374023438
2017-07-11,236.904296875
2017-07-12,238.20065307617188
2017-07-13,236.58021545410156
2017-07-14,241.76553344726562
2017-07-17,242.9808349609375
2017-07-18,239.33493041992188
2017-07-19,240.79330444335938
2017-07-20,239.74005126953125
2017-07-21,238.60574340820312
2017-07-24,238.20065307617188
2017-07-25,227.8300018310547
2017-07-26,233.17733764648438
2017-07-27,235.3649139404297
2017-07-28,232.6912384033203
2017-07-31,236.904296875
2017-08-01,236.17510986328125
2017-08-02,239.01083374023438
2017-08-03,238.44366455078125
2017-08-04,237.39041137695312
2017-08-07,234.95980834960938
2017-08-08,236.58021545410156
2017-08-09,235.44595336914062
2017-08-10,234.95980834960938
2017-08-11,237.7955322265625
2017-08-14,238.84878540039062
2017-08-15,238.11961364746094
2017-08-16,236.7422637939453
2017-08-17,238.686767578125
2017-08-18,238.9298095703125
2017-08-21,239.41595458984375
2017-08-22,240.22613525390625
2017-08-23,240.0640869140625
2017-08-24,239.49696350097656
2017-08-25,239.25390625
2017-08-28,235.3649139404297
2017-08-29,236.58021545410156
2017-08-30,236.49920654296875
2017-08-31,234.8787841796875
2017-09-01,236.82327270507812
2017-09-04,234.95980834960938
2017-09-05,242.0086212158203
2017-09-06,254.40475463867188
2017-09-07,253.189453125
2017-09-08,254.16172790527344
2017-09-11,254.8098907470703
2017-09-12,251.56903076171875
2017-09-13,251.97415161132812
2017-09-14,260.0762023925781
2017-09-15,256.02520751953125
2017-09-18,252.8653564453125
2017-09-19,251.2449493408203
2017-09-20,251.2449493408203
2017-09-21,252.7843475341797
2017-09-22,251.16392517089844
2017-09-25,254.97189331054688
2017-09-26,257.6455993652344
2017-09-27,255.29595947265625
2017-09-28,256.8353576660156
2017-09-29,256.2682189941406
2017-10-02,257.4025573730469
2017-10-03,258.53680419921875
2017-10-04,260.0762023925781
2017-10-05,262.7498474121094
2017-10-06,259.6711120605469
2017-10-09,255.53903198242188
2017-10-10,258.455810546875
2017-10-11,263.15496826171875
2017-10-12,264.3702697753906
2017-10-13,263.5600891113281
2017-10-16,251.00189208984375
2017-10-17,252.37925720214844
2017-10-18,256.02520751953125
2017-10-19,252.37925720214844
2017-10-20,256.7543640136719
2017-10-23,256.02520751953125
2017-10-24,252.37925720214844
2017-10-25,253.189453125
2017-10-26,254.5668182373047
2017-10-27,253.4324951171875
2017-10-30,252.7843475341797
2017-10-31,252.4602813720703
2017-11-01,251.89312744140625
2017-11-02,251.16392517089844
2017-11-03,252.2982177734375
2017-11-07,253.6755828857422
2017-11-08,253.51351928710938
2017-11-09,251.65005493164062
2017-11-10,254.32373046875
2017-11-13,255.3770294189453
2017-11-14,256.67333984375
2017-11-15,248.9763641357422
2017-11-16,256.2682189941406
2017-11-17,251.08291625976562
2017-11-20,250.43475341796875
2017-11-21,247.59902954101562
2017-11-22,247.7610321044922
2017-11-23,253.59458923339844
2017-11-24,246.70782470703125
2017-11-27,244.68228149414062
2017-11-28,246.70782470703125
2017-11-29,242.2516632080078
2017-11-30,242.9808349609375
2017-12-01,245.8975830078125
2017-12-04,252.05519104003906
2017-12-05,257.0784606933594
2017-12-06,259.2659912109375
2017-12-07,262.34478759765625
2017-12-08,253.4324951171875
2017-12-11,256.02520751953125
2017-12-12,251.65005493164062
2017-12-13,249.86761474609375
2017-12-14,251.32598876953125
2017-12-15,249.70558166503906
2017-12-18,250.1916961669922
2017-12-19,248.73329162597656
2017-12-20,247.35598754882812
2017-12-21,248.65231323242188
2017-12-22,248.8143310546875
2017-12-25,247.92312622070312
2017-12-26,251.08291625976562
2017-12-27,258.7798767089844
2017-12-28,263.2359924316406
2017-12-29,264.5323791503906
2018-01-03,265.2615051269531
2018-01-04,264.69439697265625
2018-01-05,265.5855712890625
2018-01-09,261.6966247558594
2018-01-10,261.21051025390625
2018-01-11,263.9652099609375
2018-01-12,256.8353576660156
2018-01-15,255.53903198242188
2018-01-16,252.37925720214844
2018-01-17,254.64779663085938
2018-01-18,249.38145446777344
2018-01-19,240.22613525390625
2018-01-22,246.14065551757812
2018-01-24,252.8653564453125
2018-01-25,252.37925720214844
2018-01-26,248.32821655273438
2018-01-29,247.92312622070312
2018-01-30,248.65231323242188
2018-01-31,247.1939239501953
2018-02-01,247.11288452148438
2018-02-02,247.92312622070312
2018-02-05,249.138427734375
2018-02-06,247.5179901123047
2018-02-07,247.11288452148438
2018-02-08,247.11288452148438
2018-02-09,246.86985778808594
2018-02-12,250.5967559814453
2018-02-13,254.8098907470703
2018-02-14,255.13392639160156
2018-02-15,253.756591796875
2018-02-16,256.8353576660156
2018-02-19,254.64779663085938
2018-02-20,259.2659912109375
2018-02-21,256.67333984375
2018-02-22,258.29376220703125
2018-02-26,259.9141540527344
2018-02-27,256.02520751953125
2018-02-28,261.7776794433594
2018-03-01,260.1572265625
2018-03-02,261.8586730957031
2018-03-05,258.0506591796875
2018-03-06,259.2659912109375
2018-03-07,258.29376220703125
2018-03-09,260.4812927246094
2018-03-12,261.1294860839844
2018-03-13,262.02069091796875
2018-03-14,261.6155700683594
2018-03-15,261.29150390625
2018-03-16,263.15496826171875
2018-03-19,258.2127380371094
2018-03-20,256.67333984375
2018-03-21,257.4025573730469
2018-03-22,255.94415283203125
2018-03-23,257.4835205078125
2018-03-26,253.59458923339844
2018-03-27,258.455810546875
2018-03-28,256.02520751953125
2018-03-29,256.59234619140625
2018-03-30,255.3770294189453
2018-04-02,254.40475463867188
2018-04-03,252.7843475341797
2018-04-04,254.08065795898438
2018-04-05,256.02520751953125
2018-04-06,255.21498107910156
2018-04-09,253.59458923339844
2018-04-10,250.02964782714844
2018-04-11,251.73109436035156
2018-04-12,251.32598876953125
2018-04-13,248.73329162597656
2018-04-16,253.756591796875
2018-04-17,249.05738830566406
2018-04-18,250.5157928466797
2018-04-19,253.0274200439453
2018-04-20,251.16392517089844
2018-04-23,248.65231323242188
2018-04-24,249.21945190429688
2018-04-25,249.21945190429688
2018-04-26,249.05738830566406
2018-04-27,249.46249389648438
2018-04-30,248.2471923828125
2018-05-02,248.9763641357422
2018-05-03,249.46249389648438
2018-05-04,256.51129150390625
2018-05-07,261.29150390625
2018-05-08,260.1572265625
2018-05-10,262.58782958984375
2018-05-11,262.02069091796875
2018-05-14,263.2359924316406
2018-05-15,264.1272277832031
2018-05-16,265.423583984375
2018-05-17,266.5578308105469
2018-05-18,260.2382507324219
2018-05-21,260.5623474121094
2018-05-22,262.91192626953125
2018-05-23,263.72210693359375
2018-05-24,264.5323791503906
2018-05-25,267.692138671875
2018-05-28,268.9884338378906
2018-05-29,268.09722900390625
2018-05-30,267.20599365234375
2018-05-31,267.692138671875
2018-06-01,268.9074401855469
2018-06-04,268.6643981933594
2018-06-05,269.6365966796875
2018-06-06,268.8264465332031
2018-06-07,269.7987060546875
2018-06-08,269.1505126953125
2018-06-11,271.09503173828125
2018-06-13,270.2037658691406
2018-06-14,270.12274169921875
2018-06-15,273.0395202636719
2018-06-18,268.6643981933594
2018-06-19,270.60888671875
2018-06-20,269.7176818847656
2018-06-21,271.90521240234375
2018-06-22,267.85418701171875
2018-06-25,268.8264465332031
2018-06-26,269.7176818847656
2018-06-27,269.474609375
2018-06-28,270.3658447265625
2018-06-29,270.60888671875
2018-07-02,270.3658447265625
2018-07-03,270.8519287109375
2018-07-04,271.0140075683594
2018-07-05,271.4190673828125
2018-07-06,274.9840087890625
2018-07-09,273.8497009277344
2018-07-10,274.17376708984375
2018-07-11,277.6576843261719
2018-07-12,273.7687072753906
2018-07-13,278.62994384765625
2018-07-16,275.8752136230469
2018-07-17,279.6831970214844
2018-07-18,273.36358642578125
2018-07-19,273.6876525878906
2018-07-20,274.57891845703125
2018-07-23,277.1715393066406
2018-07-24,278.2248229980469
2018-07-25,275.3080749511719
2018-07-26,276.1183166503906
2018-07-27,277.0905456542969
2018-07-30,276.4423828125
2018-07-31,277.4956359863281
2018-08-01,276.4423828125
2018-08-02,274.90301513671875
2018-08-03,277.1715393066406
2018-08-06,282.5189514160156
2018-08-07,278.7919616699219
2018-08-08,280.8175048828125
2018-08-09,283.49114990234375
2018-08-10,285.111572265625
2018-08-13,284.13934326171875
2018-08-14,283.57220458984375
2018-08-15,290.53997802734375
2018-08-16,290.8640441894531
2018-08-17,282.35687255859375
2018-08-20,285.5166931152344
2018-08-21,288.5954895019531
2018-08-22,293.45672607421875
2018-08-23,293.7807922363281
2018-08-24,293.7807922363281
2018-08-27,294.59100341796875
2018-08-28,292.48443603515625
2018-08-29,292.2414245605469
2018-08-30,294.9150695800781
2018-08-31,294.9150695800781
2018-09-03,296.99761962890625
2018-09-04,294.4052429199219
2018-09-05,298.725830078125
2018-09-06,299.5899658203125
2018-09-07,299.76275634765625
2018-09-10,298.3801574707031
2018-09-11,296.91119384765625
2018-09-12,299.67633056640625
2018-09-13,302.7007751464844
2018-09-14,300.54046630859375
2018-09-17,299.4171447753906
2018-09-18,300.36767578125
2018-09-19,297.3432312011719
2018-09-20,296.3927001953125
2018-09-21,300.8861389160156
2018-09-24,298.0345153808594
2018-09-25,299.67633056640625
2018-09-26,299.9355773925781
2018-09-27,299.2442932128906
2018-09-28,300.36767578125
2018-10-01,300.8861389160156
2018-10-02,305.2931213378906
2018-10-03,304.774658203125
2018-10-04,304.5154113769531
2018-10-05,297.77532958984375
2018-10-08,300.7997131347656
2018-10-09,300.36767578125
2018-10-10,301.836669921875
2018-10-11,301.9230651855469
2018-10-12,301.0589294433594
2018-10-15,300.1084289550781
2018-10-16,296.6519470214844
2018-10-17,301.5774230957031
2018-10-18,302.0094909667969
2018-10-19,300.1084289550781
2018-10-22,303.1328430175781
2018-10-23,304.6018371582031
2018-10-24,306.41650390625
2018-10-25,300.62689208984375
2018-10-26,298.898681640625
2018-10-29,294.232421875
2018-10-30,301.49102783203125
2018-10-31,304.42901611328125
2018-11-01,305.6387939453125
2018-11-02,305.20672607421875
2018-11-06,305.3795471191406
2018-11-07,303.4784851074219
2018-11-08,305.81158447265625
2018-11-09,301.40460205078125
2018-11-12,302.96002197265625
2018-11-13,303.82415771484375
2018-11-14,303.4784851074219
2018-11-15,305.9844055175781
2018-11-16,302.3551025390625
2018-11-19,303.7377014160156
2018-11-20,304.42901611328125
2018-11-21,307.0213623046875
2018-11-22,306.1572570800781
2018-11-23,305.6387939453125
2018-11-26,301.0589294433594
2018-11-27,302.96002197265625
2018-11-28,304.3426208496094
2018-11-29,307.799072265625
2018-11-30,303.3920593261719
2018-12-03,303.3056640625
2018-12-04,303.7377014160156
2018-12-05,304.1697692871094
2018-12-06,304.9474792480469
2018-12-07,306.76214599609375
2018-12-10,307.799072265625
2018-12-11,306.67572021484375
2018-12-12,305.4659423828125
2018-12-13,304.1697692871094
2018-12-14,304.5154113769531
2018-12-17,306.9349670410156
2018-12-18,308.92242431640625
2018-12-19,309.87298583984375
2018-12-20,312.63812255859375
2018-12-21,312.8973693847656
2018-12-24,319.2054443359375
2018-12-25,319.72393798828125
2018-12-26,325.2542724609375
2018-12-27,325.68634033203125
2018-12-28,324.56298828125
2019-01-03,323.7852783203125
2019-01-04,324.21734619140625
2019-01-08,325.4270935058594
2019-01-09,323.7852783203125
2019-01-10,323.35321044921875
2019-01-11,318.77337646484375
2019-01-14,318.08209228515625
2019-01-15,319.55108642578125
2019-01-16,313.67510986328125
2019-01-17,309.5273132324219
2019-01-18,309.2680969238281
2019-01-21,312.03326416015625
2019-01-22,313.58868408203125
2019-01-23,313.0701904296875
2019-01-24,312.8973693847656
2019-01-25,312.1196594238281
2019-01-28,311.7740173339844
2019-01-29,309.87298583984375
2019-01-30,309.78656005859375
2019-01-31,304.1697692871094
2019-02-01,304.6018371582031
2019-02-04,307.28057861328125
2019-02-05,307.6262512207031
2019-02-06,307.6262512207031
2019-02-07,308.23114013671875
2019-02-08,307.45343017578125
2019-02-11,304.42901611328125
2019-02-12,303.9969482421875
2019-02-13,303.21923828125
2019-02-14,304.2561950683594
2019-02-15,306.76214599609375
2019-02-18,304.1697692871094
2019-02-19,306.2436828613281
2019-02-20,308.92242431640625
2019-02-21,307.0213623046875
2019-02-22,307.3670349121094
2019-02-25,310.47784423828125
2019-02-26,311.94683837890625
2019-02-27,313.41583251953125
2019-02-28,310.2185974121094
2019-03-01,307.53985595703125
2019-03-04,306.76214599609375
2019-03-05,306.58929443359375
2019-03-06,304.2561950683594
2019-03-07,304.6018371582031
2019-03-11,304.86102294921875
2019-03-12,305.7251892089844
2019-03-13,304.86102294921875
2019-03-14,304.0833740234375
2019-03-15,303.7377014160156
2019-03-18,305.20672607421875
2019-03-19,304.42901611328125
2019-03-20,304.6018371582031
2019-03-21,305.6387939453125
2019-03-22,306.58929443359375
2019-03-25,305.1203308105469
2019-03-26,304.2561950683594
2019-03-27,304.42901611328125
2019-03-28,305.3795471191406
2019-03-29,304.86102294921875
2019-04-01,309.00885009765625
2019-04-02,317.3044128417969
2019-04-03,328.2787170410156
2019-04-04,317.8228454589844
2019-04-05,312.5517578125
2019-04-08,311.3419494628906
2019-04-09,309.87298583984375
2019-04-10,306.76214599609375
2019-04-11,306.67572021484375
2019-04-12,307.53985595703125
2019-04-15,306.67572021484375
2019-04-16,308.23114013671875
2019-04-17,309.3544921875
2019-04-18,312.1196594238281
2019-04-19,314.7120361328125
2019-04-22,318.1684875488281
2019-04-23,320.5880126953125
2019-04-24,315.8353576660156
2019-04-25,317.1315612792969
2019-04-26,316.1810302734375
2019-04-29,316.7859191894531
2019-04-30,315.8353576660156
2019-05-02,319.72393798828125
2019-05-03,323.35321044921875
2019-05-06,323.0075378417969
2019-05-07,322.3162841796875
2019-05-08,325.7727355957031
2019-05-10,326.9825134277344
2019-05-13,328.7107238769531
2019-05-14,330.7846374511719
2019-05-15,332.3400573730469
2019-05-16,333.89544677734375
2019-05-17,332.167236328125
2019-05-20,330.6982421875
2019-05-21,328.7107238769531
2019-05-22,331.8215637207031
2019-05-23,329.7477111816406
2019-05-24,333.7226257324219
2019-05-27,334.75958251953125
2019-05-28,335.105224609375
2019-05-29,336.66064453125
2019-05-30,336.9198913574219
2019-05-31,338.0301208496094
2019-06-03,336.0115051269531
2019-06-04,340.2322692871094
2019-06-05,338.0301208496094
2019-06-06,339.2229919433594
2019-06-07,340.0487976074219
2019-06-10,338.4889221191406
2019-06-11,338.4889221191406
2019-06-13,339.4064636230469
2019-06-14,339.1312255859375
2019-06-17,339.49822998046875
2019-06-18,339.314697265625
2019-06-19,339.7734680175781
2019-06-20,340.0487976074219
2019-06-21,338.305419921875
2019-06-24,339.8652648925781
2019-06-25,342.0673828125
2019-06-26,342.8014831542969
2019-06-27,342.8014831542969
2019-06-28,343.9942932128906
2019-07-01,343.26025390625
2019-07-02,343.26025390625
2019-07-03,341.1498107910156
2019-07-04,340.9663391113281
2019-07-05,346.8387145996094
2019-07-08,343.4437255859375
2019-07-09,344.820068359375
2019-07-10,344.45306396484375
2019-07-11,345.82940673828125
2019-07-12,344.6365966796875
2019-07-15,347.75628662109375
2019-07-16,349.4996643066406
2019-07-17,352.2523498535156
2019-07-18,352.06884765625
2019-07-19,348.3068542480469
2019-07-22,347.75628662109375
2019-07-23,350.6925048828125
2019-07-24,351.6100769042969
2019-07-25,355.0968017578125
2019-07-26,355.0050354003906
2019-07-29,363.9971618652344
2019-07-30,363.53839111328125
2019-07-31,362.43731689453125
2019-08-01,361.1527099609375
2019-08-02,361.427978515625
2019-08-05,370.69537353515625
2019-08-06,364.4559326171875
2019-08-07,356.3813781738281
2019-08-08,352.5276184082031
2019-08-09,350.3254699707031
2019-08-12,350.60076904296875
2019-08-13,346.9305114746094
2019-08-14,347.9398193359375
2019-08-15,346.5634765625
2019-08-16,345.0953674316406
2019-08-19,350.8760070800781
2019-08-20,349.95843505859375
2019-08-21,352.8946533203125
2019-08-22,351.1512756347656
2019-08-23,352.619384765625
2019-08-26,350.2337341308594
2019-08-27,348.6738586425781
2019-08-28,352.71112060546875
2019-08-29,353.6286926269531
2019-08-30,355.3720703125
2019-09-02,355.922607421875
2019-09-03,353.35345458984375
2019-09-04,353.9039611816406
2019-09-05,353.0781555175781
2019-09-06,354.1792297363281
2019-09-09,355.0968017578125
2019-09-10,356.10614013671875
2019-09-11,356.2896423339844
2019-09-12,357.2989501953125
2019-09-13,358.67529296875
2019-09-16,357.8494873046875
2019-09-17,359.7763671875
2019-09-18,358.21649169921875
2019-09-19,357.8494873046875
2019-09-20,368.8602600097656
2019-09-23,358.67529296875
2019-09-24,355.922607421875
2019-09-25,355.0968017578125
2019-09-26,364.2724304199219
2019-09-27,366.84161376953125
2019-09-30,367.4839172363281
2019-10-01,363.07958984375
2019-10-02,356.10614013671875
2019-10-03,356.1978759765625
2019-10-04,366.56634521484375
2019-10-07,354.08746337890625
2019-10-08,362.43731689453125
2019-10-09,353.26165771484375
2019-10-10,313.8064880371094
2019-10-11,310.5950012207031
2019-10-14,311.6043395996094
2019-10-15,308.3011169433594
2019-10-16,306.09893798828125
2019-10-17,311.5125732421875
2019-10-18,310.8702697753906
2019-10-21,307.6587829589844
2019-10-22,308.3011169433594
2019-10-23,309.5856628417969
2019-10-24,307.383544921875
2019-10-25,308.3011169433594
2019-10-28,307.5670471191406
2019-10-29,306.4659729003906
2019-10-30,312.0631103515625
2019-10-31,319.3118591308594
2019-11-01,325.45953369140625
2019-11-05,317.47674560546875
2019-11-06,316.00860595703125
2019-11-07,316.2839050292969
2019-11-08,314.8157958984375
2019-11-11,317.6602478027344
2019-11-12,322.0645446777344
2019-11-13,326.83587646484375
2019-11-14,325.0007629394531
2019-11-15,334.4516296386719
2019-11-18,333.99285888671875
2019-11-19,333.6258239746094
2019-11-20,334.81866455078125
2019-11-21,332.2494812011719
2019-11-22,337.2961120605469
2019-11-25,343.810791015625
2019-11-26,348.6738586425781
2019-11-27,351.4265441894531
2019-11-28,350.50897216796875
2019-11-29,353.9039611816406
2019-12-02,355.0968017578125
2019-12-03,352.8946533203125
2019-12-04,353.720458984375
2019-12-05,354.4544982910156
2019-12-06,356.9319152832031
2019-12-09,353.5369567871094
2019-12-10,357.39068603515625
2019-12-11,360.23516845703125
2019-12-12,360.23516845703125
2019-12-13,363.7218933105469
2019-12-16,363.3548889160156
2019-12-17,360.87744140625
2019-12-18,361.427978515625
2019-12-19,362.8960876464844
2019-12-20,358.5835266113281
2019-12-23,362.0702819824219
2019-12-24,362.43731689453125
2019-12-25,361.8867492675781
2019-12-26,365.2817687988281
2019-12-27,367.7591552734375
2019-12-30,367.3921203613281
2020-01-03,373.44805908203125
2020-01-06,371.6129455566406
2020-01-08,373.2645263671875
2020-01-09,373.0810241699219
2020-01-10,373.9068603515625
2020-01-13,372.34698486328125
2020-01-14,375.283203125
2020-01-15,373.0810241699219
2020-01-16,374.4573669433594
2020-01-17,375.19140625
2020-01-20,373.2645263671875
2020-01-21,378.8616638183594
2020-01-22,375.4667053222656
2020-01-23,375.283203125
2020-01-24,372.34698486328125
2020-01-27,377.85235595703125
2020-01-28,391.79931640625
2020-01-29,392.6251220703125
2020-01-30,398.9562683105469
2020-01-31,399.6903381347656
2020-02-03,395.4695739746094
2020-02-04,400.60791015625
2020-02-05,402.71832275390625
2020-02-06,402.5348205566406
2020-02-07,398.4057922363281
2020-02-10,400.4244079589844
2020-02-11,401.8924865722656
2020-02-12,404.6451721191406
2020-02-13,400.057373046875
2020-02-14,393.6344299316406
2020-02-17,399.1398010253906
2020-02-18,400.3326110839844
2020-02-19,399.1398010253906
2020-02-20,397.48822021484375
2020-02-21,399.7821350097656
2020-02-25,386.2939453125
2020-02-26,381.70611572265625
2020-02-27,375.4667053222656
2020-02-28,358.67529296875
2020-03-02,365.5570068359375
2020-03-03,376.84307861328125
2020-03-04,368.4014587402344
2020-03-05,368.8602600097656
2020-03-06,352.5276184082031
2020-03-10,354.4544982910156
2020-03-11,352.8946533203125
2020-03-12,339.2229919433594
2020-03-13,349.22442626953125
2020-03-16,349.22442626953125
2020-03-17,340.32403564453125
2020-03-18,330.3226013183594
2020-03-19,344.0860290527344
2020-03-20,352.71112060546875
2020-03-23,344.0860290527344
2020-03-24,359.225830078125
2020-03-25,369.31903076171875
2020-03-26,375.9255065917969
2020-03-27,372.530517578125
2020-03-30,367.94268798828125
2020-03-31,376.20074462890625
2020-04-01,374.82440185546875
2020-04-02,380.0545349121094
2020-04-03,377.6688537597656
2020-04-06,369.9613037109375
2020-04-07,364.91473388671875
2020-04-08,369.68603515625
2020-04-09,365.832275390625
2020-04-10,365.19000244140625
2020-04-13,358.76702880859375
2020-04-14,362.43731689453125
2020-04-15,353.26165771484375
2020-04-16,359.40936279296875
2020-04-17,357.48248291015625
2020-04-20,361.3362121582031
2020-04-21,351.7935791015625
2020-04-22,358.67529296875
2020-04-23,358.76702880859375
2020-04-24,358.76702880859375
2020-04-27,358.85882568359375
2020-04-28,362.98785400390625
2020-04-29,360.23516845703125
2020-04-30,359.225830078125
2020-05-04,360.0516357421875
2020-05-05,358.4000244140625
2020-05-06,354.5462646484375
2020-05-07,351.33477783203125
2020-05-08,348.58209228515625
2020-05-12,347.114013671875
2020-05-13,342.7096862792969
2020-05-14,337.6631164550781
2020-05-15,334.0845947265625
2020-05-18,338.12188720703125
2020-05-19,344.5448303222656
2020-05-20,338.94769287109375
2020-05-21,338.94769287109375
2020-05-22,337.9383544921875
2020-05-25,338.94769287109375
2020-05-26,339.5899963378906
2020-05-27,341.5168762207031
2020-05-28,346.5634765625
2020-05-29,349.316162109375
2020-06-01,345.9211730957031
2020-06-02,347.5727844238281
2020-06-03,351.88531494140625
2020-06-04,355.0968017578125
2020-06-05,357.6659851074219
2020-06-08,365.3735046386719
2020-06-09,359.9598693847656
2020-06-10,363.630126953125
2020-06-11,363.07958984375
2020-06-15,367.5756530761719
2020-06-16,376.1089782714844
2020-06-17,380.2380065917969
2020-06-18,378.12762451171875
2020-06-19,382.1649169921875
2020-06-22,385.28460693359375
2020-06-23,390.0559387207031
2020-06-25,387.21148681640625
2020-06-26,389.7806701660156
2020-06-29,392.2580871582031
2020-06-30,389.9642028808594
2020-07-02,392.349853515625
2020-07-03,390.147705078125
2020-07-06,393.35919189453125
2020-07-07,389.23016357421875
2020-07-08,385.00933837890625
2020-07-09,381.8896484375
2020-07-10,376.0172119140625
2020-07-13,367.0251159667969
2020-07-14,389.046630859375
2020-07-15,391.248779296875
2020-07-16,392.99212646484375
2020-07-17,395.4695739746094
2020-07-20,398.2222595214844
2020-07-21,417.03228759765625
2020-07-22,419.1426696777344
2020-07-23,413.3620300292969
2020-07-24,418.3168640136719
2020-07-27,422.9964294433594
2020-07-28,440.888916015625
2020-07-29,457.4967956542969
2020-07-30,449.1470031738281
2020-07-31,449.697509765625
2020-08-03,458.5978698730469
2020-08-04,459.6989440917969
2020-08-05,458.5061340332031
2020-08-06,457.03802490234375
2020-08-07,453.8265380859375
2020-08-10,452.8172302246094
2020-08-11,446.85308837890625
2020-08-12,451.4408874511719
2020-08-13,454.9276123046875
2020-08-14,455.7534484863281
2020-08-17,457.9555969238281
2020-08-18,452.5419921875
2020-08-19,454.1935729980469
2020-08-20,453.64306640625
2020-08-21,454.1935729980469
2020-08-24,454.28533935546875
2020-08-25,454.3771057128906
2020-08-26,457.03802490234375
2020-08-27,458.04736328125
2020-08-28,458.7814025878906
2020-08-31,462.7268981933594
2020-09-01,476.8573913574219
2020-09-02,490.07025146484375
2020-09-03,491.81365966796875
2020-09-04,487.13409423828125
2020-09-07,500.1634521484375
2020-09-08,511.4494934082031
2020-09-09,516.2208251953125
2020-09-10,520.4415893554688
2020-09-11,519.3405151367188
2020-09-14,518.239501953125
2020-09-15,521.450927734375
2020-09-16,521.6344604492188
2020-09-17,516.7713623046875
2020-09-18,517.7807006835938
2020-09-21,497.4107666015625
2020-09-22,505.3935852050781
2020-09-23,517.5054321289062
2020-09-24,512.1835327148438
2020-09-25,511.3577575683594
2020-09-28,516.5878295898438
2020-09-29,520.80859375
2020-09-30,522.8272705078125
2020-10-01,522.552001953125
2020-10-02,520.4415893554688
2020-10-05,522.552001953125
2020-10-06,522.4602661132812
2020-10-07,523.1025390625
2020-10-08,523.1025390625
2020-10-09,540.4089965820312
2020-10-12,544.135986328125
2020-10-13,546.5250854492188
2020-10-14,557.5148315429688
2020-10-15,557.5148315429688
2020-10-16,557.5148315429688
2020-10-19,573.5693969726562
2020-10-20,576.0540161132812
2020-10-21,576.0540161132812
2020-10-22,572.422607421875
2020-10-23,567.6444702148438
2020-10-26,555.125732421875
2020-10-27,551.30322265625
2020-10-28,545.4738159179688
2020-10-29,543.7537231445312
2020-10-30,542.60693359375
2020-11-02,538.2110595703125
2020-11-03,539.26220703125
2020-11-05,552.8322143554688
2020-11-06,553.787841796875
2020-11-09,562.1973876953125
2020-11-10,562.8663330078125
2020-11-11,565.446533203125
2020-11-12,564.2042236328125
2020-11-13,559.0438232421875
2020-11-16,562.4840698242188
2020-11-17,567.6444702148438
2020-11-18,569.1734619140625
2020-11-19,573.8560791015625
2020-11-20,569.93798828125
2020-11-23,562.4840698242188
2020-11-24,571.94482421875
2020-11-25,569.5557250976562
2020-11-26,570.8936157226562
2020-11-27,570.7980346679688
2020-11-30,569.26904296875
2020-12-01,567.739990234375
2020-12-02,568.122314453125
2020-12-03,570.8936157226562
2020-12-04,565.6376953125
2020-12-07,569.5557250976562
2020-12-08,569.460205078125
2020-12-09,558.9482421875
2020-12-10,559.9038696289062
2020-12-11,556.1768798828125
2020-12-14,555.125732421875
2020-12-15,555.5079345703125
2020-12-16,562.0062255859375
2020-12-17,557.9926147460938
2020-12-18,557.1325073242188
2020-12-21,554.0745239257812
2020-12-22,556.1768798828125
2020-12-23,555.0301513671875
2020-12-24,555.4124145507812
2020-12-25,560.955078125
2020-12-28,565.3509521484375
2020-12-29,567.26220703125
2020-12-30,570.0335693359375
2021-01-04,569.5557250976562
2021-01-05,573.4738159179688
2021-01-06,570.1290893554688
2021-01-08,570.1290893554688
2021-01-11,566.6888427734375
2021-01-12,567.3577880859375
2021-01-13,559.4260864257812
2021-01-14,565.9243774414062
2021-01-15,572.7092895507812
2021-01-18,584.081298828125
2021-01-19,615.3304443359375
2021-01-20,615.8082885742188
2021-01-21,619.6307983398438
2021-01-22,618.2929077148438
2021-01-25,644.859375
2021-01-26,661.0095825195312
2021-01-27,652.1222534179688
2021-01-28,646.6751098632812
2021-01-29,673.5283203125
2021-02-01,666.361083984375
2021-02-02,703.15283203125
2021-02-03,699.1392211914062
2021-02-04,710.6067504882812
2021-02-05,715.8627319335938
2021-02-08,740.4224243164062
2021-02-09,731.4395751953125
2021-02-10,706.306396484375
2021-02-11,704.3951416015625
2021-02-12,721.5009765625
2021-02-15,726.2791137695312
2021-02-16,731.7261962890625
2021-02-17,726.661376953125
2021-02-18,732.5862426757812
2021-02-19,739.7534790039062
2021-02-22,748.9275512695312
2021-02-24,742.9071044921875
2021-02-25,747.0162963867188
2021-02-26,739.3712768554688
2021-03-01,724.3678588867188
2021-03-02,746.2518310546875
2021-03-03,743.3849487304688
2021-03-04,747.302978515625
2021-03-05,722.6477661132812
2021-03-09,719.2074584960938
2021-03-10,719.5897216796875
2021-03-11,710.2245483398438
2021-03-12,706.4020385742188
2021-03-15,694.7432861328125
2021-03-16,711.371337890625
2021-03-17,710.0333862304688
2021-03-18,719.2074584960938
2021-03-19,718.9207763671875
2021-03-22,735.7398681640625
2021-03-23,751.6988525390625
2021-03-24,766.4155883789062
2021-03-25,759.2483520507812
2021-03-26,765.2688598632812
2021-03-29,806.5520629882812
2021-03-30,832.8319091796875
2021-03-31,885.2960205078125
2021-04-01,878.1288452148438
2021-04-02,880.6134033203125
2021-04-05,858.4428100585938
2021-04-06,877.1732177734375
2021-04-07,881.3779296875
2021-04-08,880.708984375
2021-04-09,872.6817016601562
2021-04-12,904.7908935546875
2021-04-13,927.5348510742188
2021-04-14,920.3676147460938
2021-04-15,910.9069213867188
2021-04-16,910.33349609375
2021-04-19,929.9239501953125
2021-04-20,906.033203125
2021-04-21,919.220947265625
2021-04-22,921.3232421875
2021-04-23,933.173095703125
2021-04-26,944.9273681640625
2021-04-27,921.9922485351562
2021-04-28,924.7635498046875
2021-04-29,895.6168212890625
2021-04-30,879.08447265625
2021-05-04,895.3301391601562
2021-05-05,927.6304321289062
2021-05-06,947.0297241210938
2021-05-07,942.7294311523438
2021-05-10,947.9853515625
2021-05-11,953.7191772460938
2021-05-12,962.98876953125
2021-05-13,978.4700317382812
2021-05-14,980.4000244140625
2021-05-17,962.2999877929688
2021-05-18,955.7999877929688
2021-05-19,943.9000244140625
2021-05-20,979.9000244140625
2021-05-21,988.9000244140625
2021-05-24,995.7000122070312
2021-05-25,980.4000244140625
2021-05-26,990.5999755859375
2021-05-27,993.0999755859375
2021-05-28,1010.7999877929688
2021-05-31,1028.5999755859375
2021-06-01,1056.0
2021-06-02,1049.199951171875
2021-06-03,1059.800048828125
2021-06-04,1089.5
2021-06-07,1116.0999755859375
2021-06-08,1120.5
2021-06-09,1106.199951171875
2021-06-10,1082.5999755859375
2021-06-11,1097.699951171875
2021-06-14,1110.4000244140625
2021-06-15,1088.199951171875
2021-06-16,1082.0
2021-06-17,1086.9000244140625
2021-06-18,1095.4000244140625
2021-06-21,1119.5999755859375
2021-06-22,1114.199951171875
2021-06-23,1116.0999755859375
2021-06-24,1097.699951171875
2021-06-25,1113.199951171875
2021-06-28,1107.300048828125
2021-06-29,1091.0
2021-06-30,1082.0
2021-07-01,1083.9000244140625
2021-07-02,1090.800048828125
2021-07-05,1088.5999755859375
2021-07-06,1063.0999755859375
2021-07-07,1070.300048828125
2021-07-08,1058.699951171875
2021-07-09,1041.5
2021-07-12,1026.0
2021-07-13,1038.199951171875
2021-07-14,1036.5
2021-07-15,1044.699951171875
2021-07-16,1031.699951171875
2021-07-19,1031.5
2021-07-20,1037.699951171875
2021-07-21,1031.0
2021-07-22,1030.0
2021-07-23,1021.7000122070312
2021-07-26,1052.4000244140625
2021-07-27,1092.0999755859375
2021-07-28,1145.0
2021-07-29,1134.0
2021-07-30,1151.300048828125
2021-08-02,1175.0999755859375
2021-08-03,1177.800048828125
2021-08-04,1195.300048828125
2021-08-05,1181.0999755859375
2021-08-06,1176.9000244140625
2021-08-09,1189.699951171875
2021-08-10,1192.199951171875
2021-08-11,1189.199951171875
2021-08-12,1190.199951171875
2021-08-13,1188.0
2021-08-16,1179.4000244140625
2021-08-17,1183.0999755859375
2021-08-18,1196.300048828125
2021-08-19,1192.699951171875
2021-08-20,1203.300048828125
2021-08-23,1204.4000244140625
2021-08-24,1219.0999755859375
2021-08-25,1260.699951171875
2021-08-26,1265.699951171875
2021-08-27,1299.800048828125
2021-08-30,1349.0999755859375
2021-08-31,1343.800048828125
2021-09-01,1366.300048828125
2021-09-02,1383.0
2021-09-03,1387.699951171875
2021-09-06,1413.699951171875
2021-09-07,1454.0
2021-09-08,1442.699951171875
2021-09-09,1439.9000244140625
2021-09-10,1440.800048828125
2021-09-13,1448.800048828125
2021-09-14,1455.300048828125
2021-09-15,1460.5999755859375
2021-09-16,1461.5
2021-09-17,1482.0999755859375
2021-09-20,1463.5999755859375
2021-09-21,1484.800048828125
2021-09-22,1498.0
2021-09-23,1484.0999755859375
2021-09-24,1446.5999755859375
2021-09-27,1416.5999755859375
2021-09-28,1400.9000244140625
2021-09-29,1398.199951171875
2021-09-30,1402.300048828125
2021-10-01,1272.5
2021-10-04,1237.5
2021-10-05,1171.0999755859375
2021-10-06,1282.300048828125
2021-10-07,1304.5999755859375
2021-10-08,1315.0
2021-10-11,1327.300048828125
2021-10-12,1323.300048828125
2021-10-13,1298.199951171875
2021-10-14,1270.0
2021-10-15,1227.4000244140625
2021-10-18,1290.699951171875
2021-10-19,1229.9000244140625
2021-10-20,1205.0999755859375
2021-10-21,1162.5999755859375
2021-10-22,1198.300048828125
2021-10-25,1161.4000244140625
2021-10-26,1148.5
2021-10-27,1148.0999755859375
2021-10-28,1155.0
2021-10-29,1178.9000244140625
2021-11-01,1147.800048828125
2021-11-02,1132.5
2021-11-03,1137.699951171875
2021-11-05,1117.300048828125
2021-11-08,1104.800048828125
2021-11-09,1167.800048828125
2021-11-10,1138.699951171875
2021-11-11,1118.5999755859375
2021-11-12,1101.4000244140625
2021-11-15,1115.5
2021-11-16,1104.800048828125
2021-11-17,1101.4000244140625
2021-11-18,1101.800048828125
2021-11-19,1100.4000244140625
2021-11-22,1094.9000244140625
2021-11-23,1080.0
2021-11-24,1087.0999755859375
2021-11-25,1121.5
2021-11-26,1091.0
2021-11-29,1086.0
2021-11-30,1080.0
2021-12-01,1086.699951171875
2021-12-02,1084.9000244140625
2021-12-03,1109.0
2021-12-06,1108.800048828125
2021-12-07,1103.300048828125
2021-12-08,1137.199951171875
2021-12-09,1183.4000244140625
2021-12-10,1173.0
2021-12-13,1132.0
2021-12-14,1112.4000244140625
2021-12-15,1078.800048828125
2021-12-16,1083.5
2021-12-17,1068.800048828125
2021-12-20,1032.800048828125
2021-12-21,1014.4000244140625
2021-12-22,1031.0
2021-12-23,1015.7999877929688
2021-12-24,1003.9000244140625
2021-12-27,1021.0
2021-12-28,1040.0
2021-12-29,1075.0
2021-12-30,1105.800048828125
