Date,RASP
2016-01-04,24.074283599853516
2016-01-05,23.76729965209961
2016-01-06,23.96926498413086
2016-01-11,23.26642608642578
2016-01-12,22.57166290283203
2016-01-13,22.337383270263672
2016-01-14,21.174060821533203
2016-01-15,20.576244354248047
2016-01-18,20.48737907409668
2016-01-19,20.293493270874023
2016-01-20,20.463144302368164
2016-01-21,20.535850524902344
2016-01-22,21.093276977539062
2016-01-25,20.826679229736328
2016-01-26,20.850914001464844
2016-01-27,20.79436683654785
2016-01-28,20.560087203979492
2016-01-29,20.325807571411133
2016-02-01,20.39851188659668
2016-02-02,20.45506477355957
2016-02-03,20.762052536010742
2016-02-04,21.133668899536133
2016-02-05,21.89305877685547
2016-02-08,21.973846435546875
2016-02-09,20.88323211669922
2016-02-10,20.64087677001953
2016-02-11,20.1480770111084
2016-02-12,20.115760803222656
2016-02-15,20.196548461914062
2016-02-16,20.293493270874023
2016-02-17,20.576244354248047
2016-02-18,20.88323211669922
2016-02-19,20.568164825439453
2016-02-22,20.5924015045166
2016-02-24,20.382356643676758
2016-02-25,20.293493270874023
2016-02-26,20.196548461914062
2016-02-29,20.18039321899414
2016-03-01,20.58432388305664
2016-03-02,20.341964721679688
2016-03-03,20.24502182006836
2016-03-04,20.430828094482422
2016-03-07,20.511615753173828
2016-03-09,20.438907623291016
2016-03-10,20.24502182006836
2016-03-11,20.576244354248047
2016-03-14,20.576244354248047
2016-03-15,20.68126678466797
2016-03-16,20.49545669555664
2016-03-17,20.42275047302246
2016-03-18,20.325807571411133
2016-03-21,20.438907623291016
2016-03-22,20.325807571411133
2016-03-23,20.414670944213867
2016-03-24,20.374277114868164
2016-03-25,20.358125686645508
2016-03-28,20.366199493408203
2016-03-29,20.28541374206543
2016-03-30,20.277334213256836
2016-03-31,19.95418930053711
2016-04-01,19.065540313720703
2016-04-04,19.291746139526367
2016-04-05,19.146331787109375
2016-04-06,19.146331787109375
2016-04-07,18.992835998535156
2016-04-08,19.396764755249023
2016-04-11,20.075368881225586
2016-04-12,21.973846435546875
2016-04-13,21.90921401977539
2016-04-14,21.351791381835938
2016-04-15,22.595897674560547
2016-04-18,23.880399703979492
2016-04-19,23.015989303588867
2016-04-20,23.30681800842285
2016-04-21,22.822099685668945
2016-04-22,22.717079162597656
2016-04-25,23.37952423095703
2016-04-26,22.90288734436035
2016-04-27,23.629961013793945
2016-04-28,24.80136489868164
2016-04-29,24.17930793762207
2016-05-04,23.9127140045166
2016-05-05,23.629961013793945
2016-05-06,23.26642608642578
2016-05-10,22.111183166503906
2016-05-11,22.103103637695312
2016-05-12,21.779958724975586
2016-05-13,21.271007537841797
2016-05-16,21.392183303833008
2016-05-17,21.3598690032959
2016-05-18,21.4487361907959
2016-05-19,22.2081241607666
2016-05-20,22.127338409423828
2016-05-23,22.822099685668945
2016-05-24,22.830177307128906
2016-05-25,22.822099685668945
2016-05-26,22.329303741455078
2016-05-27,22.070791244506836
2016-05-30,22.09502601623535
2016-05-31,21.884981155395508
2016-06-01,21.335634231567383
2016-06-02,21.246767044067383
2016-06-03,21.19829750061035
2016-06-06,21.400264739990234
2016-06-07,21.262928009033203
2016-06-08,21.311397552490234
2016-06-09,20.68126678466797
2016-06-10,20.325807571411133
2016-06-14,20.446983337402344
2016-06-15,20.39851188659668
2016-06-16,19.95418930053711
2016-06-17,20.05113410949707
2016-06-20,19.711833953857422
2016-06-21,21.343711853027344
2016-06-22,21.408342361450195
2016-06-23,22.216201782226562
2016-06-24,22.09502601623535
2016-06-27,21.52144432067871
2016-06-28,22.175811767578125
2016-06-29,22.248517990112305
2016-06-30,23.015989303588867
2016-07-01,23.751140594482422
2016-07-04,24.413589477539062
2016-07-05,23.258344650268555
2016-07-06,22.797863006591797
2016-07-07,22.42624855041504
2016-07-08,22.078868865966797
2016-07-11,23.250268936157227
2016-07-12,23.02406883239746
2016-07-13,23.072538375854492
2016-07-14,22.983673095703125
2016-07-15,22.7009220123291
2016-07-18,23.226030349731445
2016-07-19,23.815773010253906
2016-07-20,23.823850631713867
2016-07-21,23.928871154785156
2016-07-22,23.5087833404541
2016-07-25,23.387605667114258
2016-07-26,23.662275314331055
2016-07-27,27.22494888305664
2016-07-28,27.13608169555664
2016-07-29,26.780622482299805
2016-08-01,27.507699966430664
2016-08-02,26.821016311645508
2016-08-03,27.459228515625
2016-08-04,28.549840927124023
2016-08-05,28.380189895629883
2016-08-08,27.935863494873047
2016-08-09,27.645034790039062
2016-08-10,27.733898162841797
2016-08-11,27.91162872314453
2016-08-12,28.905303955078125
2016-08-15,29.236522674560547
2016-08-16,28.945693969726562
2016-08-17,29.406177520751953
2016-08-18,30.472553253173828
2016-08-19,31.5389347076416
2016-08-22,32.29024124145508
2016-08-23,32.43565368652344
2016-08-24,33.324302673339844
2016-08-25,33.227359771728516
2016-08-26,31.50661849975586
2016-08-29,31.627796173095703
2016-08-30,32.274085998535156
2016-08-31,32.24177551269531
2016-09-01,32.088279724121094
2016-09-02,31.409671783447266
2016-09-05,31.59547996520996
2016-09-06,32.799198150634766
2016-09-07,34.729984283447266
2016-09-08,36.84658432006836
2016-09-09,37.16164779663086
2016-09-12,38.29266357421875
2016-09-13,37.5494270324707
2016-09-14,38.76121520996094
2016-09-15,38.89047622680664
2016-09-16,37.88064956665039
2016-09-19,40.91820526123047
2016-09-20,40.4254150390625
2016-09-21,40.393096923828125
2016-09-22,43.6164665222168
2016-09-23,45.21603012084961
2016-09-26,48.1485710144043
2016-09-27,44.868656158447266
2016-09-28,45.95927047729492
2016-09-29,45.11909103393555
2016-09-30,43.68917465209961
2016-10-03,45.0867805480957
2016-10-04,45.68459701538086
2016-10-05,43.85882568359375
2016-10-06,44.5131950378418
2016-10-07,43.939613342285156
2016-10-10,44.327388763427734
2016-10-11,46.67826843261719
2016-10-12,46.56516647338867
2016-10-13,46.1693115234375
2016-10-14,45.935035705566406
2016-10-17,48.22936248779297
2016-10-18,50.21670150756836
2016-10-19,50.152069091796875
2016-10-20,49.368438720703125
2016-10-21,50.442901611328125
2016-10-24,55.26584243774414
2016-10-25,54.247928619384766
2016-10-26,54.55491638183594
2016-10-27,55.01539993286133
2016-10-28,55.33854675292969
2016-10-31,55.78287124633789
2016-11-01,58.96583938598633
2016-11-02,57.390506744384766
2016-11-03,55.290069580078125
2016-11-07,55.50011444091797
2016-11-08,55.74247741699219
2016-11-09,56.95426940917969
2016-11-10,57.891387939453125
2016-11-11,58.957767486572266
2016-11-14,59.72523498535156
2016-11-15,59.741397857666016
2016-11-16,57.35012435913086
2016-11-17,56.55034255981445
2016-11-18,56.06562042236328
2016-11-21,56.54225158691406
2016-11-22,56.02523422241211
2016-11-23,55.435489654541016
2016-11-24,55.548587799072266
2016-11-25,56.72806930541992
2016-11-28,57.68134689331055
2016-11-29,57.317806243896484
2016-11-30,55.904048919677734
2016-12-01,56.2675895690918
2016-12-02,55.750553131103516
2016-12-05,57.07544708251953
2016-12-06,56.95426940917969
2016-12-07,56.332218170166016
2016-12-08,55.839420318603516
2016-12-09,55.50011444091797
2016-12-12,60.28266525268555
2016-12-13,60.54925537109375
2016-12-14,64.54009246826172
2016-12-15,64.27349853515625
2016-12-16,63.82109451293945
2016-12-19,63.3929328918457
2016-12-20,63.00516128540039
2016-12-21,63.70799255371094
2016-12-22,61.72066116333008
2016-12-23,63.69184112548828
2016-12-26,64.0311508178711
2016-12-27,63.263668060302734
2016-12-28,63.44947814941406
2016-12-29,63.82917404174805
2016-12-30,64.3946762084961
2017-01-03,66.0023193359375
2017-01-04,64.98442077636719
2017-01-05,64.45928955078125
2017-01-06,65.1944580078125
2017-01-09,64.22502899169922
2017-01-10,67.83617401123047
2017-01-11,72.30364227294922
2017-01-12,70.65560150146484
2017-01-13,73.91128540039062
2017-01-16,73.2326889038086
2017-01-17,71.4634780883789
2017-01-18,71.17263793945312
2017-01-19,71.09993743896484
2017-01-20,71.09185028076172
2017-01-23,70.55058288574219
2017-01-24,72.17439270019531
2017-01-25,74.54142761230469
2017-01-26,73.79818725585938
2017-01-27,73.33771514892578
2017-01-30,73.74971008300781
2017-01-31,72.82068634033203
2017-02-01,73.1357421875
2017-02-02,72.0693588256836
2017-02-03,71.64120483398438
2017-02-06,70.12242126464844
2017-02-07,70.48595428466797
2017-02-08,70.18704986572266
2017-02-09,70.0497055053711
2017-02-10,69.15299224853516
2017-02-13,66.82633972167969
2017-02-14,70.80101776123047
2017-02-15,69.07219696044922
2017-02-16,71.89971160888672
2017-02-17,70.81717681884766
2017-02-20,71.0757064819336
2017-02-21,70.2193603515625
2017-02-22,71.06761169433594
2017-02-24,68.82984161376953
2017-02-27,65.43681335449219
2017-02-28,64.071533203125
2017-03-01,67.37568664550781
2017-03-02,65.25100708007812
2017-03-03,66.57589721679688
2017-03-06,66.0831069946289
2017-03-07,62.851661682128906
2017-03-09,52.10710144042969
2017-03-10,53.730899810791016
2017-03-13,53.20579147338867
2017-03-14,53.3431282043457
2017-03-15,53.05229949951172
2017-03-16,55.257755279541016
2017-03-17,59.038551330566406
2017-03-20,61.17129898071289
2017-03-21,59.53942108154297
2017-03-22,59.41825485229492
2017-03-23,61.397518157958984
2017-03-24,59.741397857666016
2017-03-27,55.66976547241211
2017-03-28,57.0673713684082
2017-03-29,58.222618103027344
2017-03-30,58.10143280029297
2017-03-31,56.211036682128906
2017-04-03,56.655364990234375
2017-04-04,58.53768539428711
2017-04-05,59.78178024291992
2017-04-06,61.70449447631836
2017-04-07,61.155147552490234
2017-04-10,56.95426940917969
2017-04-11,59.33746337890625
2017-04-12,58.691165924072266
2017-04-13,58.20645523071289
2017-04-14,56.501869201660156
2017-04-17,58.48920822143555
2017-04-18,56.60688018798828
2017-04-19,54.886138916015625
2017-04-20,54.53068161010742
2017-04-21,54.41758346557617
2017-04-24,56.34837341308594
2017-04-25,56.48571014404297
2017-04-26,58.812355041503906
2017-04-27,58.48113250732422
2017-04-28,58.96583938598633
2017-05-02,59.531341552734375
2017-05-03,58.10143280029297
2017-05-04,57.1158447265625
2017-05-05,57.1158447265625
2017-05-10,57.624794006347656
2017-05-11,56.22718811035156
2017-05-12,56.429161071777344
2017-05-15,55.41933059692383
2017-05-16,56.63111877441406
2017-05-17,56.307979583740234
2017-05-18,53.96518325805664
2017-05-19,54.005577087402344
2017-05-22,51.283077239990234
2017-05-23,53.44814682006836
2017-05-24,52.55950164794922
2017-05-25,53.28657913208008
2017-05-26,52.268672943115234
2017-05-29,51.45273208618164
2017-05-30,51.69508361816406
2017-05-31,51.75163650512695
2017-06-01,49.497703552246094
2017-06-02,47.41341781616211
2017-06-05,48.15665054321289
2017-06-06,47.04180145263672
2017-06-07,46.25817108154297
2017-06-08,44.71516036987305
2017-06-09,45.05445861816406
2017-06-13,46.59748077392578
2017-06-14,43.64070510864258
2017-06-15,44.02847671508789
2017-06-16,42.4854621887207
2017-06-19,44.327388763427734
2017-06-20,44.69900131225586
2017-06-21,43.99616241455078
2017-06-22,46.37127685546875
2017-06-23,47.46188735961914
2017-06-26,46.6217155456543
2017-06-27,48.875648498535156
2017-06-28,49.07761764526367
2017-06-29,49.198795318603516
2017-06-30,48.91604232788086
2017-07-03,49.279579162597656
2017-07-04,51.9132080078125
2017-07-05,52.349456787109375
2017-07-06,52.06670379638672
2017-07-07,51.80010986328125
2017-07-10,54.377193450927734
2017-07-11,55.290069580078125
2017-07-12,55.52435302734375
2017-07-13,55.95252227783203
2017-07-14,55.33854675292969
2017-07-17,56.54225158691406
2017-07-18,57.27741241455078
2017-07-19,57.76213073730469
2017-07-20,57.93986129760742
2017-07-21,56.93003463745117
2017-07-24,56.67959976196289
2017-07-25,56.22718811035156
2017-07-26,59.458641052246094
2017-07-27,60.08069610595703
2017-07-28,59.7656364440918
2017-07-31,59.442481994628906
2017-08-01,59.78178024291992
2017-08-02,60.51694107055664
2017-08-03,60.91278839111328
2017-08-04,60.5250244140625
2017-08-07,61.28440475463867
2017-08-08,63.33638381958008
2017-08-09,63.11017608642578
2017-08-10,64.160400390625
2017-08-11,63.7160758972168
2017-08-14,64.37043762207031
2017-08-15,64.40275573730469
2017-08-16,64.43506622314453
2017-08-17,63.998817443847656
2017-08-18,63.61913299560547
2017-08-21,64.06346130371094
2017-08-22,66.46279907226562
2017-08-23,66.9798355102539
2017-08-24,67.92503356933594
2017-08-25,70.26783752441406
2017-08-28,68.46630096435547
2017-08-29,68.53900909423828
2017-08-30,69.23377227783203
2017-08-31,69.54076385498047
2017-09-01,69.47612762451172
2017-09-04,68.81369018554688
2017-09-05,69.88005828857422
2017-09-06,69.8154296875
2017-09-07,69.20953369140625
2017-09-08,68.74905395507812
2017-09-11,69.23377227783203
2017-09-12,69.37110900878906
2017-09-13,71.45539093017578
2017-09-14,70.84142303466797
2017-09-15,70.62329864501953
2017-09-18,71.47154235839844
2017-09-19,69.12067413330078
2017-09-20,68.7894515991211
2017-09-21,67.53726959228516
2017-09-22,67.12525177001953
2017-09-25,67.41608428955078
2017-09-26,66.52742767333984
2017-09-27,67.14140319824219
2017-09-28,66.36585998535156
2017-09-29,66.22852325439453
2017-10-02,66.24468231201172
2017-10-03,66.16388702392578
2017-10-04,66.12350463867188
2017-10-05,65.88115692138672
2017-10-06,66.38201141357422
2017-10-09,69.05604553222656
2017-10-10,68.28856658935547
2017-10-11,68.10276794433594
2017-10-12,68.8783187866211
2017-10-13,69.07219696044922
2017-10-16,70.76063537597656
2017-10-17,69.88005828857422
2017-10-18,72.70758056640625
2017-10-19,70.37285614013672
2017-10-20,71.71391296386719
2017-10-23,71.77853393554688
2017-10-24,72.1420669555664
2017-10-25,70.2193603515625
2017-10-26,72.30364227294922
2017-10-27,74.88880157470703
2017-10-30,74.19404602050781
2017-10-31,72.30364227294922
2017-11-01,72.54601287841797
2017-11-02,70.93836212158203
2017-11-03,72.25517272949219
2017-11-07,72.52983856201172
2017-11-08,72.45713806152344
2017-11-09,71.73814392089844
2017-11-10,70.8091049194336
2017-11-13,70.28398895263672
2017-11-14,71.9239501953125
2017-11-15,69.5003662109375
2017-11-16,69.15299224853516
2017-11-17,69.14490509033203
2017-11-20,68.38551330566406
2017-11-21,70.28398895263672
2017-11-22,72.16631317138672
2017-11-23,72.73989868164062
2017-11-24,71.85932159423828
2017-11-27,71.25343322753906
2017-11-28,71.53618621826172
2017-11-29,70.24359893798828
2017-11-30,69.67001342773438
2017-12-01,69.48420715332031
2017-12-04,68.70866394042969
2017-12-05,68.27241516113281
2017-12-06,71.22918701171875
2017-12-07,69.29032135009766
2017-12-08,70.67176055908203
2017-12-11,72.70758056640625
2017-12-12,71.52002716064453
2017-12-13,71.75430297851562
2017-12-14,71.23726654052734
2017-12-15,71.59273529052734
2017-12-18,71.00299835205078
2017-12-19,70.4051742553711
2017-12-20,69.75080108642578
2017-12-21,69.75080108642578
2017-12-22,69.31455993652344
2017-12-25,69.88813781738281
2017-12-26,69.9608383178711
2017-12-27,69.88005828857422
2017-12-28,70.37285614013672
2017-12-29,71.90779113769531
2018-01-03,73.8466567993164
2018-01-04,78.19296264648438
2018-01-05,79.97834014892578
2018-01-09,79.67942810058594
2018-01-10,78.98466491699219
2018-01-11,80.0510482788086
2018-01-12,79.17855072021484
2018-01-15,78.60498046875
2018-01-16,78.77462768554688
2018-01-17,79.9460220336914
2018-01-18,84.0337905883789
2018-01-19,83.61371612548828
2018-01-22,84.26000213623047
2018-01-24,85.55258178710938
2018-01-25,83.4925308227539
2018-01-26,81.82025909423828
2018-01-29,81.82025909423828
2018-01-30,82.83009338378906
2018-01-31,83.10476684570312
2018-02-01,83.4036636352539
2018-02-02,82.11917114257812
2018-02-05,80.77003479003906
2018-02-06,75.94711303710938
2018-02-07,78.20103454589844
2018-02-08,79.40474700927734
2018-02-09,79.25125122070312
2018-02-12,83.05628967285156
2018-02-13,84.33271026611328
2018-02-14,85.4798812866211
2018-02-15,87.42681884765625
2018-02-16,87.19254302978516
2018-02-19,87.16830444335938
2018-02-20,87.9842529296875
2018-02-21,90.48053741455078
2018-02-22,90.28665161132812
2018-02-26,91.10258483886719
2018-02-27,90.39974212646484
2018-02-28,90.39974212646484
2018-03-01,91.6115493774414
2018-03-02,91.4499740600586
2018-03-05,91.7569580078125
2018-03-06,91.9266128540039
2018-03-07,92.21743774414062
2018-03-09,92.81526184082031
2018-03-12,92.66984558105469
2018-03-13,92.31439208984375
2018-03-14,90.60171508789062
2018-03-15,89.1556396484375
2018-03-16,90.83599090576172
2018-03-19,92.89605712890625
2018-03-20,93.82508850097656
2018-03-21,93.58273315429688
2018-03-22,83.7348861694336
2018-03-23,80.81044006347656
2018-03-26,77.36087036132812
2018-03-27,76.9084701538086
2018-03-28,74.31522369384766
2018-03-29,76.3591079711914
2018-03-30,77.19929504394531
2018-04-02,77.07003784179688
2018-04-03,77.30430603027344
2018-04-04,76.74688720703125
2018-04-05,77.15082550048828
2018-04-06,75.18771362304688
2018-04-09,65.43681335449219
2018-04-10,68.26432800292969
2018-04-11,67.40799713134766
2018-04-12,69.33879089355469
2018-04-13,68.10276794433594
2018-04-16,65.68726348876953
2018-04-17,69.07219696044922
2018-04-18,72.87723541259766
2018-04-19,72.22286224365234
2018-04-20,72.59447479248047
2018-04-23,73.67700958251953
2018-04-24,74.63836669921875
2018-04-25,74.36370849609375
2018-04-26,77.34471130371094
2018-04-27,78.80693817138672
2018-04-30,78.61305236816406
2018-05-02,78.09601593017578
2018-05-03,78.23336029052734
2018-05-04,77.95867919921875
2018-05-07,78.9281234741211
2018-05-08,79.49361419677734
2018-05-10,77.2235336303711
2018-05-11,79.75213623046875
2018-05-14,79.27549743652344
2018-05-15,79.72789764404297
2018-05-16,80.54383850097656
2018-05-17,80.29340362548828
2018-05-18,80.83467102050781
2018-05-21,79.86522674560547
2018-05-22,78.62112426757812
2018-05-23,78.23336029052734
2018-05-24,79.61479949951172
2018-05-25,79.6955795288086
2018-05-28,78.62920379638672
2018-05-29,77.36894226074219
2018-05-30,77.9909896850586
2018-05-31,78.76654052734375
2018-06-01,78.77462768554688
2018-06-04,78.47571563720703
2018-06-05,81.75563049316406
2018-06-06,85.1082534790039
2018-06-07,83.62178802490234
2018-06-08,83.76719665527344
2018-06-11,86.44123077392578
2018-06-13,88.33163452148438
2018-06-14,88.82443237304688
2018-06-15,88.81633758544922
2018-06-18,87.24909210205078
2018-06-19,84.41351318359375
2018-06-20,85.05171203613281
2018-06-21,84.98706817626953
2018-06-22,84.01764678955078
2018-06-25,83.61371612548828
2018-06-26,82.80584716796875
2018-06-27,80.9316177368164
2018-06-28,82.4746322631836
2018-06-29,82.73314666748047
2018-07-02,83.45214080810547
2018-07-03,83.37942504882812
2018-07-04,84.02572631835938
2018-07-05,83.37942504882812
2018-07-06,83.23402404785156
2018-07-09,84.59123229980469
2018-07-10,84.94668579101562
2018-07-11,84.44581604003906
2018-07-12,84.34078979492188
2018-07-13,84.41351318359375
2018-07-16,84.01764678955078
2018-07-17,84.54275512695312
2018-07-18,83.29056549072266
2018-07-19,83.8479995727539
2018-07-20,82.16764068603516
2018-07-23,82.72506713867188
2018-07-24,79.65518951416016
2018-07-25,81.19013214111328
2018-07-26,82.99974060058594
2018-07-27,82.2403564453125
2018-07-30,83.20977783203125
2018-07-31,82.74930572509766
2018-08-01,82.74121856689453
2018-08-02,80.72157287597656
2018-08-03,81.59405517578125
2018-08-06,82.0707015991211
2018-08-07,81.83641815185547
2018-08-08,81.61829376220703
2018-08-09,79.66326904296875
2018-08-10,78.27375030517578
2018-08-13,78.93619537353516
2018-08-14,83.54907989501953
2018-08-15,80.98008728027344
2018-08-16,80.0025634765625
2018-08-17,79.8571548461914
2018-08-20,81.19013214111328
2018-08-21,80.79428100585938
2018-08-22,80.87506103515625
2018-08-23,81.12550354003906
2018-08-24,81.27898406982422
2018-08-27,80.48729705810547
2018-08-28,80.39035034179688
2018-08-29,80.22876739501953
2018-08-30,79.42898559570312
2018-08-31,80.24492645263672
2018-09-03,80.39035034179688
2018-09-04,80.95584869384766
2018-09-05,80.38225555419922
2018-09-06,79.34012603759766
2018-09-07,78.75846862792969
2018-09-10,79.84099578857422
2018-09-11,78.09601593017578
2018-09-12,81.18204498291016
2018-09-13,81.8929672241211
2018-09-14,82.64427947998047
2018-09-17,85.90804290771484
2018-09-18,88.05695343017578
2018-09-19,86.84516906738281
2018-09-20,86.69974517822266
2018-09-21,87.19254302978516
2018-09-24,91.93470001220703
2018-09-25,93.80085754394531
2018-09-26,93.98666381835938
2018-09-27,92.54866790771484
2018-09-28,95.2469253540039
2018-10-01,94.77835845947266
2018-10-02,95.658935546875
2018-10-03,96.21636199951172
2018-10-04,97.7593765258789
2018-10-05,100.96659088134766
2018-10-08,99.45588684082031
2018-10-09,97.99365234375
2018-10-10,98.979248046875
2018-10-11,96.94344329833984
2018-10-12,98.75304412841797
2018-10-15,100.45763397216797
2018-10-16,102.09758758544922
2018-10-17,100.71614837646484
2018-10-18,99.36701965332031
2018-10-19,97.02423095703125
2018-10-22,96.94344329833984
2018-10-23,97.2665786743164
2018-10-24,96.98383331298828
2018-10-25,97.39583587646484
2018-10-26,96.3860092163086
2018-10-29,96.66068267822266
2018-10-30,96.83841705322266
2018-10-31,96.92727661132812
2018-11-01,97.75129699707031
2018-11-02,96.94344329833984
2018-11-06,97.15348052978516
2018-11-07,96.70108032226562
2018-11-08,96.66068267822266
2018-11-09,96.89496612548828
2018-11-12,96.82225036621094
2018-11-13,98.11483001708984
2018-11-14,104.51310729980469
2018-11-15,108.69783782958984
2018-11-16,112.85832214355469
2018-11-19,113.90853881835938
2018-11-20,110.57208251953125
2018-11-21,110.12773132324219
2018-11-22,108.41507720947266
2018-11-23,103.00240325927734
2018-11-26,101.38668060302734
2018-11-27,103.00240325927734
2018-11-28,102.51768493652344
2018-11-29,102.0248794555664
2018-11-30,101.12007904052734
2018-12-03,102.4853744506836
2018-12-04,102.80850982666016
2018-12-05,105.22401428222656
2018-12-06,103.44672393798828
2018-12-07,103.40632629394531
2018-12-10,103.00240325927734
2018-12-11,101.30590057373047
2018-12-12,102.66309356689453
2018-12-13,102.67926025390625
2018-12-14,101.33820343017578
2018-12-17,101.20088195800781
2018-12-18,101.61287689208984
2018-12-19,101.38668060302734
2018-12-20,102.59847259521484
2018-12-21,101.79061126708984
2018-12-24,101.38668060302734
2018-12-25,100.32029724121094
2018-12-26,102.85698699951172
2018-12-27,101.79061126708984
2018-12-28,102.59847259521484
2019-01-03,103.39016723632812
2019-01-04,103.16397857666016
2019-01-08,102.46922302246094
2019-01-09,103.98799896240234
2019-01-10,103.56790924072266
2019-01-11,103.69715118408203
2019-01-14,103.69715118408203
2019-01-15,104.0122299194336
2019-01-16,105.99148559570312
2019-01-17,105.44214630126953
2019-01-18,105.02205657958984
2019-01-21,106.63778686523438
2019-01-22,106.58122253417969
2019-01-23,107.68798828125
2019-01-24,106.072265625
2019-01-25,109.86922454833984
2019-01-28,108.94825744628906
2019-01-29,107.32447052001953
2019-01-30,108.25349426269531
2019-01-31,109.74805450439453
2019-02-01,111.32337188720703
2019-02-04,112.93909454345703
2019-02-05,110.93559265136719
2019-02-06,111.46879577636719
2019-02-07,113.1006851196289
2019-02-08,114.3124771118164
2019-02-11,120.04828643798828
2019-02-12,123.2958755493164
2019-02-13,122.18104553222656
2019-02-14,119.69282531738281
2019-02-15,122.9727554321289
2019-02-18,124.41075897216797
2019-02-19,126.97975158691406
2019-02-20,126.99590301513672
2019-02-21,126.38191986083984
2019-02-22,123.11815643310547
2019-02-25,122.40725708007812
2019-02-26,125.13782501220703
2019-02-27,123.5220947265625
2019-02-28,126.01032257080078
2019-03-01,120.5007095336914
2019-03-04,119.1596450805664
2019-03-05,115.4434814453125
2019-03-06,119.36968994140625
2019-03-07,116.33213806152344
2019-03-11,114.053955078125
2019-03-12,114.1347427368164
2019-03-13,113.08450317382812
2019-03-14,113.76312255859375
2019-03-15,112.89220428466797
2019-03-18,112.90837097167969
2019-03-19,112.29439544677734
2019-03-20,113.10225677490234
2019-03-21,113.10225677490234
2019-03-22,108.90132904052734
2019-03-25,108.91748809814453
2019-03-26,108.6589584350586
2019-03-27,107.8995590209961
2019-03-28,107.47945404052734
2019-03-29,106.81700897216797
2019-04-01,105.83139038085938
2019-04-02,104.16719055175781
2019-04-03,102.64837646484375
2019-04-04,106.31613159179688
2019-04-05,108.54584503173828
2019-04-08,107.49561309814453
2019-04-09,108.14191436767578
2019-04-10,107.28557586669922
2019-04-11,108.17423248291016
2019-04-12,109.62840270996094
2019-04-15,112.14897155761719
2019-04-16,113.58698272705078
2019-04-17,111.24415588378906
2019-04-18,110.88867950439453
2019-04-19,112.29439544677734
2019-04-22,111.95509338378906
2019-04-23,111.08258056640625
2019-04-24,111.89044952392578
2019-04-25,110.67863464355469
2019-04-26,111.48651123046875
2019-04-29,110.5170669555664
2019-04-30,110.42011260986328
2019-05-02,111.2926254272461
2019-05-03,110.80789947509766
2019-05-06,110.8402099609375
2019-05-07,109.93539428710938
2019-05-08,109.74150085449219
2019-05-10,109.62840270996094
2019-05-13,109.33757019042969
2019-05-14,109.38603210449219
2019-05-15,109.2406234741211
2019-05-16,108.82052612304688
2019-05-17,108.52969360351562
2019-05-20,108.52969360351562
2019-05-21,108.2873306274414
2019-05-22,109.70919036865234
2019-05-23,108.41659545898438
2019-05-24,108.3034896850586
2019-05-27,109.22447204589844
2019-05-28,111.48651123046875
2019-05-29,110.01617431640625
2019-05-30,109.38603210449219
2019-05-31,109.70919036865234
2019-06-03,109.06289672851562
2019-06-04,108.6589584350586
2019-06-05,109.61224365234375
2019-06-06,109.33757019042969
2019-06-07,110.90484619140625
2019-06-10,110.93717193603516
2019-06-11,110.87252807617188
2019-06-13,110.90484619140625
2019-06-14,109.72535705566406
2019-06-17,111.56730651855469
2019-06-18,112.21359252929688
2019-06-19,119.16131591796875
2019-06-20,116.91542053222656
2019-06-21,112.29439544677734
2019-06-24,114.47563934326172
2019-06-25,112.82758331298828
2019-06-26,113.10225677490234
2019-06-27,112.5206069946289
2019-06-28,112.69833374023438
2019-07-01,113.31229400634766
2019-07-02,112.69833374023438
2019-07-03,112.13282012939453
2019-07-04,112.69833374023438
2019-07-05,112.69833374023438
2019-07-08,115.07345581054688
2019-07-09,114.0394058227539
2019-07-10,113.11841583251953
2019-07-11,111.89044952392578
2019-07-12,111.1148910522461
2019-07-15,112.0520248413086
2019-07-16,110.67863464355469
2019-07-17,110.98563385009766
2019-07-18,110.12928771972656
2019-07-19,112.32669067382812
2019-07-22,110.92100524902344
2019-07-23,112.31055450439453
2019-07-24,111.59961700439453
2019-07-25,111.2926254272461
2019-07-26,110.969482421875
2019-07-29,109.62840270996094
2019-07-30,109.19215393066406
2019-07-31,109.33757019042969
2019-08-01,107.68951416015625
2019-08-02,105.63751220703125
2019-08-05,103.4239501953125
2019-08-06,105.0881576538086
2019-08-07,104.4903335571289
2019-08-08,103.48857879638672
2019-08-09,103.00384521484375
2019-08-12,104.73269653320312
2019-08-13,104.08638763427734
2019-08-14,102.59989929199219
2019-08-15,101.38809204101562
2019-08-16,103.31084442138672
2019-08-19,102.2121353149414
2019-08-20,103.40778350830078
2019-08-21,104.45802307128906
2019-08-22,105.34667205810547
2019-08-23,105.39514923095703
2019-08-26,108.23885345458984
2019-08-27,108.17423248291016
2019-08-28,102.406005859375
2019-08-29,101.95360565185547
2019-08-30,101.59814453125
2019-09-02,99.1422119140625
2019-09-03,101.06494903564453
2019-09-04,102.66453552246094
2019-09-05,102.30907440185547
2019-09-06,103.0684814453125
2019-09-09,104.05408477783203
2019-09-10,103.9732894897461
2019-09-11,103.08463287353516
2019-09-12,102.30907440185547
2019-09-13,103.11695098876953
2019-09-16,101.3234634399414
2019-09-17,100.91954040527344
2019-09-18,101.0164794921875
2019-09-19,100.04703521728516
2019-09-20,100.1601333618164
2019-09-23,99.31993865966797
2019-09-24,98.91600799560547
2019-09-25,98.56053924560547
2019-09-26,98.64132690429688
2019-09-27,98.15660095214844
2019-09-30,97.86576080322266
2019-10-01,97.10636901855469
2019-10-02,95.44215393066406
2019-10-03,93.06700134277344
2019-10-04,92.92158508300781
2019-10-07,91.56436157226562
2019-10-08,93.71330261230469
2019-10-09,94.7635269165039
2019-10-10,94.7796859741211
2019-10-11,94.8927993774414
2019-10-14,94.27881622314453
2019-10-15,94.45655059814453
2019-10-16,95.81376647949219
2019-10-17,95.92930603027344
2019-10-18,94.57586669921875
2019-10-21,97.46430969238281
2019-10-22,96.06135559082031
2019-10-23,94.60887908935547
2019-10-24,94.92247009277344
2019-10-25,93.6845703125
2019-10-28,91.01070404052734
2019-10-29,89.54171752929688
2019-10-30,89.47570037841797
2019-10-31,89.37667083740234
2019-11-01,87.79215240478516
2019-11-05,87.34649658203125
2019-11-06,88.58441162109375
2019-11-07,90.0203857421875
2019-11-08,88.61742401123047
2019-11-11,88.51839447021484
2019-11-12,88.55140686035156
2019-11-13,87.99021911621094
2019-11-14,85.6629638671875
2019-11-15,84.0124282836914
2019-11-18,88.30381774902344
2019-11-19,87.14844512939453
2019-11-20,85.7454833984375
2019-11-21,87.47854614257812
2019-11-22,85.92704010009766
2019-11-25,87.29698944091797
2019-11-26,85.16779327392578
2019-11-27,85.03575897216797
2019-11-28,85.26683044433594
2019-11-29,84.57360076904297
2019-12-02,84.06193542480469
2019-12-03,83.61627960205078
2019-12-04,83.61627960205078
2019-12-05,84.17747497558594
2019-12-06,84.12796020507812
2019-12-09,83.8638687133789
2019-12-10,83.76483917236328
2019-12-11,84.0124282836914
2019-12-12,84.0124282836914
2019-12-13,84.17747497558594
2019-12-16,83.84735870361328
2019-12-17,84.17747497558594
2019-12-18,87.74263763427734
2019-12-19,86.83484649658203
2019-12-20,87.89119720458984
2019-12-23,87.54456329345703
2019-12-24,90.20194244384766
2019-12-25,89.04656219482422
2019-12-26,88.86500549316406
2019-12-27,88.66694641113281
2019-12-30,87.97370910644531
2020-01-03,88.88150787353516
2020-01-06,88.36984252929688
2020-01-08,87.89119720458984
2020-01-09,97.82742309570312
2020-01-10,93.84963989257812
2020-01-13,94.03118896484375
2020-01-14,93.50302124023438
2020-01-15,92.8427963256836
2020-01-16,95.17005157470703
2020-01-17,94.32829284667969
2020-01-20,96.77108764648438
2020-01-21,94.57586669921875
2020-01-22,89.6242446899414
2020-01-23,88.23780059814453
2020-01-24,88.38634490966797
2020-01-27,85.41537475585938
2020-01-28,86.48822784423828
2020-01-29,89.22811889648438
2020-01-30,88.93102264404297
2020-01-31,86.25714874267578
2020-02-03,86.80182647705078
2020-02-04,88.38634490966797
2020-02-05,89.14559173583984
2020-02-06,89.36016845703125
2020-02-07,89.39318084716797
2020-02-10,89.70677185058594
2020-02-11,90.86215209960938
2020-02-12,92.8262939453125
2020-02-13,90.99420166015625
2020-02-14,94.85646057128906
2020-02-17,93.58554077148438
2020-02-18,91.01070404052734
2020-02-19,92.59521484375
2020-02-20,92.59521484375
2020-02-21,92.6777572631836
2020-02-25,90.7136001586914
2020-02-26,88.88150787353516
2020-02-27,84.50758361816406
2020-02-28,78.6646728515625
2020-03-02,81.6851577758789
2020-03-03,80.87639617919922
2020-03-04,80.89289855957031
2020-03-05,79.44043731689453
2020-03-06,78.54914093017578
2020-03-10,73.34993743896484
2020-03-11,75.92477416992188
2020-03-12,68.51385498046875
2020-03-13,68.51385498046875
2020-03-16,68.51385498046875
2020-03-17,72.16154479980469
2020-03-18,72.21106719970703
2020-03-19,73.03633117675781
2020-03-20,73.86160278320312
2020-03-23,74.68688201904297
2020-03-24,79.14332580566406
2020-03-25,81.00843811035156
2020-03-26,82.0978012084961
2020-03-27,78.0209732055664
2020-03-30,79.58897399902344
2020-03-31,80.62881469726562
2020-04-01,80.67833709716797
2020-04-02,82.03177642822266
2020-04-03,81.78419494628906
2020-04-06,83.28617858886719
2020-04-07,81.6851577758789
2020-04-08,83.08811950683594
2020-04-09,84.16097259521484
2020-04-10,83.43473052978516
2020-04-13,82.03177642822266
2020-04-14,83.17064666748047
2020-04-15,80.95891571044922
2020-04-16,82.65897369384766
2020-04-17,86.32317352294922
2020-04-20,85.8445053100586
2020-04-21,83.97941589355469
2020-04-22,87.32999420166016
2020-04-23,86.5872573852539
2020-04-24,87.03290557861328
2020-04-27,88.7989730834961
2020-04-28,88.00672149658203
2020-04-29,86.65328216552734
2020-04-30,87.51156616210938
2020-05-04,87.13194274902344
2020-05-05,87.4455337524414
2020-05-06,86.6202621459961
2020-05-07,86.65328216552734
2020-05-08,86.91736602783203
2020-05-12,88.93102264404297
2020-05-13,87.47854614257812
2020-05-14,87.46204376220703
2020-05-15,87.75914001464844
2020-05-18,88.4028549194336
2020-05-19,88.58441162109375
2020-05-20,89.67375946044922
2020-05-21,89.04656219482422
2020-05-22,89.95436096191406
2020-05-25,90.36698913574219
2020-05-26,90.86215209960938
2020-05-27,91.50586700439453
2020-05-28,91.58839416503906
2020-05-29,88.7164535522461
2020-06-01,90.41650390625
2020-06-02,91.02720642089844
2020-06-03,90.77963256835938
2020-06-04,90.13591766357422
2020-06-05,90.7374496459961
2020-06-08,93.09272003173828
2020-06-09,92.39800262451172
2020-06-10,91.85578155517578
2020-06-11,91.07633209228516
2020-06-15,90.66967010498047
2020-06-16,91.38133239746094
2020-06-17,93.95689392089844
2020-06-18,94.27883911132812
2020-06-19,94.39744567871094
2020-06-22,94.77021789550781
2020-06-23,95.0752182006836
2020-06-25,94.46522521972656
2020-06-26,94.78717041015625
2020-06-29,93.1604995727539
2020-06-30,91.75411224365234
2020-07-02,93.97383117675781
2020-07-03,92.7199478149414
2020-07-06,93.95689392089844
2020-07-07,93.80438995361328
2020-07-08,92.7707748413086
2020-07-09,92.73690032958984
2020-07-10,91.07633209228516
2020-07-13,92.10994720458984
2020-07-14,88.77189636230469
2020-07-15,92.34716796875
2020-07-16,90.43244934082031
2020-07-17,91.2796630859375
2020-07-20,90.65272521972656
2020-07-21,90.70355987548828
2020-07-22,90.87300109863281
2020-07-23,91.29661560058594
2020-07-24,91.29661560058594
2020-07-27,91.49994659423828
2020-07-28,91.26272583007812
2020-07-29,90.75440216064453
2020-07-30,89.05994415283203
2020-07-31,89.72078704833984
2020-08-03,90.19522857666016
2020-08-04,91.1949462890625
2020-08-05,93.22827911376953
2020-08-06,94.17717742919922
2020-08-07,95.58355712890625
2020-08-10,94.88883972167969
2020-08-11,96.04105377197266
2020-08-12,97.4643783569336
2020-08-13,98.98938751220703
2020-08-14,97.24410247802734
2020-08-17,97.85411071777344
2020-08-18,96.37995147705078
2020-08-19,98.02355194091797
2020-08-20,96.29522705078125
2020-08-21,96.04105377197266
2020-08-24,99.7179946899414
2020-08-25,98.07438659667969
2020-08-26,100.07383728027344
2020-08-27,99.73493957519531
2020-08-28,97.61688995361328
2020-08-31,97.09161376953125
2020-09-01,97.43050384521484
2020-09-02,95.83773040771484
2020-09-03,94.1941146850586
2020-09-04,94.4821548461914
2020-09-07,94.736328125
2020-09-08,94.51605224609375
2020-09-09,95.48188018798828
2020-09-10,95.48188018798828
2020-09-11,97.0238265991211
2020-09-14,97.59994506835938
2020-09-15,101.24299621582031
2020-09-16,100.14160919189453
2020-09-17,100.95494079589844
2020-09-18,100.3280029296875
2020-09-21,99.14188385009766
2020-09-22,100.73465728759766
2020-09-23,102.24272155761719
2020-09-24,101.58189392089844
2020-09-25,101.14132690429688
2020-09-28,101.71743774414062
2020-09-29,102.446044921875
2020-09-30,102.81883239746094
2020-10-01,101.48021697998047
2020-10-02,101.32771301269531
2020-10-05,102.39521789550781
2020-10-06,101.97161102294922
2020-10-07,101.48021697998047
2020-10-08,101.2091064453125
2020-10-09,100.3957748413086
2020-10-12,100.8363265991211
2020-10-13,99.49771881103516
2020-10-14,101.14531707763672
2020-10-15,101.14531707763672
2020-10-16,101.14531707763672
2020-10-19,98.35307312011719
2020-10-20,99.20288848876953
2020-10-21,98.5438461303711
2020-10-22,101.76966857910156
2020-10-23,99.86192321777344
2020-10-26,99.8445816040039
2020-10-27,98.05823516845703
2020-10-28,96.41064453125
2020-10-29,96.25454711914062
2020-10-30,96.28923797607422
2020-11-02,97.12171173095703
2020-11-03,99.0121078491211
2020-11-05,100.19145202636719
2020-11-06,99.22023010253906
2020-11-09,104.4578628540039
2020-11-10,108.39476013183594
2020-11-11,112.73055267333984
2020-11-12,113.59770965576172
2020-11-13,133.19549560546875
2020-11-16,134.56558227539062
2020-11-17,133.5596923828125
2020-11-18,133.9239044189453
2020-11-19,134.84307861328125
2020-11-20,131.80801391601562
2020-11-23,126.84789276123047
2020-11-24,125.5298080444336
2020-11-25,127.85379791259766
2020-11-26,126.98663330078125
2020-11-27,128.18331909179688
2020-11-30,126.79586791992188
2020-12-01,131.7906951904297
2020-12-02,130.95822143554688
2020-12-03,127.0906982421875
2020-12-04,127.05601501464844
2020-12-07,128.44345092773438
2020-12-08,128.70359802246094
2020-12-09,129.20654296875
2020-12-10,129.44935607910156
2020-12-11,129.43202209472656
2020-12-14,127.97518920898438
2020-12-15,127.97518920898438
2020-12-16,128.5995330810547
2020-12-17,128.5995330810547
2020-12-18,128.8770294189453
2020-12-21,132.9353485107422
2020-12-22,133.95858764648438
2020-12-23,134.28810119628906
2020-12-24,135.08587646484375
2020-12-25,134.99916076660156
2020-12-28,134.01058959960938
2020-12-29,135.29400634765625
2020-12-30,135.08587646484375
2021-01-04,136.38662719726562
2021-01-05,135.7102508544922
2021-01-06,136.4560089111328
2021-01-08,136.4560089111328
2021-01-11,137.01097106933594
2021-01-12,135.95306396484375
2021-01-13,134.4095001220703
2021-01-14,137.01097106933594
2021-01-15,137.01097106933594
2021-01-18,135.12057495117188
2021-01-19,135.7449188232422
2021-01-20,135.90101623535156
2021-01-21,136.76815795898438
2021-01-22,135.2766571044922
2021-01-25,137.947509765625
2021-01-26,142.2312774658203
2021-01-27,140.4796142578125
2021-01-28,140.51429748535156
2021-01-29,144.57260131835938
2021-02-01,144.81541442871094
2021-02-02,150.36521911621094
2021-02-03,154.80506896972656
2021-02-04,153.0880889892578
2021-02-05,152.84527587890625
2021-02-08,157.6493377685547
2021-02-09,155.94970703125
2021-02-10,155.5681610107422
2021-02-11,155.91502380371094
2021-02-12,155.30801391601562
2021-02-15,155.91502380371094
2021-02-16,154.45819091796875
2021-02-17,154.45819091796875
2021-02-18,151.6833038330078
2021-02-19,154.73568725585938
2021-02-22,157.38919067382812
2021-02-24,160.94454956054688
2021-02-25,160.94454956054688
2021-02-26,157.30247497558594
2021-03-01,157.30247497558594
2021-03-02,157.82278442382812
2021-03-03,159.31430053710938
2021-03-04,156.64344787597656
2021-03-05,154.44085693359375
2021-03-09,157.35452270507812
2021-03-10,157.35452270507812
2021-03-11,158.30838012695312
2021-03-12,157.12904357910156
2021-03-15,163.9969482421875
2021-03-16,161.04859924316406
2021-03-17,158.9500732421875
2021-03-18,157.38919067382812
2021-03-19,157.4238739013672
2021-03-22,159.33163452148438
2021-03-23,158.70729064941406
2021-03-24,158.96743774414062
2021-03-25,159.9906768798828
2021-03-26,160.37220764160156
2021-03-29,167.36151123046875
2021-03-30,164.4825439453125
2021-03-31,163.04307556152344
2021-04-01,163.0083770751953
2021-04-02,165.05487060546875
2021-04-05,164.95082092285156
2021-04-06,162.59213256835938
2021-04-07,163.285888671875
2021-04-08,163.285888671875
2021-04-09,163.5633544921875
2021-04-12,167.3788604736328
2021-04-13,167.91650390625
2021-04-14,175.58218383789062
2021-04-15,173.51834106445312
2021-04-16,201.0592803955078
2021-04-19,196.8448944091797
2021-04-20,192.37034606933594
2021-04-21,200.4522705078125
2021-04-22,215.92237854003906
2021-04-23,207.4762420654297
2021-04-26,207.37217712402344
2021-04-27,204.35447692871094
2021-04-28,207.75375366210938
2021-04-29,205.81129455566406
2021-04-30,205.8806610107422
2021-05-04,205.776611328125
2021-05-05,206.41830444335938
2021-05-06,206.21018981933594
2021-05-07,206.21018981933594
2021-05-10,206.47035217285156
2021-05-11,207.9965362548828
2021-05-12,211.65594482421875
2021-05-13,218.2983856201172
2021-05-14,218.67991638183594
2021-05-17,227.23011779785156
2021-05-18,227.26478576660156
2021-05-19,223.55335998535156
2021-05-20,230.66404724121094
2021-05-21,225.35704040527344
2021-05-24,224.02162170410156
2021-05-25,224.195068359375
2021-05-26,220.6917266845703
2021-05-27,219.20022583007812
2021-05-28,220.74375915527344
2021-05-31,224.17770385742188
2021-06-01,225.63455200195312
2021-06-02,223.10243225097656
2021-06-03,222.859619140625
2021-06-04,220.44747924804688
2021-06-07,217.53868103027344
2021-06-08,215.39256286621094
2021-06-09,211.95167541503906
2021-06-10,214.4347686767578
2021-06-11,219.3123321533203
2021-06-14,218.6028594970703
2021-06-15,214.16873168945312
2021-06-16,212.5192413330078
2021-06-17,209.50401306152344
2021-06-18,213.24642944335938
2021-06-21,209.73458862304688
2021-06-22,208.9541778564453
2021-06-23,207.10958862304688
2021-06-24,203.45587158203125
2021-06-25,199.37646484375
2021-06-28,194.7294921875
2021-06-29,189.67457580566406
2021-06-30,193.5233917236328
2021-07-01,192.79620361328125
2021-07-02,192.40599060058594
2021-07-05,217.2726287841797
2021-07-06,208.4930419921875
2021-07-07,210.56822204589844
2021-07-08,209.27345275878906
2021-07-09,212.94491577148438
2021-07-12,215.32159423828125
2021-07-13,214.41705322265625
2021-07-14,224.36724853515625
2021-07-15,220.55389404296875
2021-07-16,223.4804229736328
2021-07-19,221.40524291992188
2021-07-20,219.75575256347656
2021-07-21,220.9263458251953
2021-07-22,222.30979919433594
2021-07-23,226.194091796875
2021-07-26,225.2540740966797
2021-07-27,222.89511108398438
2021-07-28,228.6772003173828
2021-07-29,232.2777557373047
2021-07-30,228.23379516601562
2021-08-02,232.969482421875
2021-08-03,229.635009765625
2021-08-04,231.17807006835938
2021-08-05,231.14260864257812
2021-08-06,228.57078552246094
2021-08-09,231.01844787597656
2021-08-10,229.91879272460938
2021-08-11,231.81658935546875
2021-08-12,231.19583129882812
2021-08-13,235.2042694091797
2021-08-16,233.48382568359375
2021-08-17,234.05140686035156
2021-08-18,232.4019012451172
2021-08-19,226.1054229736328
2021-08-20,288.2187805175781
2021-08-23,292.617431640625
2021-08-24,292.617431640625
2021-08-25,309.6090393066406
2021-08-26,317.48406982421875
2021-08-27,318.6546936035156
2021-08-30,336.9765625
2021-08-31,340.54156494140625
2021-09-01,342.3684387207031
2021-09-02,338.14715576171875
2021-09-03,334.45794677734375
2021-09-06,340.1868591308594
2021-09-07,352.7265930175781
2021-09-08,351.78656005859375
2021-09-09,349.05511474609375
2021-09-10,354.6598815917969
2021-09-13,356.9833679199219
2021-09-14,354.94366455078125
2021-09-15,368.4943542480469
2021-09-16,361.61260986328125
2021-09-17,359.0053405761719
2021-09-20,332.5601501464844
2021-09-21,328.7467956542969
2021-09-22,345.1531066894531
2021-09-23,339.22906494140625
2021-09-24,344.0711669921875
2021-09-27,350.29669189453125
2021-09-28,344.3904113769531
2021-09-29,342.31524658203125
2021-09-30,360.406494140625
2021-10-01,362.869384765625
2021-10-04,359.1280822753906
2021-10-05,361.9105529785156
2021-10-06,363.2077941894531
2021-10-07,365.2194519042969
2021-10-08,370.44598388671875
2021-10-11,423.2943420410156
2021-10-12,435.3266906738281
2021-10-13,417.6541748046875
2021-10-14,434.6310729980469
2021-10-15,431.7734069824219
2021-10-18,449.1639099121094
2021-10-19,444.6329650878906
2021-10-20,437.7707824707031
2021-10-21,423.0499572753906
2021-10-22,422.16632080078125
2021-10-25,422.9747314453125
2021-10-26,422.9747314453125
2021-10-27,409.3443298339844
2021-10-28,406.8626708984375
2021-10-29,406.8626708984375
2021-11-01,438.9927978515625
2021-11-02,427.56207275390625
2021-11-03,431.60418701171875
2021-11-05,423.51995849609375
2021-11-08,425.5316162109375
2021-11-09,426.4904479980469
2021-11-10,408.91192626953125
2021-11-11,405.1518249511719
2021-11-12,399.2296447753906
2021-11-15,399.0792541503906
2021-11-16,389.641357421875
2021-11-17,380.4479064941406
2021-11-18,367.1747131347656
2021-11-19,358.37603759765625
2021-11-22,348.75018310546875
2021-11-23,396.78558349609375
2021-11-24,396.78558349609375
2021-11-25,389.1525573730469
2021-11-26,369.6375732421875
2021-11-29,380.3538818359375
2021-11-30,368.7727355957031
2021-12-01,368.7727355957031
2021-12-02,376.66900634765625
2021-12-03,380.69232177734375
2021-12-06,375.3341369628906
2021-12-07,375.0709533691406
2021-12-08,382.10235595703125
2021-12-09,375.9169616699219
2021-12-10,380.63592529296875
2021-12-13,373.2472839355469
2021-12-14,357.342041015625
2021-12-15,359.9176940917969
2021-12-16,353.8263244628906
2021-12-17,374.13092041015625
2021-12-20,374.13092041015625
2021-12-21,390.0737609863281
2021-12-22,399.79364013671875
2021-12-23,406.35504150390625
2021-12-24,426.7724609375
2021-12-27,430.5325622558594
2021-12-28,432.03662109375
2021-12-29,424.89239501953125
2021-12-30,441.15484619140625
