Date,SNGSP
2016-01-04,23.214420318603516
2016-01-05,23.326004028320312
2016-01-06,23.166597366333008
2016-01-11,23.060335159301758
2016-01-12,23.38976287841797
2016-01-13,23.326004028320312
2016-01-14,23.48540687561035
2016-01-15,22.847793579101562
2016-01-18,23.910480499267578
2016-01-19,24.28242301940918
2016-01-20,24.02737808227539
2016-01-21,24.65436553955078
2016-01-22,24.37540626525879
2016-01-25,24.09644889831543
2016-01-26,23.07627296447754
2016-01-27,23.490718841552734
2016-01-28,23.424299240112305
2016-01-29,24.43916893005371
2016-02-01,24.28242301940918
2016-02-02,23.697940826416016
2016-02-03,23.48540687561035
2016-02-04,23.490718841552734
2016-02-05,23.538541793823242
2016-02-08,22.874359130859375
2016-02-09,22.92483901977539
2016-02-10,22.95406150817871
2016-02-11,22.645883560180664
2016-02-12,22.95406150817871
2016-02-15,23.48274803161621
2016-02-16,23.604957580566406
2016-02-17,23.697940826416016
2016-02-18,23.644805908203125
2016-02-19,23.58636474609375
2016-02-22,23.615585327148438
2016-02-24,23.432270050048828
2016-02-25,23.575735092163086
2016-02-26,23.54916763305664
2016-02-29,23.48274803161621
2016-03-01,23.07095718383789
2016-03-02,23.094865798950195
2016-03-03,23.36319923400879
2016-03-04,23.405704498291016
2016-03-07,24.01675033569336
2016-03-09,23.804210662841797
2016-03-10,24.030033111572266
2016-03-11,23.974239349365234
2016-03-14,23.905168533325195
2016-03-15,23.860002517700195
2016-03-16,24.040658950805664
2016-03-17,24.019407272338867
2016-03-18,23.140031814575195
2016-03-21,23.07627296447754
2016-03-22,23.357881546020508
2016-03-23,23.403045654296875
2016-03-24,23.46149444580078
2016-03-25,23.44289779663086
2016-03-28,23.530569076538086
2016-03-29,23.647464752197266
2016-03-30,23.618244171142578
2016-03-31,23.88922691345215
2016-04-01,23.85734748840332
2016-04-04,23.931734085083008
2016-04-05,23.905168533325195
2016-04-06,23.769672393798828
2016-04-07,23.668720245361328
2016-04-08,23.488061904907227
2016-04-11,23.23301887512207
2016-04-12,23.0071964263916
2016-04-13,23.07627296447754
2016-04-14,23.2994327545166
2016-04-15,23.27020835876465
2016-04-18,23.07361602783203
2016-04-19,22.946090698242188
2016-04-20,22.996566772460938
2016-04-21,22.555553436279297
2016-04-22,22.688390731811523
2016-04-25,22.847793579101562
2016-04-26,22.898271560668945
2016-04-27,22.82122802734375
2016-04-28,22.688390731811523
2016-04-29,22.31644630432129
2016-05-04,21.774478912353516
2016-05-05,21.631013870239258
2016-05-06,21.774478912353516
2016-05-10,21.267045974731445
2016-05-11,21.80901527404785
2016-05-12,22.52633285522461
2016-05-13,21.74791145324707
2016-05-16,21.838239669799805
2016-05-17,22.521013259887695
2016-05-18,22.71495819091797
2016-05-19,22.449283599853516
2016-05-20,22.18095588684082
2016-05-23,22.175642013549805
2016-05-24,22.069374084472656
2016-05-25,21.89668846130371
2016-05-26,21.99233055114746
2016-05-27,22.103910446166992
2016-05-30,22.11453628540039
2016-05-31,22.02420997619629
2016-06-01,21.997644424438477
2016-06-02,21.524744033813477
2016-06-03,21.79041862487793
2016-06-06,22.117197036743164
2016-06-07,22.103910446166992
2016-06-08,21.75853729248047
2016-06-09,21.54599952697754
2016-06-10,21.17405891418457
2016-06-14,20.48331069946289
2016-06-15,20.24420738220215
2016-06-16,20.50456428527832
2016-06-17,20.642715454101562
2016-06-20,20.714447021484375
2016-06-21,20.50988006591797
2016-06-22,20.536447525024414
2016-06-23,20.462059020996094
2016-06-24,20.828685760498047
2016-06-27,20.59223747253418
2016-06-28,20.58692169189453
2016-06-29,20.403610229492188
2016-06-30,20.403610229492188
2016-07-01,20.512537002563477
2016-07-04,20.725072860717773
2016-07-05,21.00934410095215
2016-07-06,21.17405891418457
2016-07-07,20.982776641845703
2016-07-08,21.22719383239746
2016-07-11,21.519432067871094
2016-07-12,21.721343994140625
2016-07-13,21.779794692993164
2016-07-14,21.997644424438477
2016-07-15,22.967378616333008
2016-07-18,21.81900978088379
2016-07-19,20.606842041015625
2016-07-20,21.066190719604492
2016-07-21,21.356470108032227
2016-07-22,21.372417449951172
2016-07-25,21.665891647338867
2016-07-26,21.81900978088379
2016-07-27,21.633991241455078
2016-07-28,21.251205444335938
2016-07-29,20.798234939575195
2016-08-01,20.415443420410156
2016-08-02,19.90186882019043
2016-08-03,20.160253524780273
2016-08-04,20.479244232177734
2016-08-05,20.555801391601562
2016-08-08,20.587703704833984
2016-08-09,20.728059768676758
2016-08-10,20.862035751342773
2016-08-11,21.337331771850586
2016-08-12,21.448978424072266
2016-08-15,21.212923049926758
2016-08-16,20.980060577392578
2016-08-17,21.145936965942383
2016-08-18,21.027908325195312
2016-08-19,21.021530151367188
2016-08-22,21.085329055786133
2016-08-23,20.960920333862305
2016-08-24,20.670639038085938
2016-08-25,19.879541397094727
2016-08-26,20.17301368713379
2016-08-29,20.46648597717285
2016-08-30,20.431396484375
2016-08-31,20.887556076049805
2016-09-01,20.641929626464844
2016-09-02,20.629169464111328
2016-09-05,20.418638229370117
2016-09-06,20.230430603027344
2016-09-07,20.147493362426758
2016-09-08,19.917818069458008
2016-09-09,20.217670440673828
2016-09-12,20.0932674407959
2016-09-13,19.93695831298828
2016-09-14,19.780651092529297
2016-09-15,19.228797912597656
2016-09-16,18.769451141357422
2016-09-19,18.39942169189453
2016-09-20,18.970415115356445
2016-09-21,19.139480590820312
2016-09-22,19.216039657592773
2016-09-23,19.02783203125
2016-09-26,19.075681686401367
2016-09-27,19.01826286315918
2016-09-28,18.992746353149414
2016-09-29,18.79496955871582
2016-09-30,18.498310089111328
2016-10-03,18.204835891723633
2016-10-04,18.23673439025879
2016-10-05,18.361143112182617
2016-10-06,18.948087692260742
2016-10-07,19.133098602294922
2016-10-10,19.2224178314209
2016-10-11,18.944894790649414
2016-10-12,19.200088500976562
2016-10-13,19.263887405395508
2016-10-14,19.455284118652344
2016-10-17,19.483991622924805
2016-10-18,19.29259490966797
2016-10-19,18.852386474609375
2016-10-20,18.948087692260742
2016-10-21,18.77263832092285
2016-10-24,18.501497268676758
2016-10-25,18.830060958862305
2016-10-26,18.609954833984375
2016-10-27,18.635473251342773
2016-10-28,18.609954833984375
2016-10-31,18.329240798950195
2016-11-01,17.959211349487305
2016-11-02,18.501497268676758
2016-11-03,18.692893981933594
2016-11-07,18.284584045410156
2016-11-08,18.686513900756836
2016-11-09,19.005504608154297
2016-11-10,18.82367706298828
2016-11-11,18.903427124023438
2016-11-14,18.855579376220703
2016-11-15,18.82686996459961
2016-11-16,18.78221321105957
2016-11-17,18.944894790649414
2016-11-18,18.91618537902832
2016-11-21,18.79496955871582
2016-11-22,18.60676383972168
2016-11-23,18.692893981933594
2016-11-24,18.54615592956543
2016-11-25,18.75031089782715
2016-11-28,19.011882781982422
2016-11-29,19.61796760559082
2016-11-30,20.042224884033203
2016-12-01,20.096454620361328
2016-12-02,19.86678123474121
2016-12-05,20.23680877685547
2016-12-06,20.2878475189209
2016-12-07,20.31974983215332
2016-12-08,21.30862045288086
2016-12-09,21.225685119628906
2016-12-12,20.476055145263672
2016-12-13,20.884361267089844
2016-12-14,20.82694435119629
2016-12-15,20.610031127929688
2016-12-16,20.584510803222656
2016-12-19,20.539852142333984
2016-12-20,20.479244232177734
2016-12-21,19.975238800048828
2016-12-22,19.828500747680664
2016-12-23,19.93695831298828
2016-12-26,19.64986801147461
2016-12-27,19.834882736206055
2016-12-28,20.128353118896484
2016-12-29,20.351646423339844
2016-12-30,20.46010398864746
2017-01-03,21.053428649902344
2017-01-04,20.98963165283203
2017-01-05,20.574941635131836
2017-01-06,20.76314353942871
2017-01-09,20.555801391601562
2017-01-10,20.53666114807129
2017-01-11,20.364408493041992
2017-01-12,20.6483097076416
2017-01-13,20.603649139404297
2017-01-16,20.351646423339844
2017-01-17,20.479244232177734
2017-01-18,20.351646423339844
2017-01-19,20.530282974243164
2017-01-20,20.8205623626709
2017-01-23,20.670639038085938
2017-01-24,20.925830841064453
2017-01-25,20.8684139251709
2017-01-26,21.5701961517334
2017-01-27,21.216115951538086
2017-01-30,21.43621826171875
2017-01-31,21.914705276489258
2017-02-01,22.230506896972656
2017-02-02,22.01040267944336
2017-02-03,22.571826934814453
2017-02-06,22.45060920715332
2017-02-07,22.58458709716797
2017-02-08,22.396381378173828
2017-02-09,22.744083404541016
2017-02-10,22.137998580932617
2017-02-13,21.729692459106445
2017-02-14,21.69141387939453
2017-02-15,22.04230308532715
2017-02-16,22.40276336669922
2017-02-17,22.246456146240234
2017-02-20,22.099721908569336
2017-02-21,22.326204299926758
2017-02-22,21.863666534423828
2017-02-24,21.407508850097656
2017-02-27,20.546234130859375
2017-02-28,20.294227600097656
2017-03-01,20.606842041015625
2017-03-02,20.734437942504883
2017-03-03,20.728059768676758
2017-03-06,20.428205490112305
2017-03-07,19.857210159301758
2017-03-09,20.511144638061523
2017-03-10,20.351646423339844
2017-03-13,20.259140014648438
2017-03-14,20.543045043945312
2017-03-15,20.409067153930664
2017-03-16,20.291040420532227
2017-03-17,20.99281883239746
2017-03-20,21.260774612426758
2017-03-21,21.37879753112793
2017-03-22,21.685033798217773
2017-03-23,21.28629493713379
2017-03-24,21.149127960205078
2017-03-27,20.83651351928711
2017-03-28,21.30543327331543
2017-03-29,20.916261672973633
2017-03-30,20.814186096191406
2017-03-31,20.53666114807129
2017-04-03,20.418638229370117
2017-04-04,20.61322021484375
2017-04-05,20.80780601501465
2017-04-06,20.960920333862305
2017-04-07,21.085329055786133
2017-04-10,20.495193481445312
2017-04-11,20.032655715942383
2017-04-12,19.254316329956055
2017-04-13,19.713665008544922
2017-04-14,19.075681686401367
2017-04-17,19.254316329956055
2017-04-18,18.861955642700195
2017-04-19,18.76626205444336
2017-04-20,18.498310089111328
2017-04-21,18.817298889160156
2017-04-24,18.82048988342285
2017-04-25,19.458471298217773
2017-04-26,20.0198974609375
2017-04-27,19.96885871887207
2017-04-28,19.46166229248047
2017-05-02,19.509510040283203
2017-05-03,19.76151466369629
2017-05-04,20.32293701171875
2017-05-05,20.157062530517578
2017-05-10,20.032655715942383
2017-05-11,19.895490646362305
2017-05-12,19.96885871887207
2017-05-15,19.46166229248047
2017-05-16,19.13629150390625
2017-05-17,18.935325622558594
2017-05-18,19.062923431396484
2017-05-19,18.935325622558594
2017-05-22,18.651424407958984
2017-05-23,18.96722412109375
2017-05-24,18.574865341186523
2017-05-25,18.830060958862305
2017-05-26,18.92894744873047
2017-05-29,19.165000915527344
2017-05-30,18.948087692260742
2017-05-31,18.007061004638672
2017-06-01,17.659360885620117
2017-06-02,17.828426361083984
2017-06-05,17.73272705078125
2017-06-06,17.86351776123047
2017-06-07,17.381839752197266
2017-06-08,17.57642364501953
2017-06-09,17.487106323242188
2017-06-13,17.16492462158203
2017-06-14,17.040517807006836
2017-06-15,17.123456954956055
2017-06-16,17.461585998535156
2017-06-19,17.73272705078125
2017-06-20,18.498310089111328
2017-06-21,18.491928100585938
2017-06-22,18.300533294677734
2017-06-23,18.58762550354004
2017-06-26,18.310102462768555
2017-06-27,18.281394958496094
2017-06-28,18.188886642456055
2017-06-29,18.211217880249023
2017-06-30,18.17612648010254
2017-07-03,18.26225471496582
2017-07-04,18.16974639892578
2017-07-05,18.115520477294922
2017-07-06,18.054908752441406
2017-07-07,18.204835891723633
2017-07-10,18.182506561279297
2017-07-11,18.874717712402344
2017-07-12,18.62909698486328
2017-07-13,18.740739822387695
2017-07-14,18.437700271606445
2017-07-17,18.46002960205078
2017-07-18,18.65547752380371
2017-07-19,18.7043399810791
2017-07-20,18.65547752380371
2017-07-21,18.502376556396484
2017-07-24,18.68479347229004
2017-07-25,18.54146385192871
2017-07-26,18.469802856445312
2017-07-27,18.394880294799805
2017-07-28,18.192916870117188
2017-07-31,18.762971878051758
2017-08-01,19.34605598449707
2017-08-02,19.15386962890625
2017-08-03,19.40795135498047
2017-08-04,19.368860244750977
2017-08-07,19.394920349121094
2017-08-08,19.248334884643555
2017-08-09,19.411209106445312
2017-08-10,19.3037109375
2017-08-11,18.95842170715332
2017-08-14,19.091978073120117
2017-08-15,19.17667007446289
2017-08-16,18.671764373779297
2017-08-17,18.600099563598633
2017-08-18,18.72388458251953
2017-08-21,18.785776138305664
2017-08-22,18.795547485351562
2017-08-23,18.443740844726562
2017-08-24,18.56427001953125
2017-08-25,18.596843719482422
2017-08-28,18.50889015197754
2017-08-29,18.561010360717773
2017-08-30,18.56752586364746
2017-08-31,18.893272399902344
2017-09-01,19.147354125976562
2017-09-04,18.8997859954834
2017-09-05,18.945390701293945
2017-09-06,19.033342361450195
2017-09-07,18.883499145507812
2017-09-08,18.893272399902344
2017-09-11,18.776002883911133
2017-09-12,18.87047004699707
2017-09-13,18.893272399902344
2017-09-14,19.316741943359375
2017-09-15,19.460071563720703
2017-09-18,19.284168243408203
2017-09-19,19.342803955078125
2017-09-20,19.38189125061035
2017-09-21,19.284168243408203
2017-09-22,19.219018936157227
2017-09-25,19.091978073120117
2017-09-26,19.284168243408203
2017-09-27,19.306970596313477
2017-09-28,19.186445236206055
2017-09-29,19.284168243408203
2017-10-02,19.267881393432617
2017-10-03,19.082204818725586
2017-10-04,19.140838623046875
2017-10-05,19.170156478881836
2017-10-06,19.254850387573242
2017-10-09,19.29393768310547
2017-10-10,19.284168243408203
2017-10-11,19.219018936157227
2017-10-12,19.486129760742188
2017-10-13,19.486129760742188
2017-10-16,19.479616165161133
2017-10-17,19.42098045349121
2017-10-18,19.38189125061035
2017-10-19,19.05614471435547
2017-10-20,19.02031135559082
2017-10-23,18.714113235473633
2017-10-24,18.779260635375977
2017-10-25,18.473060607910156
2017-10-26,18.502376556396484
2017-10-27,18.81835174560547
2017-10-30,18.766231536865234
2017-10-31,18.893272399902344
2017-11-01,19.34931755065918
2017-11-02,19.186445236206055
2017-11-03,19.17341423034668
2017-11-07,19.92914390563965
2017-11-08,20.49268341064453
2017-11-09,20.522003173828125
2017-11-10,20.039899826049805
2017-11-13,19.75324058532715
2017-11-14,20.08550262451172
2017-11-15,19.805362701416016
2017-11-16,19.414464950561523
2017-11-17,19.42098045349121
2017-11-20,19.63271713256836
2017-11-21,19.57733726501465
2017-11-22,19.453556060791016
2017-11-23,19.609912872314453
2017-11-24,19.76301383972168
2017-11-27,19.531734466552734
2017-11-28,19.261363983154297
2017-11-29,19.05614471435547
2017-11-30,18.495861053466797
2017-12-01,18.81509017944336
2017-12-04,18.701082229614258
2017-12-05,18.79228973388672
2017-12-06,19.069175720214844
2017-12-07,18.785776138305664
2017-12-08,19.02682876586914
2017-12-11,19.534992218017578
2017-12-12,19.541507720947266
2017-12-13,19.04637336730957
2017-12-14,19.01705551147461
2017-12-15,19.473098754882812
2017-12-18,19.316741943359375
2017-12-19,18.945390701293945
2017-12-20,18.727140426635742
2017-12-21,18.4860897064209
2017-12-22,18.561010360717773
2017-12-25,18.47957420349121
2017-12-26,18.24178123474121
2017-12-27,18.3101863861084
2017-12-28,18.31995964050293
2017-12-29,18.336246490478516
2018-01-03,18.596843719482422
2018-01-04,18.561010360717773
2018-01-05,18.55449676513672
2018-01-09,18.632675170898438
2018-01-10,18.648963928222656
2018-01-11,18.736913681030273
2018-01-12,18.873727798461914
2018-01-15,18.98773956298828
2018-01-16,19.310226440429688
2018-01-17,19.818389892578125
2018-01-18,20.26140594482422
2018-01-19,20.196256637573242
2018-01-22,20.37215805053711
2018-01-24,20.16693878173828
2018-01-25,20.6066951751709
2018-01-26,20.73373794555664
2018-01-29,20.52851676940918
2018-01-30,20.000808715820312
2018-01-31,19.33954429626465
2018-02-01,19.424238204956055
2018-02-02,19.850963592529297
2018-02-05,20.359128952026367
2018-02-06,19.49590301513672
2018-02-07,19.456811904907227
2018-02-08,19.42098045349121
2018-02-09,19.219018936157227
2018-02-12,19.375377655029297
2018-02-13,19.5936279296875
2018-02-14,19.466583251953125
2018-02-15,19.447040557861328
2018-02-16,19.326513290405273
2018-02-19,19.183185577392578
2018-02-20,19.209243774414062
2018-02-21,19.414464950561523
2018-02-22,19.79558753967285
2018-02-26,19.991037368774414
2018-02-27,19.727182388305664
2018-02-28,19.219018936157227
2018-03-01,19.34931755065918
2018-03-02,19.609912872314453
2018-03-05,19.63271713256836
2018-03-06,19.336286544799805
2018-03-07,19.316741943359375
2018-03-09,19.603397369384766
2018-03-12,19.544763565063477
2018-03-13,19.805362701416016
2018-03-14,19.40143585205078
2018-03-15,19.67506217956543
2018-03-16,19.71415138244629
2018-03-19,19.896570205688477
2018-03-20,19.873767852783203
2018-03-21,19.67506217956543
2018-03-22,19.424238204956055
2018-03-23,19.492645263671875
2018-03-26,19.059402465820312
2018-03-27,18.893272399902344
2018-03-28,18.925846099853516
2018-03-29,19.342803955078125
2018-03-30,19.258106231689453
2018-04-02,19.072429656982422
2018-04-03,18.961679458618164
2018-04-04,19.039857864379883
2018-04-05,19.284168243408203
2018-04-06,19.323257446289062
2018-04-09,18.368820190429688
2018-04-10,19.658775329589844
2018-04-11,19.34931755065918
2018-04-12,19.727182388305664
2018-04-13,19.49915885925293
2018-04-16,19.342803955078125
2018-04-17,19.531734466552734
2018-04-18,19.766271591186523
2018-04-19,19.727182388305664
2018-04-20,19.873767852783203
2018-04-23,19.87051010131836
2018-04-24,19.727182388305664
2018-04-25,19.87051010131836
2018-04-26,20.453596115112305
2018-04-27,20.08875846862793
2018-04-30,20.20602798461914
2018-05-02,20.196256637573242
2018-05-03,20.339584350585938
2018-05-04,20.3689022064209
2018-05-07,20.43079376220703
2018-05-08,20.43079376220703
2018-05-10,20.274436950683594
2018-05-11,20.489429473876953
2018-05-14,20.665328979492188
2018-05-15,20.932443618774414
2018-05-16,21.153949737548828
2018-05-17,21.613252639770508
2018-05-18,21.111600875854492
2018-05-21,21.32333755493164
2018-05-22,21.531814575195312
2018-05-23,20.834716796875
2018-05-24,20.782596588134766
2018-05-25,20.740251541137695
2018-05-28,20.58063507080078
2018-05-29,20.303752899169922
2018-05-30,20.359128952026367
2018-05-31,19.857479095458984
2018-06-01,20.228830337524414
2018-06-04,20.52851676940918
2018-06-05,20.512229919433594
2018-06-06,20.456851959228516
2018-06-07,21.03668212890625
2018-06-08,20.339584350585938
2018-06-11,20.284208297729492
2018-06-13,20.5871524810791
2018-06-14,20.710935592651367
2018-06-15,20.267921447753906
2018-06-18,20.36238670349121
2018-06-19,20.4112491607666
2018-06-20,20.522003173828125
2018-06-21,20.398218154907227
2018-06-22,20.238601684570312
2018-06-25,20.228830337524414
2018-06-26,20.352615356445312
2018-06-27,20.398218154907227
2018-06-28,20.326555252075195
2018-06-29,20.603439331054688
2018-07-02,20.5871524810791
2018-07-03,20.593666076660156
2018-07-04,20.782596588134766
2018-07-05,21.434091567993164
2018-07-06,21.694686889648438
2018-07-09,22.039979934692383
2018-07-10,21.815216064453125
2018-07-11,21.629539489746094
2018-07-12,21.538330078125
2018-07-13,21.564390182495117
2018-07-16,21.78264045715332
2018-07-17,21.759836196899414
2018-07-18,22.357858657836914
2018-07-19,22.42581558227539
2018-07-20,22.39183807373047
2018-07-23,22.378246307373047
2018-07-24,22.10641860961914
2018-07-25,22.42581558227539
2018-07-26,22.663663864135742
2018-07-27,22.765600204467773
2018-07-30,23.288869857788086
2018-07-31,23.479148864746094
2018-08-01,23.784955978393555
2018-08-02,23.17333984375
2018-08-03,23.41119384765625
2018-08-06,23.132568359375
2018-08-07,23.42478370666504
2018-08-08,23.8529109954834
2018-08-09,23.886892318725586
2018-08-10,24.522287368774414
2018-08-13,24.644611358642578
2018-08-14,25.14409637451172
2018-08-15,24.94022560119629
2018-08-16,24.495105743408203
2018-08-17,24.46452522277832
2018-08-20,24.410160064697266
2018-08-21,24.138334274291992
2018-08-22,24.532482147216797
2018-08-23,24.301429748535156
2018-08-24,24.382976531982422
2018-08-27,24.410160064697266
2018-08-28,24.505300521850586
2018-08-29,25.086334228515625
2018-08-30,25.062549591064453
2018-08-31,25.429513931274414
2018-09-03,25.922204971313477
2018-09-04,25.973173141479492
2018-09-05,25.46009635925293
2018-09-06,25.701343536376953
2018-09-07,25.290205001831055
2018-09-10,26.1634521484375
2018-09-11,26.06151580810547
2018-09-12,25.44990348815918
2018-09-13,25.076139450073242
2018-09-14,25.4838809967041
2018-09-17,25.524656295776367
2018-09-18,25.34796714782715
2018-09-19,25.263019561767578
2018-09-20,25.280010223388672
2018-09-21,26.231409072875977
2018-09-24,25.436311721801758
2018-09-25,25.280010223388672
2018-09-26,25.57562255859375
2018-09-27,26.255191802978516
2018-09-28,25.87123680114746
2018-10-01,26.088699340820312
2018-10-02,25.895021438598633
2018-10-03,25.905214309692383
2018-10-04,25.35136604309082
2018-10-05,25.280010223388672
2018-10-08,25.65377426147461
2018-10-09,25.619796752929688
2018-10-10,25.748912811279297
2018-10-11,25.215452194213867
2018-10-12,25.48048210144043
2018-10-15,25.30719566345215
2018-10-16,25.34796714782715
2018-10-17,25.4838809967041
2018-10-18,25.4838809967041
2018-10-19,25.34796714782715
2018-10-22,24.42715072631836
2018-10-23,24.681987762451172
2018-10-24,24.668397903442383
2018-10-25,24.44413948059082
2018-10-26,24.522287368774414
2018-10-29,24.82130241394043
2018-10-30,24.87566566467285
2018-10-31,25.9154052734375
2018-11-01,26.231409072875977
2018-11-02,26.136268615722656
2018-11-06,26.1634521484375
2018-11-07,25.816871643066406
2018-11-08,25.612998962402344
2018-11-09,26.041128158569336
2018-11-12,25.68775177001953
2018-11-13,25.983366012573242
2018-11-14,25.745515823364258
2018-11-15,25.83725929260254
2018-11-16,25.72852897644043
2018-11-19,25.358158111572266
2018-11-20,25.001386642456055
2018-11-21,25.096525192260742
2018-11-22,25.470291137695312
2018-11-23,25.905214309692383
2018-11-26,25.789690017700195
2018-11-27,25.280010223388672
2018-11-28,25.415924072265625
2018-11-29,25.242633819580078
2018-11-30,25.65377426147461
2018-12-03,25.59940528869629
2018-12-04,25.820268630981445
2018-12-05,26.211021423339844
2018-12-06,26.591581344604492
2018-12-07,26.197429656982422
2018-12-10,25.939191818237305
2018-12-11,25.901817321777344
2018-12-12,25.77609634399414
2018-12-13,25.714935302734375
2018-12-14,25.89162254333496
2018-12-17,26.041128158569336
2018-12-18,26.571191787719727
2018-12-19,26.56439971923828
2018-12-20,26.77506446838379
2018-12-21,26.448869705200195
2018-12-24,26.24160385131836
2018-12-25,26.31635284423828
2018-12-26,26.36732292175293
2018-12-27,26.503238677978516
2018-12-28,26.44547462463379
2019-01-03,26.605175018310547
2019-01-04,26.36732292175293
2019-01-08,26.27218246459961
2019-01-09,26.088699340820312
2019-01-10,26.503238677978516
2019-01-11,26.618762969970703
2019-01-14,27.026504516601562
2019-01-15,27.49880599975586
2019-01-16,27.61093521118164
2019-01-17,27.719667434692383
2019-01-18,27.981300354003906
2019-01-21,27.957517623901367
2019-01-22,28.08323860168457
2019-01-23,27.998292922973633
2019-01-24,27.726463317871094
2019-01-25,27.583751678466797
2019-01-28,27.356098175048828
2019-01-29,27.726463317871094
2019-01-30,27.7706356048584
2019-01-31,27.570161819458008
2019-02-01,27.546377182006836
2019-02-04,27.590547561645508
2019-02-05,27.760440826416016
2019-02-06,27.825000762939453
2019-02-07,27.658506393432617
2019-02-08,27.556570053100586
2019-02-11,27.447839736938477
2019-02-12,27.536182403564453
2019-02-13,27.1726131439209
2019-02-14,27.400270462036133
2019-02-15,27.400270462036133
2019-02-18,27.29493522644043
2019-02-19,27.298330307006836
2019-02-20,27.301729202270508
2019-02-21,27.332311630249023
2019-02-22,27.352699279785156
2019-02-25,27.444440841674805
2019-02-26,27.678892135620117
2019-02-27,27.59394645690918
2019-02-28,27.301729202270508
2019-03-01,27.349300384521484
2019-03-04,27.298330307006836
2019-03-05,27.250762939453125
2019-03-06,27.291540145874023
2019-03-07,27.359493255615234
2019-03-11,27.199798583984375
2019-03-12,27.01970863342285
2019-03-13,26.87020492553711
2019-03-14,26.96534538269043
2019-03-15,26.9891300201416
2019-03-18,27.111452102661133
2019-03-19,27.237173080444336
2019-03-20,27.298330307006836
2019-03-21,27.50220489501953
2019-03-22,27.339107513427734
2019-03-25,27.043493270874023
2019-03-26,27.332311630249023
2019-03-27,27.308528900146484
2019-03-28,27.47502326965332
2019-03-29,27.692481994628906
2019-04-01,28.253128051757812
2019-04-02,27.862377166748047
2019-04-03,27.794422149658203
2019-04-04,27.852182388305664
2019-04-05,27.56336784362793
2019-04-08,27.458030700683594
2019-04-09,27.58715057373047
2019-04-10,27.61093521118164
2019-04-11,27.614330291748047
2019-04-12,27.4614315032959
2019-04-15,27.264354705810547
2019-04-16,27.114850997924805
2019-04-17,27.10125732421875
2019-04-18,26.99932289123535
2019-04-19,27.114850997924805
2019-04-22,27.159021377563477
2019-04-23,26.77506446838379
2019-04-24,26.673128128051758
2019-04-25,27.10465431213379
2019-04-26,27.002721786499023
2019-04-29,26.67992401123047
2019-04-30,26.61536407470703
2019-05-02,26.59837532043457
2019-05-03,26.941558837890625
2019-05-06,26.673128128051758
2019-05-07,26.815839767456055
2019-05-08,26.673128128051758
2019-05-10,26.605175018310547
2019-05-13,26.506633758544922
2019-05-14,26.448869705200195
2019-05-15,26.326547622680664
2019-05-16,26.11248207092285
2019-05-17,26.843021392822266
2019-05-20,27.53278350830078
2019-05-21,27.18280601501465
2019-05-22,27.444440841674805
2019-05-23,27.495407104492188
2019-05-24,27.56336784362793
2019-05-27,27.546377182006836
2019-05-28,27.570161819458008
2019-05-29,27.825000762939453
2019-05-30,27.658506393432617
2019-05-31,27.49880599975586
2019-06-03,27.74685287475586
2019-06-04,27.624528884887695
2019-06-05,27.583751678466797
2019-06-06,27.59394645690918
2019-06-07,27.583751678466797
2019-06-10,27.75704574584961
2019-06-11,28.219152450561523
2019-06-13,27.96431541442871
2019-06-14,27.80121612548828
2019-06-17,28.032270431518555
2019-06-18,28.124011993408203
2019-06-19,28.08323860168457
2019-06-20,27.858976364135742
2019-06-21,28.008481979370117
2019-06-24,28.032270431518555
2019-06-25,28.141000747680664
2019-06-26,28.2259464263916
2019-06-27,28.81377601623535
2019-06-28,28.95648765563965
2019-07-01,29.45256996154785
2019-07-02,29.56130027770996
2019-07-03,29.52392578125
2019-07-04,29.602075576782227
2019-07-05,29.51373291015625
2019-07-08,29.557905197143555
2019-07-09,29.547712326049805
2019-07-10,29.289472579956055
2019-07-11,28.412830352783203
2019-07-12,28.92250633239746
2019-07-15,28.569128036499023
2019-07-16,28.50796890258789
2019-07-17,28.686504364013672
2019-07-18,27.88100814819336
2019-07-19,26.988317489624023
2019-07-22,25.908784866333008
2019-07-23,25.9752197265625
2019-07-24,25.84235382080078
2019-07-25,25.92539405822754
2019-07-26,25.56831932067871
2019-07-29,26.40287971496582
2019-07-30,25.991825103759766
2019-07-31,25.858959197998047
2019-08-01,26.307382583618164
2019-08-02,26.57311248779297
2019-08-05,26.070716857910156
2019-08-06,26.357206344604492
2019-08-07,26.365510940551758
2019-08-08,26.332292556762695
2019-08-09,26.390422821044922
2019-08-12,26.548200607299805
2019-08-13,26.490070343017578
2019-08-14,26.35305404663086
2019-08-15,26.85960578918457
2019-08-16,26.481767654418945
2019-08-19,26.57311248779297
2019-08-20,26.490070343017578
2019-08-21,26.128843307495117
2019-08-22,26.124691009521484
2019-08-23,25.991825103759766
2019-08-26,25.9669132232666
2019-08-27,26.382118225097656
2019-08-28,26.514984130859375
2019-08-29,26.685216903686523
2019-08-30,26.776561737060547
2019-09-02,28.06785011291504
2019-09-03,31.60124397277832
2019-09-04,31.605398178100586
2019-09-05,30.011009216308594
2019-09-06,29.458786010742188
2019-09-09,28.707265853881836
2019-09-10,29.27194595336914
2019-09-11,30.226917266845703
2019-09-12,30.841419219970703
2019-09-13,30.97428321838379
2019-09-16,31.45592498779297
2019-09-17,31.746566772460938
2019-09-18,31.555572509765625
2019-09-19,31.318906784057617
2019-09-20,31.42685890197754
2019-09-23,31.40194320678711
2019-09-24,30.866329193115234
2019-09-25,30.691946029663086
2019-09-26,30.741771697998047
2019-09-27,30.484342575073242
2019-09-30,31.10715103149414
2019-10-01,31.015804290771484
2019-10-02,30.517559051513672
2019-10-03,30.471887588500977
2019-10-04,30.368085861206055
2019-10-07,30.567384719848633
2019-10-08,30.787443161010742
2019-10-09,31.057327270507812
2019-10-10,31.339664459228516
2019-10-11,31.451770782470703
2019-10-14,31.14451789855957
2019-10-15,31.323057174682617
2019-10-16,31.667675018310547
2019-10-17,31.468379974365234
2019-10-18,31.53066062927246
2019-10-21,31.680133819580078
2019-10-22,31.7714786529541
2019-10-23,32.63510513305664
2019-10-24,32.80118942260742
2019-10-25,32.72644805908203
2019-10-28,31.900192260742188
2019-10-29,31.871129989624023
2019-10-30,31.555572509765625
2019-10-31,31.289840698242188
2019-11-01,31.547269821166992
2019-11-05,31.576335906982422
2019-11-06,31.81300163269043
2019-11-07,32.149314880371094
2019-11-08,31.950016021728516
2019-11-11,32.37767791748047
2019-11-12,32.04551315307617
2019-11-13,31.509899139404297
2019-11-14,31.713350296020508
2019-11-15,31.306447982788086
2019-11-18,31.098846435546875
2019-11-19,31.1569766998291
2019-11-20,31.256624221801758
2019-11-21,31.057327270507812
2019-11-22,31.090539932250977
2019-11-25,30.97013282775879
2019-11-26,30.368085861206055
2019-11-27,30.214458465576172
2019-11-28,30.185394287109375
2019-11-29,29.96949005126953
2019-12-02,29.554285049438477
2019-12-03,29.346681594848633
2019-12-04,29.31346321105957
2019-12-05,29.637325286865234
2019-12-06,30.51340675354004
2019-12-09,30.866329193115234
2019-12-10,30.637969970703125
2019-12-11,30.538320541381836
2019-12-12,30.995046615600586
2019-12-13,31.028263092041016
2019-12-16,30.78329086303711
2019-12-17,31.04486846923828
2019-12-18,30.766681671142578
2019-12-19,30.866329193115234
2019-12-20,31.389488220214844
2019-12-23,31.713350296020508
2019-12-24,31.484987258911133
2019-12-25,31.31475257873535
2019-12-26,31.72165298461914
2019-12-27,31.7714786529541
2019-12-30,31.327207565307617
2020-01-03,31.659372329711914
2020-01-06,31.705045700073242
2020-01-08,31.555572509765625
2020-01-09,31.264928817749023
2020-01-10,30.70440101623535
2020-01-13,30.779138565063477
2020-01-14,30.708553314208984
2020-01-15,30.949373245239258
2020-01-16,30.928611755371094
2020-01-17,30.932764053344727
2020-01-20,30.691946029663086
2020-01-21,31.277385711669922
2020-01-22,30.725160598754883
2020-01-23,30.534168243408203
2020-01-24,30.334869384765625
2020-01-27,29.637325286865234
2020-01-28,29.67884635925293
2020-01-29,29.894752502441406
2020-01-30,29.59580421447754
2020-01-31,29.981945037841797
2020-02-03,28.81521987915039
2020-02-04,29.230424880981445
2020-02-05,28.89826011657715
2020-02-06,28.873348236083984
2020-02-07,29.064342498779297
2020-02-10,29.17644500732422
2020-02-11,29.396507263183594
2020-02-12,29.417266845703125
2020-02-13,29.354984283447266
2020-02-14,29.230424880981445
2020-02-17,29.50861167907715
2020-02-18,29.022823333740234
2020-02-19,29.31346321105957
2020-02-20,29.35913848876953
2020-02-21,29.363290786743164
2020-02-25,28.98130226135254
2020-02-26,28.86919403076172
2020-02-27,28.03048324584961
2020-02-28,27.212528228759766
2020-03-02,27.158554077148438
2020-03-03,27.345394134521484
2020-03-04,28.499664306640625
2020-03-05,27.988962173461914
2020-03-06,28.267148971557617
2020-03-10,31.489137649536133
2020-03-11,31.215105056762695
2020-03-12,30.779138565063477
2020-03-13,29.670541763305664
2020-03-16,29.670541763305664
2020-03-17,30.642122268676758
2020-03-18,30.642122268676758
2020-03-19,30.330718994140625
2020-03-20,29.653932571411133
2020-03-23,29.080951690673828
2020-03-24,29.230424880981445
2020-03-25,29.396507263183594
2020-03-26,29.807559967041016
2020-03-27,29.400657653808594
2020-03-30,30.725160598754883
2020-03-31,31.223407745361328
2020-04-01,31.389488220214844
2020-04-02,32.30294418334961
2020-04-03,32.05381393432617
2020-04-06,32.26972198486328
2020-04-07,31.115455627441406
2020-04-08,32.13685989379883
2020-04-09,31.7673282623291
2020-04-10,31.66352653503418
2020-04-13,31.264928817749023
2020-04-14,31.352123260498047
2020-04-15,30.517559051513672
2020-04-16,30.35563087463379
2020-04-17,30.721010208129883
2020-04-20,31.198495864868164
2020-04-21,30.766681671142578
2020-04-22,30.820661544799805
2020-04-23,30.80820083618164
2020-04-24,30.60059928894043
2020-04-27,30.2393741607666
2020-04-28,30.235219955444336
2020-04-29,30.44697380065918
2020-04-30,30.177091598510742
2020-05-04,30.11896324157715
2020-05-05,30.023466110229492
2020-05-06,29.803407669067383
2020-05-07,29.720367431640625
2020-05-08,29.74527931213379
2020-05-12,29.66638946533203
2020-05-13,29.47954750061035
2020-05-14,30.168790817260742
2020-05-15,29.853233337402344
2020-05-18,30.309955596923828
2020-05-19,30.351476669311523
2020-05-20,30.604753494262695
2020-05-21,29.907207489013672
2020-05-22,29.566740036010742
2020-05-25,30.47603988647461
2020-05-26,30.185394287109375
2020-05-27,30.197853088378906
2020-05-28,30.226917266845703
2020-05-29,29.404809951782227
2020-06-01,29.408964157104492
2020-06-02,29.59580421447754
2020-06-03,28.98130226135254
2020-06-04,28.611770629882812
2020-06-05,28.728029251098633
2020-06-08,28.35434341430664
2020-06-09,28.483055114746094
2020-06-10,28.923173904418945
2020-06-11,28.873348236083984
2020-06-15,28.682353973388672
2020-06-16,28.960540771484375
2020-06-17,28.885805130004883
2020-06-18,28.89826011657715
2020-06-19,29.00206184387207
2020-06-22,29.014516830444336
2020-06-23,29.205509185791016
2020-06-25,28.661592483520508
2020-06-26,28.794458389282227
2020-06-29,28.91486930847168
2020-06-30,29.188905715942383
2020-07-02,29.080951690673828
2020-07-03,29.529373168945312
2020-07-06,29.907207489013672
2020-07-07,29.82001495361328
2020-07-08,29.6456298828125
2020-07-09,29.93627166748047
2020-07-10,29.944578170776367
2020-07-13,29.790950775146484
2020-07-14,29.844926834106445
2020-07-15,29.998554229736328
2020-07-16,29.957033157348633
2020-07-17,30.912790298461914
2020-07-20,30.92132568359375
2020-07-21,30.8743896484375
2020-07-22,30.82318687438965
2020-07-23,30.626916885375977
2020-07-24,30.972524642944336
2020-07-27,31.258399963378906
2020-07-28,31.40346908569336
2020-07-29,31.817346572875977
2020-07-30,31.95815086364746
2020-07-31,32.017887115478516
2020-08-03,31.591209411621094
2020-08-04,31.29680061340332
2020-08-05,31.10479736328125
2020-08-06,31.228532791137695
2020-08-07,31.365070343017578
2020-08-10,31.43333625793457
2020-08-11,31.847213745117188
2020-08-12,32.37202835083008
2020-08-13,32.56403350830078
2020-08-14,32.26109313964844
2020-08-17,32.30802536010742
2020-08-18,32.278160095214844
2020-08-19,32.08615493774414
2020-08-20,31.95388412475586
2020-08-21,32.316558837890625
2020-08-24,32.16295623779297
2020-08-25,32.48723220825195
2020-08-26,32.913909912109375
2020-08-27,32.615234375
2020-08-28,32.03495407104492
2020-08-31,31.80027961730957
2020-09-01,31.727745056152344
2020-09-02,32.16295623779297
2020-09-03,31.63814353942871
2020-09-04,31.544273376464844
2020-09-07,31.74054527282715
2020-09-08,31.702146530151367
2020-09-09,32.08615493774414
2020-09-10,31.61254119873047
2020-09-11,31.659475326538086
2020-09-14,31.685077667236328
2020-09-15,31.992286682128906
2020-09-16,31.889881134033203
2020-09-17,32.043487548828125
2020-09-18,32.03495407104492
2020-09-21,32.043487548828125
2020-09-22,31.757612228393555
2020-09-23,31.83014678955078
2020-09-24,32.180023193359375
2020-09-25,32.48723220825195
2020-09-28,32.982177734375
2020-09-29,33.7075309753418
2020-09-30,33.515525817871094
2020-10-01,33.53685760498047
2020-10-02,33.95073699951172
2020-10-05,33.66912841796875
2020-10-06,33.61792755126953
2020-10-07,32.977909088134766
2020-10-08,32.99497985839844
2020-10-09,32.24402618408203
2020-10-12,32.45736312866211
2020-10-13,32.2397575378418
2020-10-14,32.7901725769043
2020-10-15,32.7901725769043
2020-10-16,32.7901725769043
2020-10-19,32.18429183959961
2020-10-20,31.9752197265625
2020-10-21,32.00934982299805
2020-10-22,31.98375129699707
2020-10-23,31.79601287841797
2020-10-26,31.791748046875
2020-10-27,31.672279357910156
2020-10-28,31.860013961791992
2020-10-29,31.659475326538086
2020-10-30,31.100528717041016
2020-11-02,31.727745056152344
2020-11-03,32.29949188232422
2020-11-05,32.500030517578125
2020-11-06,32.85417556762695
2020-11-09,32.781639099121094
2020-11-10,33.11444854736328
2020-11-11,32.7901725769043
2020-11-12,33.11017990112305
2020-11-13,33.442989349365234
2020-11-16,33.3405876159668
2020-11-17,33.1741828918457
2020-11-18,32.93950653076172
2020-11-19,33.00777816772461
2020-11-20,33.0632438659668
2020-11-23,33.285118103027344
2020-11-24,33.391788482666016
2020-11-25,33.762996673583984
2020-11-26,33.88673400878906
2020-11-27,34.23234558105469
2020-11-30,33.91659927368164
2020-12-01,34.04887390136719
2020-12-02,34.43288040161133
2020-12-03,34.104339599609375
2020-12-04,33.38325500488281
2020-12-07,33.464324951171875
2020-12-08,33.51125717163086
2020-12-09,33.22964859008789
2020-12-10,33.438724517822266
2020-12-11,34.10007095336914
2020-12-14,34.28354263305664
2020-12-15,34.262210845947266
2020-12-16,34.20674133300781
2020-12-17,33.98487091064453
2020-12-18,34.29207992553711
2020-12-21,34.79555892944336
2020-12-22,35.209434509277344
2020-12-23,35.26063537597656
2020-12-24,34.77849197387695
2020-12-25,35.07716369628906
2020-12-28,35.111297607421875
2020-12-29,35.5379753112793
2020-12-30,35.610511779785156
2021-01-04,36.067054748535156
2021-01-05,35.870784759521484
2021-01-06,35.78118133544922
2021-01-08,35.78118133544922
2021-01-11,36.13532638549805
2021-01-12,35.981719970703125
2021-01-13,36.04998779296875
2021-01-14,35.83665084838867
2021-01-15,35.76411437988281
2021-01-18,36.101192474365234
2021-01-19,35.64464569091797
2021-01-20,35.65317916870117
2021-01-21,35.22223663330078
2021-01-22,35.49104309082031
2021-01-25,35.50811004638672
2021-01-26,35.380104064941406
2021-01-27,35.17530059814453
2021-01-28,35.11983108520508
2021-01-29,34.202476501464844
2021-02-01,34.78275680541992
2021-02-02,34.91929244995117
2021-02-03,34.73582458496094
2021-02-04,34.85955810546875
2021-02-05,34.74862289428711
2021-02-08,34.7315559387207
2021-02-09,34.31767654418945
2021-02-10,34.287811279296875
2021-02-11,34.24514389038086
2021-02-12,34.30060958862305
2021-02-15,34.215274810791016
2021-02-16,34.1640739440918
2021-02-17,34.10860824584961
2021-02-18,33.96353530883789
2021-02-19,33.92513656616211
2021-02-22,33.869667053222656
2021-02-24,33.79286193847656
2021-02-25,33.60939025878906
2021-02-26,33.575260162353516
2021-03-01,33.90380096435547
2021-03-02,34.24514389038086
2021-03-03,34.287811279296875
2021-03-04,34.151275634765625
2021-03-05,34.053138732910156
2021-03-09,34.65902328491211
2021-03-10,34.60354995727539
2021-03-11,34.18540954589844
2021-03-12,34.496883392333984
2021-03-15,34.68461990356445
2021-03-16,34.55235290527344
2021-03-17,34.37741470336914
2021-03-18,34.202476501464844
2021-03-19,34.0915412902832
2021-03-22,34.215274810791016
2021-03-23,34.67182159423828
2021-03-24,34.61635208129883
2021-03-25,34.816890716552734
2021-03-26,35.38437271118164
2021-03-29,35.65317916870117
2021-03-30,35.427040100097656
2021-03-31,35.85798645019531
2021-04-01,36.190792083740234
2021-04-02,36.6558723449707
2021-04-05,36.2803955078125
2021-04-06,36.4724006652832
2021-04-07,36.57480239868164
2021-04-08,36.2889289855957
2021-04-09,36.0158576965332
2021-04-12,36.259063720703125
2021-04-13,36.22492599487305
2021-04-14,36.30173110961914
2021-04-15,36.442535400390625
2021-04-16,36.387062072753906
2021-04-19,36.323062896728516
2021-04-20,36.90761184692383
2021-04-21,37.214820861816406
2021-04-22,37.16361618041992
2021-04-23,36.690006256103516
2021-04-26,36.877742767333984
2021-04-27,36.86494445800781
2021-04-28,36.63026809692383
2021-04-29,36.54493713378906
2021-04-30,36.732669830322266
2021-05-04,36.80521011352539
2021-05-05,36.924678802490234
2021-05-06,37.26601791381836
2021-05-07,37.48362350463867
2021-05-10,37.73536682128906
2021-05-11,38.28151321411133
2021-05-12,38.31564712524414
2021-05-13,38.49485397338867
2021-05-14,38.2047119140625
2021-05-17,38.44364929199219
2021-05-18,38.78499221801758
2021-05-19,39.47194290161133
2021-05-20,39.27140426635742
2021-05-21,39.28847122192383
2021-05-24,39.642616271972656
2021-05-25,39.97115707397461
2021-05-26,39.561546325683594
2021-05-27,39.58287811279297
2021-05-28,39.57861328125
2021-05-31,39.791954040527344
2021-06-01,39.90288543701172
2021-06-02,39.97115707397461
2021-06-03,39.9540901184082
2021-06-04,39.87728500366211
2021-06-07,39.7620849609375
2021-06-08,39.73221969604492
2021-06-09,39.4932746887207
2021-06-10,39.23727035522461
2021-06-11,39.143402099609375
2021-06-14,39.78768539428711
2021-06-15,39.82181930541992
2021-06-16,39.757816314697266
2021-06-17,39.82181930541992
2021-06-18,39.39940643310547
2021-06-21,39.352474212646484
2021-06-22,39.61274719238281
2021-06-23,39.46767807006836
2021-06-24,39.331138610839844
2021-06-25,39.59141159057617
2021-06-28,39.58287811279297
2021-06-29,39.33967208862305
2021-06-30,39.51887893676758
2021-07-01,39.42927551269531
2021-07-02,39.484745025634766
2021-07-05,39.928489685058594
2021-07-06,41.05491638183594
2021-07-07,41.09758377075195
2021-07-08,40.37223434448242
2021-07-09,40.747711181640625
2021-07-12,40.89277648925781
2021-07-13,40.568504333496094
2021-07-14,40.12049102783203
2021-07-15,39.63407897949219
2021-07-16,39.10499954223633
2021-07-19,38.83000183105469
2021-07-20,38.130001068115234
2021-07-21,38.19499969482422
2021-07-22,38.25
2021-07-23,38.45500183105469
2021-07-26,38.255001068115234
2021-07-27,38.400001525878906
2021-07-28,38.16999816894531
2021-07-29,38.18000030517578
2021-07-30,38.1349983215332
2021-08-02,37.92499923706055
2021-08-03,37.84000015258789
2021-08-04,37.77000045776367
2021-08-05,37.56999969482422
2021-08-06,37.459999084472656
2021-08-09,37.755001068115234
2021-08-10,37.68000030517578
2021-08-11,37.904998779296875
2021-08-12,38.11000061035156
2021-08-13,37.90999984741211
2021-08-16,37.76499938964844
2021-08-17,37.81999969482422
2021-08-18,38.025001525878906
2021-08-19,38.10499954223633
2021-08-20,38.6150016784668
2021-08-23,38.900001525878906
2021-08-24,38.755001068115234
2021-08-25,38.369998931884766
2021-08-26,38.3849983215332
2021-08-27,38.41999816894531
2021-08-30,38.54499816894531
2021-08-31,38.70000076293945
2021-09-01,38.54999923706055
2021-09-02,38.380001068115234
2021-09-03,38.400001525878906
2021-09-06,38.349998474121094
2021-09-07,38.34000015258789
2021-09-08,38.400001525878906
2021-09-09,38.15999984741211
2021-09-10,38.05500030517578
2021-09-13,38.15999984741211
2021-09-14,38.1349983215332
2021-09-15,38.0
2021-09-16,37.959999084472656
2021-09-17,37.654998779296875
2021-09-20,37.64500045776367
2021-09-21,37.595001220703125
2021-09-22,38.06999969482422
2021-09-23,38.31999969482422
2021-09-24,38.685001373291016
2021-09-27,38.77000045776367
2021-09-28,39.13999938964844
2021-09-29,40.09000015258789
2021-09-30,40.099998474121094
2021-10-01,39.71500015258789
2021-10-04,39.404998779296875
2021-10-05,41.02000045776367
2021-10-06,40.904998779296875
2021-10-07,40.40999984741211
2021-10-08,40.27000045776367
2021-10-11,40.04999923706055
2021-10-12,40.404998779296875
2021-10-13,39.90999984741211
2021-10-14,39.709999084472656
2021-10-15,39.755001068115234
2021-10-18,39.26499938964844
2021-10-19,39.98500061035156
2021-10-20,39.59000015258789
2021-10-21,39.349998474121094
2021-10-22,38.6349983215332
2021-10-25,38.584999084472656
2021-10-26,38.67499923706055
2021-10-27,38.834999084472656
2021-10-28,38.564998626708984
2021-10-29,38.689998626708984
2021-11-01,38.599998474121094
2021-11-02,38.584999084472656
2021-11-03,38.28499984741211
2021-11-05,38.23500061035156
2021-11-08,38.60499954223633
2021-11-09,38.44499969482422
2021-11-10,38.2400016784668
2021-11-11,40.04999923706055
2021-11-12,40.56999969482422
2021-11-15,40.025001525878906
2021-11-16,39.900001525878906
2021-11-17,39.33000183105469
2021-11-18,38.90999984741211
2021-11-19,38.90999984741211
2021-11-22,38.630001068115234
2021-11-23,38.21500015258789
2021-11-24,38.46500015258789
2021-11-25,38.2599983215332
2021-11-26,38.060001373291016
2021-11-29,37.875
2021-11-30,37.630001068115234
2021-12-01,37.845001220703125
2021-12-02,38.07500076293945
2021-12-03,38.084999084472656
2021-12-06,38.26499938964844
2021-12-07,38.779998779296875
2021-12-08,38.07500076293945
2021-12-09,38.20000076293945
2021-12-10,38.1150016784668
2021-12-13,37.459999084472656
2021-12-14,36.79499816894531
2021-12-15,38.125
2021-12-16,38.4900016784668
2021-12-17,38.58000183105469
2021-12-20,38.48500061035156
2021-12-21,38.275001525878906
2021-12-22,38.1150016784668
2021-12-23,37.869998931884766
2021-12-24,38.040000915527344
2021-12-27,38.3849983215332
2021-12-28,38.244998931884766
2021-12-29,38.32500076293945
2021-12-30,38.45500183105469
