Date,YNDX
2016-01-04,1064.0999755859375
2016-01-05,1133.9000244140625
2016-01-06,1112.0
2016-01-11,987.0
2016-01-12,999.0
2016-01-13,1006.0
2016-01-14,1009.0
2016-01-15,954.0
2016-01-18,963.2999877929688
2016-01-19,954.0
2016-01-20,912.5
2016-01-21,1020.0
2016-01-22,1020.0
2016-01-25,1002.0999755859375
2016-01-26,1012.0
2016-01-27,1049.9000244140625
2016-01-28,1017.4000244140625
2016-01-29,1007.0
2016-02-01,1013.0
2016-02-02,1012.0
2016-02-03,1012.5
2016-02-04,1054.0
2016-02-05,1023.0
2016-02-08,986.0
2016-02-09,992.0
2016-02-10,998.0
2016-02-11,1007.0
2016-02-12,989.0
2016-02-15,1008.0
2016-02-16,1072.0
2016-02-17,1044.0
2016-02-18,1014.0
2016-02-19,989.0
2016-02-22,1002.5
2016-02-24,974.5
2016-02-25,982.0
2016-02-26,983.5
2016-02-29,978.0
2016-03-01,989.5
2016-03-02,1003.0
2016-03-03,1018.0
2016-03-04,999.0
2016-03-07,1020.0
2016-03-09,994.0
2016-03-10,978.5
2016-03-11,979.0
2016-03-14,1023.0
2016-03-15,1004.0
2016-03-16,1021.0
2016-03-17,1032.0
2016-03-18,1032.0
2016-03-21,1022.0
2016-03-22,1023.5
2016-03-23,1020.5
2016-03-24,1028.0
2016-03-25,1032.5
2016-03-28,1013.0
2016-03-29,1036.0
2016-03-30,1041.5
2016-03-31,1022.0
2016-04-01,1028.0
2016-04-04,1033.0
2016-04-05,1039.0
2016-04-06,1041.0
2016-04-07,1060.0
2016-04-08,1018.0
2016-04-11,1045.0
2016-04-12,1088.5
2016-04-13,1127.0
2016-04-14,1109.5
2016-04-15,1109.0
2016-04-18,1130.0
2016-04-19,1148.0
2016-04-20,1186.0
2016-04-21,1200.0
2016-04-22,1196.0
2016-04-25,1178.0
2016-04-26,1173.0
2016-04-27,1194.0
2016-04-28,1300.0
2016-04-29,1301.0
2016-05-04,1337.5
2016-05-05,1316.5
2016-05-06,1291.0
2016-05-10,1291.5
2016-05-11,1286.0
2016-05-12,1277.0
2016-05-13,1276.5
2016-05-16,1297.0
2016-05-17,1279.5
2016-05-18,1267.5
2016-05-19,1261.0
2016-05-20,1278.0
2016-05-23,1288.0
2016-05-24,1289.5
2016-05-25,1305.0
2016-05-26,1303.5
2016-05-27,1311.0
2016-05-30,1318.0
2016-05-31,1357.0
2016-06-01,1368.5
2016-06-02,1371.0
2016-06-03,1370.0
2016-06-06,1399.5
2016-06-07,1413.0
2016-06-08,1451.5
2016-06-09,1464.0
2016-06-10,1430.0
2016-06-14,1375.5
2016-06-15,1408.5
2016-06-16,1382.0
2016-06-17,1406.0
2016-06-20,1418.5
2016-06-21,1375.5
2016-06-22,1407.0
2016-06-23,1428.0
2016-06-24,1379.5
2016-06-27,1291.0
2016-06-28,1336.0
2016-06-29,1372.5
2016-06-30,1399.0
2016-07-01,1403.0
2016-07-04,1390.0
2016-07-05,1383.0
2016-07-06,1372.0
2016-07-07,1390.0
2016-07-08,1413.0
2016-07-11,1407.0
2016-07-12,1473.0
2016-07-13,1403.0
2016-07-14,1391.0
2016-07-15,1375.0
2016-07-18,1354.0
2016-07-19,1345.5
2016-07-20,1360.0
2016-07-21,1376.0
2016-07-22,1387.5
2016-07-25,1379.5
2016-07-26,1404.0
2016-07-27,1419.0
2016-07-28,1485.5
2016-07-29,1442.0
2016-08-01,1439.0
2016-08-02,1416.0
2016-08-03,1409.0
2016-08-04,1417.0
2016-08-05,1429.0
2016-08-08,1420.0
2016-08-09,1447.0
2016-08-10,1447.0
2016-08-11,1485.0
2016-08-12,1506.0
2016-08-15,1498.0
2016-08-16,1491.0
2016-08-17,1456.0
2016-08-18,1451.0
2016-08-19,1445.5
2016-08-22,1441.0
2016-08-23,1449.0
2016-08-24,1453.0
2016-08-25,1444.5
2016-08-26,1447.0
2016-08-29,1440.0
2016-08-30,1437.5
2016-08-31,1428.0
2016-09-01,1464.0
2016-09-02,1463.0
2016-09-05,1455.5
2016-09-06,1441.0
2016-09-07,1418.0
2016-09-08,1409.0
2016-09-09,1370.0
2016-09-12,1350.0
2016-09-13,1326.0
2016-09-14,1321.5
2016-09-15,1319.5
2016-09-16,1335.0
2016-09-19,1341.0
2016-09-20,1341.0
2016-09-21,1348.5
2016-09-22,1401.0
2016-09-23,1398.5
2016-09-26,1370.0
2016-09-27,1353.0
2016-09-28,1355.0
2016-09-29,1353.0
2016-09-30,1341.0
2016-10-03,1356.0
2016-10-04,1346.0
2016-10-05,1371.0
2016-10-06,1376.5
2016-10-07,1367.0
2016-10-10,1352.5
2016-10-11,1350.5
2016-10-12,1290.0
2016-10-13,1231.0
2016-10-14,1212.0
2016-10-17,1186.0
2016-10-18,1228.5
2016-10-19,1238.5
2016-10-20,1234.0
2016-10-21,1213.5
2016-10-24,1221.0
2016-10-25,1222.5
2016-10-26,1194.5
2016-10-27,1261.0
2016-10-28,1270.0
2016-10-31,1256.0
2016-11-01,1243.5
2016-11-02,1212.0
2016-11-03,1190.0
2016-11-07,1196.0
2016-11-08,1197.0
2016-11-09,1234.0
2016-11-10,1240.5
2016-11-11,1225.0
2016-11-14,1195.0
2016-11-15,1170.0
2016-11-16,1164.0
2016-11-17,1150.0
2016-11-18,1203.5
2016-11-21,1201.0
2016-11-22,1177.0
2016-11-23,1228.0
2016-11-24,1228.5
2016-11-25,1221.5
2016-11-28,1213.0
2016-11-29,1215.0
2016-11-30,1201.5
2016-12-01,1217.0
2016-12-02,1197.5
2016-12-05,1199.0
2016-12-06,1231.0
2016-12-07,1243.0
2016-12-08,1252.0
2016-12-09,1248.0
2016-12-12,1240.0
2016-12-13,1277.0
2016-12-14,1282.5
2016-12-15,1292.0
2016-12-16,1263.0
2016-12-19,1255.0
2016-12-20,1267.0
2016-12-21,1245.0
2016-12-22,1246.0
2016-12-23,1256.0
2016-12-26,1245.0
2016-12-27,1237.0
2016-12-28,1228.0
2016-12-29,1241.0
2016-12-30,1247.5
2017-01-03,1241.0
2017-01-04,1240.0
2017-01-05,1252.0
2017-01-06,1291.0
2017-01-09,1317.0
2017-01-10,1319.5
2017-01-11,1299.0
2017-01-12,1271.5
2017-01-13,1286.5
2017-01-16,1305.0
2017-01-17,1303.0
2017-01-18,1299.0
2017-01-19,1307.0
2017-01-20,1315.0
2017-01-23,1295.0
2017-01-24,1349.0
2017-01-25,1381.0
2017-01-26,1411.0
2017-01-27,1418.5
2017-01-30,1370.0
2017-01-31,1379.0
2017-02-01,1384.0
2017-02-02,1370.0
2017-02-03,1387.0
2017-02-06,1357.5
2017-02-07,1382.0
2017-02-08,1350.0
2017-02-09,1356.5
2017-02-10,1345.0
2017-02-13,1335.0
2017-02-14,1312.0
2017-02-15,1316.0
2017-02-16,1401.0
2017-02-17,1425.0
2017-02-20,1425.0
2017-02-21,1395.0
2017-02-22,1398.5
2017-02-24,1368.5
2017-02-27,1354.0
2017-02-28,1330.0
2017-03-01,1334.0
2017-03-02,1358.5
2017-03-03,1370.0
2017-03-06,1359.0
2017-03-07,1364.0
2017-03-09,1359.5
2017-03-10,1360.0
2017-03-13,1366.5
2017-03-14,1357.0
2017-03-15,1341.0
2017-03-16,1375.0
2017-03-17,1354.0
2017-03-20,1348.0
2017-03-21,1311.0
2017-03-22,1291.0
2017-03-23,1288.0
2017-03-24,1280.5
2017-03-27,1261.0
2017-03-28,1277.5
2017-03-29,1262.0
2017-03-30,1247.5
2017-03-31,1245.5
2017-04-03,1242.0
2017-04-04,1239.0
2017-04-05,1298.0
2017-04-06,1289.0
2017-04-07,1260.0
2017-04-10,1249.5
2017-04-11,1250.5
2017-04-12,1284.0
2017-04-13,1289.0
2017-04-14,1268.5
2017-04-17,1367.5
2017-04-18,1336.5
2017-04-19,1331.5
2017-04-20,1328.0
2017-04-21,1310.0
2017-04-24,1317.0
2017-04-25,1338.0
2017-04-26,1404.0
2017-04-27,1520.0
2017-04-28,1534.5
2017-05-02,1549.0
2017-05-03,1528.0
2017-05-04,1581.0
2017-05-05,1570.0
2017-05-10,1590.0
2017-05-11,1562.5
2017-05-12,1592.0
2017-05-15,1619.0
2017-05-16,1611.0
2017-05-17,1608.0
2017-05-18,1565.0
2017-05-19,1611.5
2017-05-22,1608.0
2017-05-23,1611.5
2017-05-24,1611.0
2017-05-25,1584.0
2017-05-26,1568.0
2017-05-29,1573.5
2017-05-30,1552.0
2017-05-31,1505.0
2017-06-01,1520.0
2017-06-02,1478.0
2017-06-05,1525.0
2017-06-06,1524.5
2017-06-07,1527.0
2017-06-08,1519.0
2017-06-09,1541.5
2017-06-13,1480.0
2017-06-14,1482.5
2017-06-15,1495.5
2017-06-16,1464.5
2017-06-19,1541.0
2017-06-20,1554.0
2017-06-21,1584.0
2017-06-22,1618.0
2017-06-23,1616.5
2017-06-26,1608.0
2017-06-27,1582.5
2017-06-28,1612.0
2017-06-29,1588.0
2017-06-30,1536.0
2017-07-03,1558.0
2017-07-04,1569.5
2017-07-05,1558.5
2017-07-06,1564.5
2017-07-07,1581.0
2017-07-10,1596.0
2017-07-11,1612.0
2017-07-12,1632.0
2017-07-13,1898.5
2017-07-14,1867.0
2017-07-17,1866.0
2017-07-18,1867.0
2017-07-19,1849.0
2017-07-20,1845.0
2017-07-21,1858.0
2017-07-24,1916.0
2017-07-25,1906.0
2017-07-26,1899.5
2017-07-27,1888.5
2017-07-28,1754.5
2017-07-31,1743.0
2017-08-01,1748.0
2017-08-02,1719.0
2017-08-03,1744.0
2017-08-04,1770.5
2017-08-07,1795.5
2017-08-08,1792.5
2017-08-09,1835.5
2017-08-10,1786.0
2017-08-11,1731.5
2017-08-14,1765.5
2017-08-15,1798.0
2017-08-16,1818.0
2017-08-17,1832.0
2017-08-18,1785.0
2017-08-21,1769.0
2017-08-22,1756.0
2017-08-23,1765.0
2017-08-24,1768.0
2017-08-25,1757.0
2017-08-28,1725.5
2017-08-29,1743.0
2017-08-30,1728.5
2017-08-31,1752.0
2017-09-01,1820.0
2017-09-04,1833.0
2017-09-05,1868.5
2017-09-06,1843.0
2017-09-07,1820.0
2017-09-08,1865.5
2017-09-11,1867.0
2017-09-12,1903.5
2017-09-13,1876.0
2017-09-14,1858.0
2017-09-15,1895.0
2017-09-18,1895.0
2017-09-19,1873.0
2017-09-20,1872.0
2017-09-21,1872.0
2017-09-22,1922.0
2017-09-25,1853.0
2017-09-26,1848.0
2017-09-27,1867.0
2017-09-28,1856.0
2017-09-29,1873.0
2017-10-02,1906.5
2017-10-03,1961.0
2017-10-04,1942.5
2017-10-05,1925.0
2017-10-06,1893.0
2017-10-09,1920.0
2017-10-10,1840.0
2017-10-11,1855.5
2017-10-12,1863.0
2017-10-13,1858.0
2017-10-16,1832.0
2017-10-17,1833.0
2017-10-18,1852.0
2017-10-19,1839.5
2017-10-20,1796.0
2017-10-23,1799.0
2017-10-24,1889.0
2017-10-25,1855.0
2017-10-26,1896.0
2017-10-27,1917.5
2017-10-30,1898.0
2017-10-31,1950.0
2017-11-01,1991.5
2017-11-02,1932.0
2017-11-03,1965.0
2017-11-07,1950.5
2017-11-08,1935.5
2017-11-09,1890.0
2017-11-10,1856.5
2017-11-13,1860.0
2017-11-14,1890.0
2017-11-15,1873.0
2017-11-16,1925.5
2017-11-17,1949.5
2017-11-20,2002.5
2017-11-21,2038.0
2017-11-22,1975.0
2017-11-23,1987.5
2017-11-24,2025.0
2017-11-27,2017.0
2017-11-28,1991.5
2017-11-29,1957.0
2017-11-30,1940.5
2017-12-01,1931.5
2017-12-04,1907.0
2017-12-05,1899.0
2017-12-06,1900.0
2017-12-07,1949.5
2017-12-08,1957.0
2017-12-11,1997.5
2017-12-12,1954.0
2017-12-13,1938.0
2017-12-14,1919.0
2017-12-15,1895.0
2017-12-18,1892.0
2017-12-19,1902.0
2017-12-20,1873.5
2017-12-21,1884.0
2017-12-22,1832.0
2017-12-25,1847.0
2017-12-26,1840.0
2017-12-27,1865.0
2017-12-28,1883.5
2017-12-29,1894.0
2018-01-03,1943.5
2018-01-04,1978.0
2018-01-05,1942.5
2018-01-09,1963.0
2018-01-10,1972.0
2018-01-11,1965.0
2018-01-12,1955.0
2018-01-15,1970.0
2018-01-16,1992.5
2018-01-17,2035.0
2018-01-18,2099.0
2018-01-19,2098.5
2018-01-22,2118.5
2018-01-24,2138.0
2018-01-25,2134.0
2018-01-26,2176.0
2018-01-29,2197.5
2018-01-30,2153.5
2018-01-31,2179.0
2018-02-01,2202.0
2018-02-02,2150.0
2018-02-05,2150.0
2018-02-06,2054.0
2018-02-07,2140.5
2018-02-08,2159.0
2018-02-09,2086.5
2018-02-12,2127.0
2018-02-13,2135.0
2018-02-14,2200.0
2018-02-15,2283.5
2018-02-16,2371.5
2018-02-19,2416.5
2018-02-20,2413.0
2018-02-21,2473.5
2018-02-22,2438.0
2018-02-26,2382.0
2018-02-27,2386.0
2018-02-28,2343.5
2018-03-01,2304.5
2018-03-02,2280.5
2018-03-05,2347.5
2018-03-06,2389.5
2018-03-07,2427.5
2018-03-09,2490.5
2018-03-12,2450.0
2018-03-13,2415.0
2018-03-14,2430.5
2018-03-15,2444.0
2018-03-16,2436.0
2018-03-19,2426.0
2018-03-20,2453.0
2018-03-21,2497.5
2018-03-22,2385.0
2018-03-23,2385.5
2018-03-26,2324.5
2018-03-27,2364.0
2018-03-28,2265.0
2018-03-29,2314.0
2018-03-30,2287.0
2018-04-02,2253.0
2018-04-03,2260.0
2018-04-04,2228.0
2018-04-05,2315.0
2018-04-06,2310.5
2018-04-09,2134.0
2018-04-10,2169.0
2018-04-11,2240.0
2018-04-12,2157.0
2018-04-13,2083.5
2018-04-16,2020.5
2018-04-17,2103.5
2018-04-18,2142.0
2018-04-19,2096.5
2018-04-20,2082.0
2018-04-23,2140.5
2018-04-24,2105.5
2018-04-25,2025.0
2018-04-26,2061.0
2018-04-27,2015.5
2018-04-30,2097.5
2018-05-02,2215.0
2018-05-03,2130.5
2018-05-04,2107.0
2018-05-07,2152.5
2018-05-08,2127.5
2018-05-10,2190.0
2018-05-11,2202.0
2018-05-14,2186.0
2018-05-15,2118.5
2018-05-16,2118.0
2018-05-17,2131.0
2018-05-18,2114.0
2018-05-21,2149.5
2018-05-22,2122.5
2018-05-23,2086.5
2018-05-24,2094.0
2018-05-25,2089.5
2018-05-28,2102.5
2018-05-29,2070.0
2018-05-30,2065.5
2018-05-31,2076.5
2018-06-01,2137.0
2018-06-04,2163.5
2018-06-05,2230.0
2018-06-06,2214.0
2018-06-07,2175.0
2018-06-08,2142.0
2018-06-11,2192.5
2018-06-13,2290.5
2018-06-14,2292.0
2018-06-15,2268.0
2018-06-18,2287.0
2018-06-19,2295.0
2018-06-20,2301.5
2018-06-21,2270.5
2018-06-22,2217.0
2018-06-25,2177.0
2018-06-26,2185.0
2018-06-27,2227.5
2018-06-28,2193.5
2018-06-29,2244.0
2018-07-02,2253.5
2018-07-03,2254.0
2018-07-04,2236.0
2018-07-05,2226.0
2018-07-06,2315.0
2018-07-09,2320.5
2018-07-10,2311.5
2018-07-11,2303.0
2018-07-12,2345.0
2018-07-13,2380.5
2018-07-16,2323.0
2018-07-17,2420.0
2018-07-18,2398.5
2018-07-19,2381.0
2018-07-20,2329.5
2018-07-23,2333.0
2018-07-24,2377.0
2018-07-25,2391.5
2018-07-26,2430.0
2018-07-27,2388.0
2018-07-30,2242.5
2018-07-31,2250.0
2018-08-01,2272.0
2018-08-02,2237.0
2018-08-03,2252.5
2018-08-06,2230.5
2018-08-07,2272.5
2018-08-08,2185.0
2018-08-09,2132.0
2018-08-10,2128.0
2018-08-13,2152.5
2018-08-14,2150.0
2018-08-15,2091.0
2018-08-16,2123.5
2018-08-17,2099.0
2018-08-20,2133.5
2018-08-21,2164.0
2018-08-22,2137.0
2018-08-23,2120.0
2018-08-24,2115.0
2018-08-27,2151.0
2018-08-28,2153.5
2018-08-29,2168.5
2018-08-30,2142.0
2018-08-31,2150.0
2018-09-03,2179.5
2018-09-04,2168.0
2018-09-05,2125.0
2018-09-06,2105.5
2018-09-07,2098.5
2018-09-10,2111.5
2018-09-11,2094.5
2018-09-12,2066.5
2018-09-13,2132.0
2018-09-14,2187.0
2018-09-17,2148.0
2018-09-18,2144.5
2018-09-19,2145.0
2018-09-20,2174.5
2018-09-21,2204.0
2018-09-24,2193.5
2018-09-25,2213.0
2018-09-26,2216.0
2018-09-27,2185.0
2018-09-28,2160.5
2018-10-01,2134.0
2018-10-02,2136.5
2018-10-03,2172.5
2018-10-04,2157.5
2018-10-05,2143.0
2018-10-08,2170.5
2018-10-09,2220.0
2018-10-10,2146.0
2018-10-11,2118.0
2018-10-12,2140.0
2018-10-15,2178.0
2018-10-16,2307.0
2018-10-17,2310.0
2018-10-18,2235.0
2018-10-19,1790.0
2018-10-22,1755.0
2018-10-23,1754.5
2018-10-24,1781.0
2018-10-25,1777.0
2018-10-26,1746.5
2018-10-29,1859.5
2018-10-30,1843.0
2018-10-31,1916.5
2018-11-01,1999.0
2018-11-02,1995.0
2018-11-06,2002.0
2018-11-07,1995.0
2018-11-08,1982.0
2018-11-09,1921.5
2018-11-12,1886.0
2018-11-13,1903.5
2018-11-14,1940.0
2018-11-15,1920.0
2018-11-16,1916.0
2018-11-19,1924.5
2018-11-20,1902.0
2018-11-21,1909.0
2018-11-22,1921.0
2018-11-23,1898.5
2018-11-26,1920.0
2018-11-27,1945.0
2018-11-28,1945.5
2018-11-29,1967.5
2018-11-30,1965.0
2018-12-03,1989.0
2018-12-04,1957.5
2018-12-05,1955.0
2018-12-06,1914.0
2018-12-07,1912.5
2018-12-10,1903.0
2018-12-11,1869.5
2018-12-12,1871.5
2018-12-13,1888.0
2018-12-14,1860.5
2018-12-17,1869.0
2018-12-18,1856.0
2018-12-19,1894.0
2018-12-20,1864.0
2018-12-21,1860.5
2018-12-24,1840.5
2018-12-25,1828.0
2018-12-26,1832.0
2018-12-27,1880.0
2018-12-28,1916.0
2019-01-03,1859.5
2019-01-04,1916.0
2019-01-08,1926.5
2019-01-09,1960.0
2019-01-10,1985.0
2019-01-11,1983.0
2019-01-14,1992.5
2019-01-15,1999.5
2019-01-16,1980.0
2019-01-17,1993.5
2019-01-18,2044.5
2019-01-21,2044.5
2019-01-22,2051.0
2019-01-23,2060.0
2019-01-24,2083.0
2019-01-25,2152.0
2019-01-28,2167.0
2019-01-29,2152.0
2019-01-30,2157.0
2019-01-31,2212.0
2019-02-01,2197.199951171875
2019-02-04,2212.0
2019-02-05,2250.800048828125
2019-02-06,2244.0
2019-02-07,2192.199951171875
2019-02-08,2163.39990234375
2019-02-11,2196.0
2019-02-12,2230.0
2019-02-13,2258.0
2019-02-14,2264.0
2019-02-15,2200.199951171875
2019-02-18,2161.0
2019-02-19,2126.60009765625
2019-02-20,2166.199951171875
2019-02-21,2115.0
2019-02-22,2133.0
2019-02-25,2214.60009765625
2019-02-26,2169.60009765625
2019-02-27,2163.0
2019-02-28,2208.0
2019-03-01,2247.39990234375
2019-03-04,2303.60009765625
2019-03-05,2340.199951171875
2019-03-06,2362.0
2019-03-07,2329.199951171875
2019-03-11,2355.39990234375
2019-03-12,2353.0
2019-03-13,2340.0
2019-03-14,2317.0
2019-03-15,2346.0
2019-03-18,2324.0
2019-03-19,2320.0
2019-03-20,2303.60009765625
2019-03-21,2271.800048828125
2019-03-22,2276.39990234375
2019-03-25,2298.39990234375
2019-03-26,2308.0
2019-03-27,2286.60009765625
2019-03-28,2316.0
2019-03-29,2285.0
2019-04-01,2242.0
2019-04-02,2246.60009765625
2019-04-03,2268.199951171875
2019-04-04,2283.0
2019-04-05,2291.60009765625
2019-04-08,2299.0
2019-04-09,2338.0
2019-04-10,2348.39990234375
2019-04-11,2431.60009765625
2019-04-12,2431.60009765625
2019-04-15,2453.0
2019-04-16,2499.800048828125
2019-04-17,2451.0
2019-04-18,2383.199951171875
2019-04-19,2415.199951171875
2019-04-22,2400.0
2019-04-23,2412.800048828125
2019-04-24,2410.60009765625
2019-04-25,2407.60009765625
2019-04-26,2389.0
2019-04-29,2406.0
2019-04-30,2391.0
2019-05-02,2413.0
2019-05-03,2414.0
2019-05-06,2407.0
2019-05-07,2388.60009765625
2019-05-08,2379.0
2019-05-10,2340.0
2019-05-13,2286.60009765625
2019-05-14,2289.39990234375
2019-05-15,2314.800048828125
2019-05-16,2400.0
2019-05-17,2425.0
2019-05-20,2407.800048828125
2019-05-21,2392.39990234375
2019-05-22,2424.800048828125
2019-05-23,2365.0
2019-05-24,2383.39990234375
2019-05-27,2404.60009765625
2019-05-28,2280.199951171875
2019-05-29,2350.199951171875
2019-05-30,2379.60009765625
2019-05-31,2336.60009765625
2019-06-03,2319.0
2019-06-04,2341.0
2019-06-05,2355.39990234375
2019-06-06,2386.39990234375
2019-06-07,2418.60009765625
2019-06-10,2435.0
2019-06-11,2494.800048828125
2019-06-13,2492.0
2019-06-14,2465.0
2019-06-17,2455.800048828125
2019-06-18,2480.199951171875
2019-06-19,2470.199951171875
2019-06-20,2492.800048828125
2019-06-21,2468.39990234375
2019-06-24,2452.60009765625
2019-06-25,2424.60009765625
2019-06-26,2391.60009765625
2019-06-27,2410.0
2019-06-28,2405.39990234375
2019-07-01,2482.39990234375
2019-07-02,2491.199951171875
2019-07-03,2505.39990234375
2019-07-04,2494.800048828125
2019-07-05,2481.39990234375
2019-07-08,2465.0
2019-07-09,2478.0
2019-07-10,2500.199951171875
2019-07-11,2495.0
2019-07-12,2573.0
2019-07-15,2546.39990234375
2019-07-16,2542.60009765625
2019-07-17,2509.199951171875
2019-07-18,2489.800048828125
2019-07-19,2518.0
2019-07-22,2486.0
2019-07-23,2482.800048828125
2019-07-24,2507.0
2019-07-25,2461.60009765625
2019-07-26,2520.0
2019-07-29,2441.0
2019-07-30,2480.39990234375
2019-07-31,2490.0
2019-08-01,2550.60009765625
2019-08-02,2470.0
2019-08-05,2369.60009765625
2019-08-06,2413.0
2019-08-07,2428.800048828125
2019-08-08,2413.199951171875
2019-08-09,2405.0
2019-08-12,2410.0
2019-08-13,2428.0
2019-08-14,2374.0
2019-08-15,2365.39990234375
2019-08-16,2394.0
2019-08-19,2424.0
2019-08-20,2438.39990234375
2019-08-21,2421.199951171875
2019-08-22,2399.0
2019-08-23,2391.0
2019-08-26,2394.39990234375
2019-08-27,2429.800048828125
2019-08-28,2434.0
2019-08-29,2441.0
2019-08-30,2462.800048828125
2019-09-02,2469.800048828125
2019-09-03,2487.0
2019-09-04,2487.0
2019-09-05,2509.199951171875
2019-09-06,2503.60009765625
2019-09-09,2466.0
2019-09-10,2450.199951171875
2019-09-11,2466.199951171875
2019-09-12,2457.0
2019-09-13,2453.0
2019-09-16,2447.60009765625
2019-09-17,2438.39990234375
2019-09-18,2432.0
2019-09-19,2407.39990234375
2019-09-20,2350.199951171875
2019-09-23,2342.199951171875
2019-09-24,2301.39990234375
2019-09-25,2322.39990234375
2019-09-26,2319.60009765625
2019-09-27,2315.800048828125
2019-09-30,2263.39990234375
2019-10-01,2287.0
2019-10-02,2250.0
2019-10-03,2265.0
2019-10-04,2274.39990234375
2019-10-07,2284.199951171875
2019-10-08,2295.199951171875
2019-10-09,2312.0
2019-10-10,2327.0
2019-10-11,1898.0
2019-10-14,1969.4000244140625
2019-10-15,1986.5999755859375
2019-10-16,1950.5999755859375
2019-10-17,1924.0
2019-10-18,1934.0
2019-10-21,2061.0
2019-10-22,2054.60009765625
2019-10-23,2046.5999755859375
2019-10-24,2090.199951171875
2019-10-25,2064.0
2019-10-28,2118.39990234375
2019-10-29,2134.39990234375
2019-10-30,2156.0
2019-10-31,2125.800048828125
2019-11-01,2138.0
2019-11-05,2171.39990234375
2019-11-06,2191.0
2019-11-07,2187.800048828125
2019-11-08,2184.800048828125
2019-11-11,2179.60009765625
2019-11-12,2184.0
2019-11-13,2173.800048828125
2019-11-14,2186.39990234375
2019-11-15,2267.0
2019-11-18,2525.199951171875
2019-11-19,2510.0
2019-11-20,2514.39990234375
2019-11-21,2549.0
2019-11-22,2566.199951171875
2019-11-25,2629.0
2019-11-26,2635.800048828125
2019-11-27,2668.0
2019-11-28,2624.60009765625
2019-11-29,2693.0
2019-12-02,2620.60009765625
2019-12-03,2599.0
2019-12-04,2607.39990234375
2019-12-05,2568.39990234375
2019-12-06,2570.39990234375
2019-12-09,2584.0
2019-12-10,2588.0
2019-12-11,2595.0
2019-12-12,2628.0
2019-12-13,2662.800048828125
2019-12-16,2690.0
2019-12-17,2660.0
2019-12-18,2625.0
2019-12-19,2623.199951171875
2019-12-20,2680.0
2019-12-23,2699.800048828125
2019-12-24,2688.0
2019-12-25,2687.0
2019-12-26,2713.0
2019-12-27,2736.0
2019-12-30,2697.0
2020-01-03,2685.0
2020-01-06,2672.0
2020-01-08,2677.0
2020-01-09,2728.39990234375
2020-01-10,2725.0
2020-01-13,2703.39990234375
2020-01-14,2685.0
2020-01-15,2690.0
2020-01-16,2719.800048828125
2020-01-17,2772.800048828125
2020-01-20,2800.0
2020-01-21,2770.0
2020-01-22,2790.0
2020-01-23,2820.199951171875
2020-01-24,2798.0
2020-01-27,2780.0
2020-01-28,2799.800048828125
2020-01-29,2890.0
2020-01-30,2888.0
2020-01-31,2873.39990234375
2020-02-03,2880.60009765625
2020-02-04,2990.0
2020-02-05,3008.199951171875
2020-02-06,3048.199951171875
2020-02-07,3103.800048828125
2020-02-10,3087.199951171875
2020-02-11,3085.0
2020-02-12,3037.199951171875
2020-02-13,3087.39990234375
2020-02-14,3011.0
2020-02-17,2983.60009765625
2020-02-18,2937.0
2020-02-19,2953.0
2020-02-20,2988.39990234375
2020-02-21,2911.800048828125
2020-02-25,2681.800048828125
2020-02-26,2690.800048828125
2020-02-27,2678.199951171875
2020-02-28,2659.800048828125
2020-03-02,2721.39990234375
2020-03-03,2723.0
2020-03-04,2654.199951171875
2020-03-05,2728.199951171875
2020-03-06,2685.0
2020-03-10,2590.0
2020-03-11,2615.0
2020-03-12,2460.0
2020-03-13,2460.0
2020-03-16,2460.0
2020-03-17,2425.0
2020-03-18,2318.800048828125
2020-03-19,2434.0
2020-03-20,2455.199951171875
2020-03-23,2299.800048828125
2020-03-24,2459.0
2020-03-25,2555.800048828125
2020-03-26,2610.0
2020-03-27,2597.0
2020-03-30,2670.199951171875
2020-03-31,2714.39990234375
2020-04-01,2605.800048828125
2020-04-02,2550.800048828125
2020-04-03,2520.0
2020-04-06,2582.0
2020-04-07,2668.0
2020-04-08,2742.60009765625
2020-04-09,2697.199951171875
2020-04-10,2701.0
2020-04-13,2659.0
2020-04-14,2755.60009765625
2020-04-15,2588.199951171875
2020-04-16,2637.800048828125
2020-04-17,2630.39990234375
2020-04-20,2736.39990234375
2020-04-21,2659.199951171875
2020-04-22,2655.0
2020-04-23,2640.60009765625
2020-04-24,2621.0
2020-04-27,2715.0
2020-04-28,2754.800048828125
2020-04-29,2870.0
2020-04-30,2850.800048828125
2020-05-04,2828.800048828125
2020-05-05,2842.199951171875
2020-05-06,2864.0
2020-05-07,2910.199951171875
2020-05-08,2975.199951171875
2020-05-12,2977.0
2020-05-13,2893.39990234375
2020-05-14,2821.800048828125
2020-05-15,2839.60009765625
2020-05-18,2945.0
2020-05-19,2970.0
2020-05-20,2964.60009765625
2020-05-21,2910.800048828125
2020-05-22,2905.0
2020-05-25,2960.60009765625
2020-05-26,2913.199951171875
2020-05-27,2826.0
2020-05-28,2888.0
2020-05-29,2833.199951171875
2020-06-01,2846.0
2020-06-02,2837.800048828125
2020-06-03,2867.60009765625
2020-06-04,2861.60009765625
2020-06-05,2884.0
2020-06-08,2873.199951171875
2020-06-09,2902.0
2020-06-10,2885.0
2020-06-11,2850.0
2020-06-15,2967.39990234375
2020-06-16,3009.0
2020-06-17,3068.199951171875
2020-06-18,3108.0
2020-06-19,3155.0
2020-06-22,3250.39990234375
2020-06-23,3364.800048828125
2020-06-25,3477.0
2020-06-26,3442.800048828125
2020-06-29,3469.199951171875
2020-06-30,3525.0
2020-07-02,3546.199951171875
2020-07-03,3539.60009765625
2020-07-06,3671.39990234375
2020-07-07,3593.800048828125
2020-07-08,3563.39990234375
2020-07-09,3603.39990234375
2020-07-10,3602.0
2020-07-13,3692.60009765625
2020-07-14,3706.60009765625
2020-07-15,3841.39990234375
2020-07-16,3821.800048828125
2020-07-17,3910.0
2020-07-20,3989.39990234375
2020-07-21,3957.39990234375
2020-07-22,3993.39990234375
2020-07-23,3994.800048828125
2020-07-24,4012.0
2020-07-27,4090.0
2020-07-28,4122.0
2020-07-29,4177.60009765625
2020-07-30,4127.2001953125
2020-07-31,4232.7998046875
2020-08-03,4303.0
2020-08-04,4317.0
2020-08-05,4315.39990234375
2020-08-06,4396.0
2020-08-07,4393.0
2020-08-10,4231.7998046875
2020-08-11,4234.2001953125
2020-08-12,4300.0
2020-08-13,4397.39990234375
2020-08-14,4379.0
2020-08-17,4482.39990234375
2020-08-18,4491.7998046875
2020-08-19,4594.0
2020-08-20,4657.2001953125
2020-08-21,4758.39990234375
2020-08-24,4825.0
2020-08-25,4986.7998046875
2020-08-26,4986.2001953125
2020-08-27,4835.7998046875
2020-08-28,4846.0
2020-08-31,5139.7998046875
2020-09-01,4987.0
2020-09-02,4991.2001953125
2020-09-03,4961.39990234375
2020-09-04,4824.0
2020-09-07,4986.7998046875
2020-09-08,4724.2001953125
2020-09-09,4710.0
2020-09-10,4665.7998046875
2020-09-11,4643.0
2020-09-14,4705.2001953125
2020-09-15,4680.2001953125
2020-09-16,4652.7998046875
2020-09-17,4536.7998046875
2020-09-18,4586.0
2020-09-21,4509.2001953125
2020-09-22,4538.60009765625
2020-09-23,5041.0
2020-09-24,4856.60009765625
2020-09-25,4906.2001953125
2020-09-28,5059.0
2020-09-29,5077.0
2020-09-30,5062.60009765625
2020-10-01,4944.60009765625
2020-10-02,4941.7998046875
2020-10-05,4990.0
2020-10-06,4918.7998046875
2020-10-07,4753.0
2020-10-08,4744.2001953125
2020-10-09,4713.0
2020-10-12,4725.0
2020-10-13,4810.0
2020-10-14,4808.0
2020-10-15,4808.0
2020-10-16,4808.0
2020-10-19,4527.2001953125
2020-10-20,4398.0
2020-10-21,4381.60009765625
2020-10-22,4398.7998046875
2020-10-23,4463.0
2020-10-26,4460.60009765625
2020-10-27,4603.2001953125
2020-10-28,4562.0
2020-10-29,4621.60009765625
2020-10-30,4527.7998046875
2020-11-02,4620.0
2020-11-03,4569.39990234375
2020-11-05,4854.2001953125
2020-11-06,4885.0
2020-11-09,4995.7998046875
2020-11-10,4739.0
2020-11-11,4741.0
2020-11-12,4744.2001953125
2020-11-13,4766.0
2020-11-16,4754.0
2020-11-17,4665.0
2020-11-18,4683.39990234375
2020-11-19,4696.7998046875
2020-11-20,4789.39990234375
2020-11-23,4693.60009765625
2020-11-24,4904.2001953125
2020-11-25,4917.39990234375
2020-11-26,5025.2001953125
2020-11-27,5073.0
2020-11-30,5283.0
2020-12-01,5273.0
2020-12-02,5201.39990234375
2020-12-03,5153.39990234375
2020-12-04,5100.0
2020-12-07,4978.39990234375
2020-12-08,5063.60009765625
2020-12-09,5167.0
2020-12-10,5112.7998046875
2020-12-11,5149.7998046875
2020-12-14,5061.39990234375
2020-12-15,5072.2001953125
2020-12-16,5179.7998046875
2020-12-17,5135.2001953125
2020-12-18,5154.60009765625
2020-12-21,5054.2001953125
2020-12-22,5055.0
2020-12-23,5108.0
2020-12-24,5000.0
2020-12-25,5048.0
2020-12-28,5013.0
2020-12-29,5044.60009765625
2020-12-30,5157.2001953125
2021-01-04,5158.60009765625
2021-01-05,5285.39990234375
2021-01-06,5228.2001953125
2021-01-08,5228.2001953125
2021-01-11,5204.60009765625
2021-01-12,5137.7998046875
2021-01-13,5109.7998046875
2021-01-14,5041.39990234375
2021-01-15,5025.0
2021-01-18,5034.0
2021-01-19,5010.2001953125
2021-01-20,5080.0
2021-01-21,5010.0
2021-01-22,5017.0
2021-01-25,4942.0
2021-01-26,4921.2001953125
2021-01-27,4848.60009765625
2021-01-28,4866.7998046875
2021-01-29,4781.39990234375
2021-02-01,4793.2001953125
2021-02-02,4958.60009765625
2021-02-03,4925.0
2021-02-04,4957.0
2021-02-05,4971.0
2021-02-08,5066.0
2021-02-09,5102.39990234375
2021-02-10,5339.60009765625
2021-02-11,5379.0
2021-02-12,5450.0
2021-02-15,5444.39990234375
2021-02-16,5422.39990234375
2021-02-17,5247.39990234375
2021-02-18,5036.39990234375
2021-02-19,5084.39990234375
2021-02-22,4937.7998046875
2021-02-24,4943.60009765625
2021-02-25,4924.7998046875
2021-02-26,4824.60009765625
2021-03-01,4946.7998046875
2021-03-02,5021.0
2021-03-03,5034.7998046875
2021-03-04,4827.39990234375
2021-03-05,4635.39990234375
2021-03-09,4663.60009765625
2021-03-10,4715.0
2021-03-11,4865.2001953125
2021-03-12,4856.60009765625
2021-03-15,5002.0
2021-03-16,5161.0
2021-03-17,4988.39990234375
2021-03-18,4900.2001953125
2021-03-19,4920.0
2021-03-22,4903.0
2021-03-23,4907.60009765625
2021-03-24,4888.39990234375
2021-03-25,4709.60009765625
2021-03-26,4752.39990234375
2021-03-29,4771.2001953125
2021-03-30,4779.2001953125
2021-03-31,4895.0
2021-04-01,4941.2001953125
2021-04-02,4947.2001953125
2021-04-05,4929.2001953125
2021-04-06,4952.0
2021-04-07,4846.60009765625
2021-04-08,4897.60009765625
2021-04-09,4822.7998046875
2021-04-12,4822.2001953125
2021-04-13,4646.39990234375
2021-04-14,4675.60009765625
2021-04-15,4654.60009765625
2021-04-16,4689.7998046875
2021-04-19,4668.39990234375
2021-04-20,4662.39990234375
2021-04-21,4639.39990234375
2021-04-22,4631.60009765625
2021-04-23,4529.60009765625
2021-04-26,4677.0
2021-04-27,4742.7998046875
2021-04-28,4805.0
2021-04-29,4978.7998046875
2021-04-30,4957.0
2021-05-04,4765.0
2021-05-05,4912.2001953125
2021-05-06,4824.60009765625
2021-05-07,4823.7998046875
2021-05-10,4757.2001953125
2021-05-11,4661.39990234375
2021-05-12,4591.39990234375
2021-05-13,4627.0
2021-05-14,4673.39990234375
2021-05-17,4677.60009765625
2021-05-18,4790.39990234375
2021-05-19,4719.39990234375
2021-05-20,4723.2001953125
2021-05-21,4759.39990234375
2021-05-24,4874.39990234375
2021-05-25,4905.0
2021-05-26,4996.0
2021-05-27,4992.0
2021-05-28,4970.2001953125
2021-05-31,4936.7998046875
2021-06-01,4923.60009765625
2021-06-02,4977.60009765625
2021-06-03,4897.0
2021-06-04,4932.0
2021-06-07,4918.39990234375
2021-06-08,4888.60009765625
2021-06-09,5008.60009765625
2021-06-10,4981.60009765625
2021-06-11,5057.39990234375
2021-06-14,5070.0
2021-06-15,4966.39990234375
2021-06-16,4926.7998046875
2021-06-17,5017.39990234375
2021-06-18,5068.7998046875
2021-06-21,5033.39990234375
2021-06-22,4999.60009765625
2021-06-23,4996.39990234375
2021-06-24,5066.2001953125
2021-06-25,5080.0
2021-06-28,5084.7998046875
2021-06-29,5105.0
2021-06-30,5194.60009765625
2021-07-01,5144.39990234375
2021-07-02,5198.39990234375
2021-07-05,5212.0
2021-07-06,5225.0
2021-07-07,5383.0
2021-07-08,5329.2001953125
2021-07-09,5230.0
2021-07-12,5279.0
2021-07-13,5276.0
2021-07-14,5201.7998046875
2021-07-15,5188.2001953125
2021-07-16,5168.60009765625
2021-07-19,5087.7998046875
2021-07-20,5117.0
2021-07-21,5132.2001953125
2021-07-22,5153.7998046875
2021-07-23,5148.0
2021-07-26,5177.0
2021-07-27,5009.7998046875
2021-07-28,5078.60009765625
2021-07-29,5036.2001953125
2021-07-30,4975.60009765625
2021-08-02,4980.0
2021-08-03,4921.39990234375
2021-08-04,4961.60009765625
2021-08-05,5022.0
2021-08-06,4929.60009765625
2021-08-09,4992.0
2021-08-10,4957.7998046875
2021-08-11,5043.0
2021-08-12,4990.0
2021-08-13,4971.7998046875
2021-08-16,5074.7998046875
2021-08-17,5096.0
2021-08-18,5070.7998046875
2021-08-19,5095.7998046875
2021-08-20,5054.39990234375
2021-08-23,5090.0
2021-08-24,5143.7998046875
2021-08-25,5128.7998046875
2021-08-26,5186.7998046875
2021-08-27,5309.7998046875
2021-08-30,5355.2001953125
2021-08-31,5577.0
2021-09-01,5725.2001953125
2021-09-02,5733.7998046875
2021-09-03,5697.7998046875
2021-09-06,5852.0
2021-09-07,5714.7998046875
2021-09-08,5675.0
2021-09-09,5727.0
2021-09-10,5877.7998046875
2021-09-13,5903.0
2021-09-14,5966.39990234375
2021-09-15,5885.0
2021-09-16,5903.60009765625
2021-09-17,5867.2001953125
2021-09-20,5810.39990234375
2021-09-21,5752.0
2021-09-22,5753.0
2021-09-23,5837.0
2021-09-24,5815.60009765625
2021-09-27,5945.60009765625
2021-09-28,5810.0
2021-09-29,5777.2001953125
2021-09-30,5795.7998046875
2021-10-01,5787.0
2021-10-04,5557.2001953125
2021-10-05,5608.60009765625
2021-10-06,5570.39990234375
2021-10-07,5738.0
2021-10-08,5677.2001953125
2021-10-11,5691.0
2021-10-12,5581.60009765625
2021-10-13,5562.0
2021-10-14,5530.0
2021-10-15,5450.39990234375
2021-10-18,5453.7998046875
2021-10-19,5463.0
2021-10-20,5458.7998046875
2021-10-21,5391.39990234375
2021-10-22,5336.39990234375
2021-10-25,5402.0
2021-10-26,5339.60009765625
2021-10-27,5615.0
2021-10-28,5835.39990234375
2021-10-29,5838.0
2021-11-01,5890.0
2021-11-02,5934.39990234375
2021-11-03,6014.7998046875
2021-11-05,6124.60009765625
2021-11-08,6190.39990234375
2021-11-09,6037.60009765625
2021-11-10,5951.0
2021-11-11,6003.0
2021-11-12,5934.0
2021-11-15,5937.0
2021-11-16,5949.2001953125
2021-11-17,5944.60009765625
2021-11-18,5949.7998046875
2021-11-19,6034.60009765625
2021-11-22,5558.0
2021-11-23,5629.60009765625
2021-11-24,5528.7998046875
2021-11-25,5550.7998046875
2021-11-26,5332.7998046875
2021-11-29,5392.0
2021-11-30,5328.7998046875
2021-12-01,5398.39990234375
2021-12-02,5270.0
2021-12-03,5166.39990234375
2021-12-06,5020.39990234375
2021-12-07,5099.0
2021-12-08,4935.60009765625
2021-12-09,4904.60009765625
2021-12-10,4699.2001953125
2021-12-13,4564.7998046875
2021-12-14,4588.0
2021-12-15,4490.60009765625
2021-12-16,4643.7998046875
2021-12-17,4688.0
2021-12-20,4501.0
2021-12-21,4569.60009765625
2021-12-22,4557.7998046875
2021-12-23,4406.39990234375
2021-12-24,4438.7998046875
2021-12-27,4454.0
2021-12-28,4488.39990234375
2021-12-29,4404.60009765625
2021-12-30,4527.0
